row_id,split,gender,nationality,placeofbirth,stageid,gradeid,sectionid,topic,semester,relation,raisedhands,visitedresources,announcementsview,discussion,parentansweringsurvey,parentschoolsatisfaction,studentabsencedays,target
xapi_edu_1401,train,F,KW,KuwaIT,MiddleSchool,G-06,A,Quran,S,Father,70,40,2,16,No,Bad,Above-7,L
xapi_edu_1012,test,F,KW,KuwaIT,HighSchool,G-12,A,English,F,Father,20,14,12,70,No,Bad,Above-7,L
xapi_edu_1010,train,M,Iran,Iran,lowerlevel,G-02,B,French,S,Mum,20,22,53,13,No,Good,Above-7,L
xapi_edu_1428,train,F,KW,USA,HighSchool,G-11,A,Quran,S,Mum,70,80,95,70,Yes,Good,Under-7,H
xapi_edu_0016,valid,F,KW,KuwaIT,lowerlevel,G-04,A,History,S,Father,80,97,86,95,Yes,Good,Under-7,M
xapi_edu_0971,train,M,KW,KuwaIT,HighSchool,G-12,A,English,F,Mum,12,50,8,30,No,Bad,Above-7,L
xapi_edu_1952,train,M,KW,KuwaIT,lowerlevel,G-04,A,IT,F,Father,30,25,5,35,No,Bad,Above-7,L
xapi_edu_1925,train,M,KW,KuwaIT,lowerlevel,G-02,C,IT,F,Father,60,60,3,60,No,Bad,Under-7,M
xapi_edu_0082,train,F,SaudiArabia,USA,HighSchool,G-11,B,Science,S,Father,100,91,98,40,Yes,Bad,Under-7,H
xapi_edu_1191,train,M,Jordan,SaudiArabia,MiddleSchool,G-08,A,Chemistry,S,Father,11,2,9,49,No,Bad,Above-7,L
xapi_edu_1908,train,F,Jordan,USA,lowerlevel,G-02,B,French,S,Mum,60,82,93,43,No,Bad,Above-7,M
xapi_edu_0787,valid,M,KW,KuwaIT,MiddleSchool,G-07,B,Science,F,Mum,8,6,4,22,Yes,Good,Above-7,L
xapi_edu_1608,train,M,Jordan,Jordan,lowerlevel,G-04,A,Science,S,Father,22,34,15,9,No,Bad,Above-7,L
xapi_edu_0233,test,M,KW,KuwaIT,lowerlevel,G-02,B,IT,F,Father,2,5,3,50,No,Bad,Above-7,L
xapi_edu_1071,train,F,KW,KuwaIT,MiddleSchool,G-08,B,Arabic,S,Father,22,51,42,40,Yes,Bad,Under-7,M
xapi_edu_0878,train,M,KW,KuwaIT,lowerlevel,G-02,B,French,S,Mum,60,52,23,33,Yes,Good,Under-7,H
xapi_edu_1287,train,F,lebanon,lebanon,MiddleSchool,G-07,A,Quran,S,Mum,100,75,50,70,Yes,Good,Under-7,H
xapi_edu_1555,train,F,Jordan,Jordan,MiddleSchool,G-08,A,Chemistry,F,Mum,82,89,22,31,Yes,Good,Under-7,H
xapi_edu_0777,valid,F,Iraq,Iraq,MiddleSchool,G-07,A,Biology,F,Mum,86,98,50,20,Yes,Good,Under-7,H
xapi_edu_0627,train,F,Jordan,Jordan,lowerlevel,G-02,A,Arabic,S,Father,5,9,19,98,No,Bad,Above-7,L
xapi_edu_0570,test,M,KW,KuwaIT,lowerlevel,G-04,A,IT,F,Father,30,25,5,35,No,Bad,Above-7,L
xapi_edu_0585,valid,F,Jordan,Jordan,lowerlevel,G-02,B,French,S,Father,50,62,73,43,Yes,Bad,Above-7,M
xapi_edu_1774,valid,M,KW,KuwaIT,lowerlevel,G-02,B,French,S,Mum,60,52,23,33,Yes,Good,Under-7,H
xapi_edu_0454,train,M,Jordan,Jordan,lowerlevel,G-02,A,French,S,Father,35,2,29,33,No,Good,Above-7,L
xapi_edu_0972,train,M,Jordan,SaudiArabia,MiddleSchool,G-08,A,Chemistry,S,Father,11,2,9,49,No,Bad,Above-7,L
xapi_edu_1900,test,M,Egypt,KuwaIT,MiddleSchool,G-07,B,Science,S,Father,12,20,38,46,No,Bad,Above-7,M
xapi_edu_0422,train,M,SaudiArabia,SaudiArabia,HighSchool,G-11,A,Quran,S,Father,80,80,51,59,Yes,Good,Under-7,H
xapi_edu_1566,train,M,Tunis,Tunis,MiddleSchool,G-08,C,Spanish,S,Father,7,61,22,14,No,Bad,Above-7,L
xapi_edu_1306,train,F,Jordan,Jordan,MiddleSchool,G-08,A,Chemistry,S,Father,19,98,20,2,Yes,Good,Under-7,H
xapi_edu_0839,test,F,KW,KuwaIT,MiddleSchool,G-07,B,IT,F,Father,10,12,4,80,No,Bad,Under-7,M
xapi_edu_1748,train,M,KW,KuwaIT,MiddleSchool,G-07,A,Quran,S,Father,80,90,55,19,Yes,Good,Under-7,H
xapi_edu_1312,test,M,Jordan,Jordan,lowerlevel,G-02,B,French,F,Father,32,88,32,25,Yes,Good,Under-7,M
xapi_edu_1780,train,M,KW,KuwaIT,MiddleSchool,G-07,A,Math,F,Father,8,15,10,40,Yes,Bad,Under-7,L
xapi_edu_0866,valid,F,Jordan,Jordan,lowerlevel,G-04,B,Science,F,Father,15,50,24,43,Yes,Bad,Under-7,M
xapi_edu_1130,train,F,Jordan,Jordan,lowerlevel,G-02,A,French,F,Mum,60,97,13,3,Yes,Good,Under-7,H
xapi_edu_1570,train,F,Jordan,Jordan,lowerlevel,G-04,B,Science,F,Mum,55,79,44,43,Yes,Good,Under-7,H
xapi_edu_1096,train,M,Iraq,Iraq,MiddleSchool,G-08,A,Chemistry,S,Father,80,90,80,83,Yes,Good,Under-7,H
xapi_edu_1663,train,M,KW,KuwaIT,MiddleSchool,G-08,A,Arabic,S,Mum,95,91,62,53,Yes,Good,Under-7,M
xapi_edu_0470,train,F,KW,KuwaIT,lowerlevel,G-04,A,History,S,Mum,21,27,52,34,Yes,Good,Above-7,M
xapi_edu_1171,test,F,Jordan,Jordan,MiddleSchool,G-08,A,Geology,S,Father,29,78,40,12,Yes,Good,Above-7,M
xapi_edu_0002,train,M,Jordan,Jordan,lowerlevel,G-04,A,Science,S,Father,32,14,32,29,No,Good,Above-7,M
xapi_edu_0726,train,M,Jordan,Jordan,MiddleSchool,G-08,A,History,F,Mum,69,77,76,75,Yes,Good,Above-7,M
xapi_edu_1124,train,F,Jordan,Jordan,lowerlevel,G-02,B,French,F,Mum,14,97,15,14,No,Good,Under-7,H
xapi_edu_0340,train,M,KW,KuwaIT,lowerlevel,G-02,B,French,S,Mum,51,82,53,43,No,Bad,Under-7,M
xapi_edu_1526,train,F,KW,KuwaIT,lowerlevel,G-07,A,IT,F,Father,2,19,10,50,Yes,Good,Above-7,L
xapi_edu_1532,train,M,KW,KuwaIT,MiddleSchool,G-07,A,Math,F,Father,5,2,6,5,Yes,Good,Above-7,L
xapi_edu_1562,test,M,Tunis,SaudiArabia,MiddleSchool,G-07,A,Quran,S,Father,70,75,55,11,Yes,Bad,Under-7,M
xapi_edu_0596,train,F,Jordan,Jordan,MiddleSchool,G-06,A,English,S,Mum,81,79,91,85,Yes,Good,Under-7,H
xapi_edu_1221,test,M,KW,KuwaIT,MiddleSchool,G-08,B,Arabic,S,Father,25,5,12,33,Yes,Good,Under-7,M
xapi_edu_0250,train,F,KW,KuwaIT,MiddleSchool,G-07,B,Science,S,Mum,72,80,58,66,Yes,Good,Above-7,M
xapi_edu_1763,test,M,Jordan,Jordan,MiddleSchool,G-07,A,Biology,S,Father,65,89,64,82,No,Good,Under-7,H
xapi_edu_0611,valid,M,Syria,Syria,MiddleSchool,G-07,A,Quran,F,Father,19,72,15,50,Yes,Good,Above-7,M
xapi_edu_0015,train,M,KW,KuwaIT,lowerlevel,G-02,B,French,S,Mum,60,52,23,33,No,Good,Under-7,M
xapi_edu_0527,train,F,Jordan,Jordan,MiddleSchool,G-08,A,Chemistry,F,Father,2,7,4,8,No,Bad,Above-7,L
xapi_edu_1321,valid,F,Egypt,Egypt,MiddleSchool,G-07,A,Quran,S,Mum,70,80,95,70,Yes,Good,Under-7,H
xapi_edu_0657,train,M,KW,KuwaIT,MiddleSchool,G-08,C,Spanish,S,Father,17,21,42,14,Yes,Good,Under-7,M
xapi_edu_0489,valid,M,KW,KuwaIT,lowerlevel,G-02,A,IT,F,Father,8,25,1,70,No,Bad,Above-7,L
xapi_edu_1474,train,M,KW,KuwaIT,MiddleSchool,G-08,A,Arabic,S,Father,15,43,42,33,Yes,Good,Under-7,M
xapi_edu_1792,train,F,Jordan,Jordan,lowerlevel,G-04,A,Science,S,Mum,72,74,82,89,No,Good,Under-7,H
xapi_edu_0132,valid,F,Jordan,Jordan,lowerlevel,G-02,B,French,F,Mum,14,97,15,14,No,Good,Under-7,H
xapi_edu_0043,train,M,Egypt,Egypt,MiddleSchool,G-07,B,Science,S,Mum,92,80,88,76,Yes,Good,Under-7,H
xapi_edu_0935,train,M,Jordan,Jordan,lowerlevel,G-04,B,Science,F,Father,25,29,34,33,No,Good,Above-7,M
xapi_edu_0514,test,M,Syria,Syria,lowerlevel,G-02,B,French,S,Mum,20,52,23,33,Yes,Good,Above-7,L
xapi_edu_0931,train,F,Iraq,Iraq,lowerlevel,G-02,B,Arabic,F,Mum,89,92,40,28,Yes,Good,Under-7,H
xapi_edu_1591,train,F,KW,KuwaIT,HighSchool,G-12,A,English,F,Father,29,39,50,77,Yes,Good,Under-7,M
xapi_edu_1450,train,M,KW,KuwaIT,lowerlevel,G-02,B,IT,F,Father,1,7,6,10,No,Bad,Above-7,L
xapi_edu_0862,test,F,Palestine,Jordan,lowerlevel,G-02,A,Arabic,S,Mum,75,81,51,34,No,Good,Under-7,H
xapi_edu_0179,train,M,Tunis,Tunis,MiddleSchool,G-08,C,Spanish,S,Father,7,61,22,14,No,Bad,Above-7,L
xapi_edu_0397,train,M,KW,KuwaIT,lowerlevel,G-02,C,IT,F,Father,77,80,51,80,No,Good,Under-7,M
xapi_edu_1025,valid,F,Palestine,Jordan,lowerlevel,G-02,B,French,S,Father,79,89,11,14,No,Good,Under-7,M
xapi_edu_1978,test,M,KW,KuwaIT,MiddleSchool,G-07,B,Science,F,Mum,8,6,4,22,Yes,Good,Above-7,L
xapi_edu_0765,train,M,Jordan,Jordan,MiddleSchool,G-06,A,English,F,Father,40,38,32,36,No,Bad,Above-7,M
xapi_edu_1332,train,M,Iraq,Iraq,MiddleSchool,G-08,A,Chemistry,F,Father,90,91,80,81,Yes,Good,Under-7,H
xapi_edu_0568,train,M,Jordan,Jordan,lowerlevel,G-02,B,French,S,Mum,35,92,29,33,No,Bad,Under-7,M
xapi_edu_0922,valid,F,USA,USA,MiddleSchool,G-07,A,Math,F,Father,27,22,22,40,No,Good,Under-7,M
xapi_edu_1412,train,M,KW,KuwaIT,MiddleSchool,G-07,B,IT,F,Father,12,0,6,13,No,Bad,Under-7,L
xapi_edu_0227,test,F,Jordan,Jordan,MiddleSchool,G-08,A,Geology,F,Father,50,77,14,28,No,Bad,Under-7,M
xapi_edu_1737,valid,M,Iraq,Iraq,lowerlevel,G-02,A,Arabic,F,Father,80,95,21,28,Yes,Good,Under-7,H
xapi_edu_1486,test,M,KW,KuwaIT,MiddleSchool,G-08,A,Science,F,Father,75,85,52,43,Yes,Good,Under-7,M
xapi_edu_1708,train,F,Jordan,Palestine,lowerlevel,G-02,A,French,F,Mum,80,77,63,83,Yes,Good,Under-7,M
xapi_edu_0639,train,M,KW,KuwaIT,MiddleSchool,G-06,A,IT,F,Father,0,0,0,4,No,Bad,Above-7,L
xapi_edu_1611,train,M,Jordan,SaudiArabia,lowerlevel,G-02,B,Arabic,F,Mum,4,10,11,7,No,Good,Above-7,L
xapi_edu_0729,train,M,Jordan,Jordan,lowerlevel,G-04,A,Science,S,Father,32,14,32,29,No,Good,Above-7,M
xapi_edu_1242,train,M,KW,KuwaIT,MiddleSchool,G-08,B,Spanish,S,Mum,87,81,22,70,Yes,Bad,Under-7,H
xapi_edu_0254,valid,M,Palestine,Jordan,MiddleSchool,G-07,B,Biology,F,Father,78,80,66,51,Yes,Good,Under-7,M
xapi_edu_0316,train,F,Palestine,Jordan,lowerlevel,G-02,B,French,S,Father,79,89,11,14,No,Good,Under-7,M
xapi_edu_0337,train,F,lebanon,lebanon,MiddleSchool,G-06,A,English,F,Mum,95,82,82,70,Yes,Good,Under-7,H
xapi_edu_0246,valid,M,Jordan,Jordan,lowerlevel,G-02,A,Arabic,S,Father,35,2,29,23,No,Bad,Under-7,M
xapi_edu_1347,train,F,Jordan,Jordan,lowerlevel,G-02,B,French,F,Mum,10,94,40,11,Yes,Good,Under-7,M
xapi_edu_0863,train,M,Jordan,Jordan,lowerlevel,G-04,A,Science,F,Father,18,17,26,34,No,Good,Above-7,M
xapi_edu_0347,train,F,Jordan,Jordan,lowerlevel,G-02,B,French,S,Mum,25,89,21,13,Yes,Good,Under-7,M
xapi_edu_1890,train,F,KW,KuwaIT,HighSchool,G-12,A,English,F,Father,25,10,19,30,No,Bad,Above-7,M
xapi_edu_1324,train,F,Jordan,Jordan,lowerlevel,G-04,A,Science,F,Father,49,36,32,44,No,Bad,Above-7,L
xapi_edu_1431,train,F,lebanon,lebanon,MiddleSchool,G-07,B,Math,F,Mum,80,90,49,55,Yes,Bad,Under-7,H
xapi_edu_1365,valid,M,KW,KuwaIT,MiddleSchool,G-08,A,Spanish,S,Father,5,3,2,10,Yes,Good,Under-7,L
xapi_edu_0437,train,F,Jordan,Jordan,lowerlevel,G-04,B,Science,F,Father,15,50,24,43,Yes,Bad,Under-7,M
xapi_edu_0988,train,M,Palestine,Jordan,MiddleSchool,G-06,A,English,F,Mum,71,70,65,69,Yes,Good,Under-7,M
xapi_edu_0628,train,F,KW,KuwaIT,MiddleSchool,G-08,A,Arabic,S,Father,80,71,52,51,Yes,Good,Under-7,M
xapi_edu_1342,valid,M,Jordan,Jordan,MiddleSchool,G-08,A,Geology,F,Mum,80,81,71,30,Yes,Good,Under-7,M
xapi_edu_0271,valid,F,Jordan,Jordan,MiddleSchool,G-08,A,History,F,Father,30,17,14,57,No,Bad,Above-7,L
xapi_edu_1279,train,F,lebanon,lebanon,MiddleSchool,G-07,B,Math,F,Mum,80,90,49,55,Yes,Bad,Under-7,H
xapi_edu_0552,valid,F,lebanon,lebanon,lowerlevel,G-02,B,IT,F,Father,70,98,7,5,Yes,Good,Under-7,M
xapi_edu_1338,train,F,KW,KuwaIT,lowerlevel,G-02,B,IT,F,Father,50,70,19,15,Yes,Good,Under-7,H
xapi_edu_0731,valid,M,Jordan,Jordan,MiddleSchool,G-07,B,Biology,F,Father,50,79,10,31,No,Bad,Under-7,M
xapi_edu_1445,train,M,KW,KuwaIT,lowerlevel,G-04,A,IT,F,Father,15,16,2,20,Yes,Good,Under-7,M
xapi_edu_1243,train,F,KW,KuwaIT,MiddleSchool,G-08,A,Arabic,F,Father,35,80,50,70,Yes,Good,Under-7,H
xapi_edu_1201,train,M,Lybia,Lybia,lowerlevel,G-02,B,French,F,Mum,20,3,9,3,No,Good,Above-7,L
xapi_edu_0164,train,F,Lybia,Lybia,MiddleSchool,G-07,B,Biology,F,Mum,10,9,2,1,No,Good,Above-7,L
xapi_edu_0107,train,M,Iraq,Iraq,MiddleSchool,G-07,B,Biology,F,Father,98,90,86,71,Yes,Good,Under-7,H
xapi_edu_0119,train,F,Jordan,Jordan,MiddleSchool,G-08,A,Chemistry,F,Father,15,9,14,80,No,Bad,Above-7,L
xapi_edu_0456,valid,M,Tunis,Tunis,HighSchool,G-11,B,Science,S,Father,70,50,33,40,No,Good,Under-7,M
xapi_edu_0291,test,M,KW,KuwaIT,lowerlevel,G-02,B,IT,F,Father,7,4,10,50,No,Good,Above-7,M
xapi_edu_1936,train,M,Palestine,Jordan,MiddleSchool,G-06,A,English,S,Mum,92,31,42,27,Yes,Good,Under-7,H
xapi_edu_0686,train,M,Palestine,Jordan,MiddleSchool,G-06,A,English,S,Mum,75,71,76,80,Yes,Good,Under-7,M
xapi_edu_1835,test,F,Jordan,Jordan,lowerlevel,G-04,A,Science,S,Mum,72,74,82,89,No,Good,Under-7,H
xapi_edu_1301,train,M,Jordan,Jordan,lowerlevel,G-02,A,Arabic,S,Father,10,98,41,38,Yes,Good,Above-7,M
xapi_edu_1717,train,F,Jordan,Jordan,lowerlevel,G-02,B,French,S,Mum,24,97,15,14,No,Good,Under-7,H
xapi_edu_0176,train,F,Jordan,Jordan,lowerlevel,G-02,B,French,F,Mum,13,82,20,30,No,Good,Under-7,H
xapi_edu_0783,test,F,lebanon,lebanon,MiddleSchool,G-06,A,English,F,Mum,95,82,82,70,Yes,Good,Under-7,H
xapi_edu_0142,train,F,KW,KuwaIT,lowerlevel,G-02,B,IT,F,Father,2,6,2,8,No,Bad,Above-7,L
xapi_edu_0735,train,F,SaudiArabia,SaudiArabia,MiddleSchool,G-08,B,Arabic,S,Mum,72,51,42,24,Yes,Bad,Above-7,H
xapi_edu_1468,train,M,KW,KuwaIT,MiddleSchool,G-08,C,Spanish,S,Mum,57,51,46,34,Yes,Good,Under-7,M
xapi_edu_1793,train,M,Jordan,Jordan,lowerlevel,G-02,A,Arabic,S,Father,10,58,51,48,Yes,Good,Above-7,M
xapi_edu_0817,train,F,KW,KuwaIT,lowerlevel,G-04,A,IT,F,Father,42,30,13,70,Yes,Bad,Above-7,M
xapi_edu_0029,train,F,Palestine,Palestine,lowerlevel,G-04,A,Science,F,Mum,90,86,82,74,Yes,Good,Under-7,H
xapi_edu_0757,valid,M,Jordan,SaudiArabia,MiddleSchool,G-08,A,Geology,S,Father,87,79,73,98,No,Bad,Under-7,M
xapi_edu_1149,test,F,Jordan,Jordan,MiddleSchool,G-06,A,English,F,Mum,95,94,72,80,No,Good,Under-7,H
xapi_edu_1251,test,M,Jordan,Jordan,lowerlevel,G-04,A,Science,S,Father,32,14,32,29,No,Good,Above-7,M
xapi_edu_1876,train,F,Palestine,Jordan,lowerlevel,G-02,B,French,F,Father,78,98,10,11,No,Good,Under-7,M
xapi_edu_1492,train,M,KW,KuwaIT,lowerlevel,G-04,A,English,S,Father,59,97,42,70,Yes,Good,Under-7,H
xapi_edu_0064,train,F,KW,KuwaIT,MiddleSchool,G-06,A,Math,S,Father,87,48,82,96,No,Bad,Above-7,M
xapi_edu_0653,train,M,Jordan,Palestine,MiddleSchool,G-07,A,Biology,F,Mum,78,91,50,40,Yes,Good,Under-7,H
xapi_edu_0052,train,M,KW,KuwaIT,lowerlevel,G-02,B,IT,F,Father,7,4,10,50,No,Good,Above-7,M
xapi_edu_0822,train,F,lebanon,lebanon,lowerlevel,G-02,B,French,S,Mum,75,90,51,17,Yes,Good,Under-7,H
xapi_edu_0608,train,M,Jordan,Jordan,lowerlevel,G-02,B,Arabic,F,Mum,15,90,21,97,Yes,Good,Under-7,M
xapi_edu_1374,test,F,Palestine,Jordan,lowerlevel,G-02,A,Arabic,S,Mum,75,81,51,34,No,Good,Under-7,H
xapi_edu_1572,valid,M,KW,KuwaIT,lowerlevel,G-02,B,French,S,Mum,51,82,53,43,No,Bad,Under-7,M
xapi_edu_0101,train,F,Jordan,Jordan,lowerlevel,G-02,B,French,S,Mum,70,82,3,73,No,Bad,Under-7,H
xapi_edu_1425,test,M,Jordan,Jordan,lowerlevel,G-02,A,Arabic,S,Father,10,98,41,38,Yes,Good,Above-7,M
xapi_edu_0041,test,M,Jordan,SaudiArabia,MiddleSchool,G-08,C,Spanish,S,Mum,27,90,82,14,Yes,Good,Under-7,H
xapi_edu_0575,valid,F,Jordan,Jordan,lowerlevel,G-02,B,French,F,Mum,10,94,40,11,Yes,Good,Under-7,M
xapi_edu_1459,train,F,Egypt,Egypt,MiddleSchool,G-07,A,Quran,S,Mum,70,80,95,70,Yes,Good,Under-7,H
xapi_edu_0586,valid,F,KW,KuwaIT,HighSchool,G-12,A,English,F,Mum,13,80,40,88,Yes,Good,Under-7,H
xapi_edu_1679,test,M,KW,KuwaIT,MiddleSchool,G-07,B,Science,S,Mum,32,60,58,66,Yes,Good,Above-7,M
xapi_edu_1990,train,M,Jordan,Jordan,MiddleSchool,G-08,A,Geology,F,Mum,89,87,86,15,Yes,Good,Under-7,M
xapi_edu_1599,train,F,Jordan,Jordan,lowerlevel,G-02,B,French,S,Mum,70,82,3,73,No,Bad,Under-7,H
xapi_edu_0992,train,M,Iraq,Iraq,MiddleSchool,G-08,A,Geology,F,Father,80,83,82,71,Yes,Good,Above-7,M
xapi_edu_0181,train,M,KW,KuwaIT,MiddleSchool,G-07,B,Science,S,Father,12,8,18,26,No,Bad,Above-7,L
xapi_edu_0593,train,M,Jordan,Jordan,lowerlevel,G-02,B,French,S,Mum,35,92,29,33,No,Bad,Under-7,M
xapi_edu_0770,train,M,Palestine,Jordan,MiddleSchool,G-06,A,English,S,Mum,92,31,42,27,Yes,Good,Under-7,H
xapi_edu_1047,train,M,Egypt,Egypt,lowerlevel,G-04,A,English,S,Mum,19,74,32,17,No,Good,Above-7,L
xapi_edu_0106,train,M,KW,KuwaIT,lowerlevel,G-02,C,IT,F,Father,0,6,4,15,Yes,Bad,Under-7,L
xapi_edu_1590,train,F,Jordan,Jordan,MiddleSchool,G-08,A,Chemistry,S,Mum,84,92,29,43,Yes,Good,Under-7,H
xapi_edu_0409,train,F,Palestine,Jordan,lowerlevel,G-02,A,Arabic,F,Mum,98,88,60,31,No,Good,Under-7,H
xapi_edu_0950,train,F,Jordan,lebanon,MiddleSchool,G-07,A,Quran,S,Mum,100,75,50,70,Yes,Bad,Under-7,H
xapi_edu_0776,train,M,Jordan,Jordan,lowerlevel,G-02,B,Arabic,S,Mum,32,82,59,63,Yes,Bad,Above-7,M
xapi_edu_1291,train,M,KW,KuwaIT,MiddleSchool,G-07,A,Math,F,Father,28,60,19,50,Yes,Good,Under-7,M
xapi_edu_1833,test,F,Palestine,Jordan,lowerlevel,G-02,A,French,S,Mum,75,80,15,20,No,Good,Under-7,M
xapi_edu_1975,valid,F,Jordan,Jordan,lowerlevel,G-04,A,Science,S,Mum,72,74,82,89,No,Good,Under-7,H
xapi_edu_1070,valid,M,Palestine,Jordan,MiddleSchool,G-06,A,English,S,Mum,72,41,46,27,No,Good,Under-7,M
xapi_edu_0163,train,M,Iran,Iran,lowerlevel,G-02,B,French,S,Father,10,2,13,53,No,Bad,Above-7,L
xapi_edu_0092,train,M,Jordan,Jordan,lowerlevel,G-02,B,Arabic,F,Mum,15,90,21,97,Yes,Good,Under-7,M
xapi_edu_0019,train,F,Jordan,Palestine,lowerlevel,G-02,A,French,S,Mum,75,85,73,80,Yes,Good,Under-7,M
xapi_edu_1567,valid,F,KW,KuwaIT,HighSchool,G-12,A,English,F,Father,20,14,12,70,No,Bad,Above-7,L
xapi_edu_1652,train,M,Palestine,Jordan,lowerlevel,G-04,B,Science,F,Mum,95,57,74,89,Yes,Good,Above-7,M
xapi_edu_0683,train,M,Jordan,Jordan,lowerlevel,G-04,B,Science,S,Father,42,34,29,39,No,Good,Above-7,M
xapi_edu_1943,test,M,Palestine,Palestine,MiddleSchool,G-08,A,Geology,F,Father,80,87,74,68,Yes,Good,Under-7,M
xapi_edu_1292,train,M,KW,KuwaIT,lowerlevel,G-02,B,IT,F,Father,5,20,1,50,Yes,Good,Above-7,L
xapi_edu_0773,train,M,lebanon,lebanon,MiddleSchool,G-08,C,Spanish,S,Father,80,51,40,24,No,Good,Under-7,M
xapi_edu_1560,valid,M,Iraq,Iraq,MiddleSchool,G-07,B,Biology,F,Father,98,90,86,71,Yes,Good,Under-7,H
xapi_edu_1034,train,F,lebanon,lebanon,MiddleSchool,G-06,A,English,F,Mum,95,82,82,70,Yes,Good,Under-7,H
xapi_edu_1160,test,M,KW,KuwaIT,MiddleSchool,G-07,A,Quran,S,Father,80,80,15,70,Yes,Good,Under-7,H
xapi_edu_1099,train,M,KW,KuwaIT,lowerlevel,G-02,B,IT,F,Father,7,4,10,50,No,Good,Above-7,M
xapi_edu_0497,train,F,Jordan,Jordan,lowerlevel,G-02,A,French,F,Mum,60,97,13,3,Yes,Good,Under-7,H
xapi_edu_0640,test,F,KW,KuwaIT,MiddleSchool,G-07,B,IT,F,Father,70,80,25,70,Yes,Good,Under-7,M
xapi_edu_0056,test,M,KW,KuwaIT,lowerlevel,G-02,B,IT,F,Father,70,90,41,33,Yes,Bad,Under-7,H
xapi_edu_1830,test,M,Syria,Syria,lowerlevel,G-02,A,French,S,Father,27,20,33,35,No,Bad,Under-7,M
xapi_edu_0599,train,F,Egypt,Egypt,MiddleSchool,G-07,A,IT,F,Father,45,54,26,90,Yes,Good,Under-7,M
xapi_edu_1176,train,F,KW,KuwaIT,lowerlevel,G-02,B,IT,F,Father,66,90,55,12,Yes,Good,Above-7,M
xapi_edu_0801,train,M,Iraq,Iraq,MiddleSchool,G-08,A,Geology,F,Father,80,83,82,71,Yes,Good,Above-7,M
xapi_edu_1378,test,M,KW,KuwaIT,HighSchool,G-10,A,IT,F,Father,50,70,32,40,Yes,Good,Under-7,M
xapi_edu_0744,test,F,KW,KuwaIT,MiddleSchool,G-08,B,Arabic,S,Father,22,51,42,40,Yes,Bad,Under-7,M
xapi_edu_1745,test,F,KW,KuwaIT,MiddleSchool,G-07,A,English,F,Father,19,30,26,19,Yes,Bad,Above-7,M
xapi_edu_1208,train,M,lebanon,lebanon,MiddleSchool,G-08,A,Math,F,Father,20,14,12,19,No,Bad,Above-7,L
xapi_edu_1441,train,M,KW,KuwaIT,MiddleSchool,G-07,A,Math,F,Father,28,60,19,50,Yes,Good,Under-7,M
xapi_edu_0139,train,F,KW,USA,HighSchool,G-11,A,Quran,F,Mum,60,80,50,40,No,Bad,Under-7,M
xapi_edu_0099,train,F,lebanon,lebanon,MiddleSchool,G-06,A,English,S,Mum,90,62,80,60,Yes,Good,Under-7,H
xapi_edu_1673,train,F,Jordan,Jordan,MiddleSchool,G-06,A,English,S,Mum,79,84,82,37,No,Bad,Under-7,H
xapi_edu_0137,train,F,Jordan,Jordan,MiddleSchool,G-08,A,Geology,S,Mum,87,93,63,60,Yes,Good,Under-7,H
xapi_edu_0936,train,M,KW,KuwaIT,HighSchool,G-12,A,English,F,Father,13,5,18,19,No,Bad,Above-7,L
xapi_edu_1487,train,F,Jordan,Jordan,lowerlevel,G-04,B,Science,S,Father,32,44,29,89,Yes,Bad,Under-7,M
xapi_edu_0415,train,M,Jordan,Jordan,lowerlevel,G-02,B,Arabic,S,Mum,20,77,31,88,Yes,Good,Under-7,M
xapi_edu_1819,test,M,Palestine,Jordan,MiddleSchool,G-07,B,Biology,S,Father,79,72,79,83,Yes,Good,Under-7,M
xapi_edu_0290,train,M,KW,KuwaIT,lowerlevel,G-02,C,IT,F,Father,12,10,20,16,No,Bad,Under-7,L
xapi_edu_0812,train,M,KW,KuwaIT,MiddleSchool,G-07,A,Math,F,Father,35,12,0,17,No,Bad,Above-7,L
xapi_edu_0835,train,F,Jordan,Jordan,lowerlevel,G-04,B,Science,S,Mum,12,44,25,39,No,Bad,Under-7,M
xapi_edu_0739,train,M,Jordan,Jordan,lowerlevel,G-02,B,French,S,Mum,35,92,29,33,No,Bad,Under-7,M
xapi_edu_1721,train,M,KW,KuwaIT,lowerlevel,G-02,B,French,S,Mum,51,82,53,43,No,Bad,Under-7,M
xapi_edu_1781,train,F,Jordan,Jordan,MiddleSchool,G-08,A,Geology,F,Father,50,77,14,28,No,Bad,Under-7,M
xapi_edu_1899,train,F,KW,KuwaIT,lowerlevel,G-02,B,IT,F,Father,50,70,19,15,Yes,Good,Under-7,H
xapi_edu_0471,test,F,Jordan,Jordan,lowerlevel,G-02,B,French,F,Mum,13,82,20,30,No,Good,Under-7,H
xapi_edu_0244,train,F,KW,KuwaIT,lowerlevel,G-02,B,IT,F,Father,50,70,19,15,Yes,Good,Under-7,H
xapi_edu_0479,train,M,KW,KuwaIT,MiddleSchool,G-08,C,Spanish,S,Father,5,21,42,14,No,Good,Above-7,L
xapi_edu_0985,train,M,KW,KuwaIT,MiddleSchool,G-07,B,IT,F,Father,36,30,20,80,No,Bad,Above-7,M
xapi_edu_0319,test,M,KW,KuwaIT,lowerlevel,G-04,A,IT,F,Father,5,1,0,11,No,Bad,Above-7,L
xapi_edu_1186,valid,M,Jordan,Jordan,lowerlevel,G-02,A,French,F,Father,10,15,10,21,No,Bad,Above-7,L
xapi_edu_1585,train,M,KW,KuwaIT,MiddleSchool,G-07,B,Science,S,Father,72,80,58,66,Yes,Good,Above-7,M
xapi_edu_1435,train,F,KW,KuwaIT,lowerlevel,G-04,A,History,S,Mum,80,87,72,60,No,Good,Under-7,H
xapi_edu_0761,test,F,Jordan,Jordan,MiddleSchool,G-07,A,Biology,S,Mum,90,88,54,12,Yes,Good,Above-7,M
xapi_edu_1817,valid,M,KW,KuwaIT,MiddleSchool,G-07,A,Quran,S,Father,80,80,15,70,Yes,Good,Under-7,H
xapi_edu_1614,test,M,Jordan,Jordan,lowerlevel,G-02,A,French,S,Mum,50,90,83,13,Yes,Good,Under-7,H
xapi_edu_0691,test,M,KW,KuwaIT,MiddleSchool,G-07,A,Math,F,Father,11,2,2,8,No,Bad,Under-7,L
xapi_edu_0050,train,M,Tunis,Tunis,lowerlevel,G-02,B,French,S,Mum,80,92,83,43,Yes,Good,Under-7,H
xapi_edu_1755,valid,F,lebanon,lebanon,MiddleSchool,G-08,A,Arabic,S,Mum,45,58,52,43,Yes,Good,Under-7,H
xapi_edu_1651,train,F,Jordan,Jordan,MiddleSchool,G-07,B,Science,S,Mum,32,80,58,46,Yes,Good,Above-7,M
xapi_edu_0864,valid,F,Jordan,Jordan,lowerlevel,G-02,A,French,S,Mum,50,80,20,15,Yes,Good,Above-7,M
xapi_edu_0098,train,M,KW,KuwaIT,lowerlevel,G-04,A,Math,S,Father,15,6,32,40,Yes,Good,Under-7,H
xapi_edu_0273,test,M,Tunis,Tunis,HighSchool,G-11,B,Science,S,Father,70,50,33,40,No,Good,Under-7,M
xapi_edu_1183,train,F,Palestine,Jordan,lowerlevel,G-02,A,Arabic,F,Mum,98,88,60,31,No,Good,Under-7,H
xapi_edu_1252,test,F,KW,KuwaIT,MiddleSchool,G-06,A,Quran,S,Father,70,40,2,16,No,Bad,Above-7,L
xapi_edu_0886,test,F,lebanon,lebanon,MiddleSchool,G-08,A,Arabic,S,Father,25,15,32,53,No,Bad,Under-7,M
xapi_edu_1481,train,F,Jordan,Jordan,MiddleSchool,G-08,A,Chemistry,S,Father,9,6,15,85,No,Bad,Above-7,L
xapi_edu_1141,train,M,Jordan,USA,MiddleSchool,G-07,A,Quran,F,Mum,100,85,85,70,No,Bad,Under-7,M
xapi_edu_1640,train,M,KW,KuwaIT,lowerlevel,G-02,C,IT,F,Father,0,6,4,15,Yes,Bad,Under-7,L
xapi_edu_1634,train,M,Jordan,Jordan,MiddleSchool,G-07,A,Biology,S,Father,35,80,34,22,No,Good,Above-7,M
xapi_edu_1244,train,M,Jordan,Jordan,lowerlevel,G-02,B,Arabic,F,Father,10,30,50,91,Yes,Bad,Above-7,L
xapi_edu_0831,train,M,Jordan,Jordan,MiddleSchool,G-08,A,Chemistry,S,Mum,70,82,75,29,Yes,Good,Under-7,M
xapi_edu_0157,train,M,Syria,Syria,lowerlevel,G-02,B,French,S,Mum,20,52,23,33,Yes,Good,Above-7,L
xapi_edu_1375,train,F,KW,KuwaIT,lowerlevel,G-02,C,IT,F,Father,7,9,5,30,No,Bad,Above-7,L
xapi_edu_1501,train,F,KW,KuwaIT,lowerlevel,G-02,B,IT,F,Father,12,26,7,40,Yes,Good,Under-7,M
xapi_edu_0148,train,M,KW,KuwaIT,lowerlevel,G-02,C,IT,F,Father,77,80,51,80,No,Good,Under-7,M
xapi_edu_1439,train,F,KW,KuwaIT,MiddleSchool,G-08,B,Arabic,S,Father,22,51,42,40,Yes,Bad,Under-7,M
xapi_edu_0845,train,M,KW,KuwaIT,MiddleSchool,G-08,B,Spanish,S,Father,62,61,82,40,Yes,Bad,Under-7,M
xapi_edu_1241,valid,M,KW,KuwaIT,lowerlevel,G-02,C,IT,F,Mum,0,4,8,30,No,Bad,Above-7,L
xapi_edu_0755,valid,F,Jordan,Jordan,lowerlevel,G-02,A,French,S,Mum,25,80,29,23,No,Good,Under-7,M
xapi_edu_1394,train,F,USA,USA,HighSchool,G-12,A,IT,F,Mum,70,69,35,30,Yes,Good,Under-7,H
xapi_edu_0634,train,F,KW,KuwaIT,lowerlevel,G-07,A,IT,F,Father,2,19,10,50,Yes,Good,Above-7,L
xapi_edu_1173,train,M,Palestine,Palestine,MiddleSchool,G-08,A,Geology,S,Father,85,88,79,70,Yes,Good,Under-7,M
xapi_edu_0467,train,M,KW,KuwaIT,MiddleSchool,G-07,A,Quran,F,Father,20,12,15,70,No,Good,Above-7,L
xapi_edu_1462,train,M,KW,KuwaIT,MiddleSchool,G-07,B,IT,F,Father,19,19,25,40,Yes,Bad,Under-7,M
xapi_edu_1802,valid,M,Tunis,Tunis,lowerlevel,G-02,B,French,S,Mum,60,52,23,33,Yes,Bad,Under-7,H
xapi_edu_0661,train,M,Jordan,Palestine,MiddleSchool,G-07,A,Biology,F,Mum,78,91,50,40,Yes,Good,Under-7,H
xapi_edu_1680,train,F,Lybia,Lybia,MiddleSchool,G-07,B,Biology,F,Mum,10,9,2,1,No,Good,Above-7,L
xapi_edu_1577,train,F,KW,KuwaIT,lowerlevel,G-02,C,IT,F,Mum,24,35,23,22,Yes,Good,Above-7,M
xapi_edu_1207,valid,M,KW,KuwaIT,lowerlevel,G-02,A,IT,S,Father,12,60,0,70,Yes,Good,Above-7,L
xapi_edu_1132,valid,M,KW,KuwaIT,MiddleSchool,G-08,B,Arabic,S,Father,45,95,12,13,No,Bad,Under-7,M
xapi_edu_0330,train,F,KW,KuwaIT,lowerlevel,G-04,A,History,S,Mum,80,87,72,60,No,Good,Under-7,H
xapi_edu_1268,train,M,Iraq,Iraq,lowerlevel,G-02,A,Arabic,S,Father,78,70,31,29,Yes,Good,Under-7,H
xapi_edu_1220,train,F,KW,KuwaIT,MiddleSchool,G-06,A,IT,S,Father,50,40,52,66,Yes,Bad,Under-7,M
xapi_edu_0978,train,M,Morocco,Morocco,MiddleSchool,G-08,A,Arabic,S,Mum,53,75,72,23,No,Bad,Under-7,M
xapi_edu_1494,train,M,Jordan,Jordan,MiddleSchool,G-07,A,Biology,F,Father,80,80,46,61,Yes,Bad,Under-7,M
xapi_edu_0997,train,M,Jordan,Jordan,MiddleSchool,G-08,A,History,S,Mum,81,84,77,85,Yes,Good,Under-7,H
xapi_edu_0629,test,M,KW,KuwaIT,MiddleSchool,G-07,B,Science,F,Father,12,11,8,40,No,Bad,Above-7,L
xapi_edu_0849,train,M,Iran,Iran,MiddleSchool,G-08,A,Spanish,S,Mum,51,42,12,29,No,Bad,Above-7,M
xapi_edu_1960,train,M,Jordan,SaudiArabia,MiddleSchool,G-08,A,Geology,F,Father,85,89,22,61,No,Bad,Under-7,H
xapi_edu_0401,valid,F,Palestine,Palestine,lowerlevel,G-04,A,Science,S,Mum,62,64,72,84,Yes,Good,Under-7,H
xapi_edu_0952,train,F,Jordan,USA,lowerlevel,G-02,B,French,S,Mum,60,82,93,43,No,Bad,Above-7,M
xapi_edu_1573,train,M,KW,KuwaIT,MiddleSchool,G-07,A,IT,F,Father,15,21,2,90,No,Bad,Under-7,M
xapi_edu_1534,train,M,Jordan,Jordan,lowerlevel,G-02,A,Arabic,F,Father,10,18,71,38,Yes,Good,Above-7,M
xapi_edu_0403,train,M,Jordan,Jordan,lowerlevel,G-02,B,Arabic,S,Mum,20,77,31,88,Yes,Good,Under-7,M
xapi_edu_0390,train,M,Jordan,SaudiArabia,MiddleSchool,G-08,A,Chemistry,F,Father,10,0,2,41,No,Bad,Above-7,L
xapi_edu_0619,train,F,KW,KuwaIT,HighSchool,G-09,A,IT,F,Father,30,35,28,90,Yes,Good,Under-7,M
xapi_edu_0504,train,M,Tunis,Tunis,MiddleSchool,G-07,A,Quran,S,Father,10,75,55,11,Yes,Good,Under-7,M
xapi_edu_1230,train,M,KW,KuwaIT,MiddleSchool,G-07,A,Math,F,Father,50,10,15,22,Yes,Good,Under-7,M
xapi_edu_1313,valid,F,Jordan,Jordan,lowerlevel,G-02,A,French,S,Mum,50,80,20,15,Yes,Good,Above-7,M
xapi_edu_1172,train,F,Jordan,Jordan,MiddleSchool,G-08,A,Chemistry,S,Mum,84,92,29,43,Yes,Good,Under-7,H
xapi_edu_1053,train,M,KW,KuwaIT,MiddleSchool,G-08,A,Spanish,S,Mum,72,90,12,30,No,Bad,Under-7,M
xapi_edu_1240,train,M,venzuela,venzuela,HighSchool,G-10,A,IT,F,Mum,80,90,70,80,Yes,Good,Under-7,H
xapi_edu_1582,train,M,Egypt,Egypt,lowerlevel,G-04,A,English,S,Mum,19,74,32,17,No,Good,Above-7,L
xapi_edu_1666,train,M,Syria,Syria,lowerlevel,G-02,B,French,S,Mum,20,52,23,33,Yes,Good,Above-7,L
xapi_edu_0127,train,F,Jordan,Jordan,MiddleSchool,G-08,A,Geology,F,Father,25,82,52,20,Yes,Good,Above-7,M
xapi_edu_1452,train,M,Jordan,Jordan,lowerlevel,G-04,B,Science,F,Father,25,29,34,33,No,Good,Above-7,M
xapi_edu_1380,train,M,Palestine,Jordan,MiddleSchool,G-08,A,History,S,Father,78,82,78,53,Yes,Good,Under-7,M
xapi_edu_0545,train,M,KW,KuwaIT,lowerlevel,G-02,B,IT,F,Father,90,70,30,14,No,Bad,Under-7,M
xapi_edu_0876,valid,M,Jordan,Jordan,MiddleSchool,G-07,A,Biology,S,Father,85,82,59,63,Yes,Bad,Under-7,M
xapi_edu_1559,test,M,Jordan,Jordan,MiddleSchool,G-06,A,English,F,Father,10,8,10,10,Yes,Bad,Above-7,M
xapi_edu_0289,train,M,Lybia,Lybia,lowerlevel,G-02,B,French,F,Mum,20,3,9,3,No,Good,Above-7,L
xapi_edu_1521,train,F,USA,USA,HighSchool,G-12,A,IT,F,Mum,70,69,35,30,Yes,Good,Under-7,H
xapi_edu_0505,valid,M,KW,KuwaIT,MiddleSchool,G-07,B,Math,F,Father,19,6,19,12,Yes,Good,Under-7,M
xapi_edu_0587,train,M,Tunis,SaudiArabia,MiddleSchool,G-07,A,Quran,S,Father,70,75,55,11,Yes,Bad,Under-7,M
xapi_edu_1650,valid,M,Jordan,Jordan,lowerlevel,G-04,A,Science,S,Father,32,14,32,29,No,Good,Above-7,M
xapi_edu_0037,train,M,Jordan,Jordan,MiddleSchool,G-08,A,Geology,S,Mum,90,86,85,10,Yes,Good,Under-7,M
xapi_edu_1784,train,M,Iraq,Iraq,lowerlevel,G-02,B,Arabic,S,Mum,70,83,29,33,Yes,Good,Under-7,H
xapi_edu_0597,train,M,Tunis,KuwaIT,MiddleSchool,G-07,B,Science,S,Father,22,51,48,10,No,Bad,Above-7,L
xapi_edu_0561,train,F,lebanon,lebanon,MiddleSchool,G-08,A,Arabic,S,Father,25,15,32,53,No,Bad,Under-7,M
xapi_edu_0284,train,M,Jordan,Jordan,MiddleSchool,G-08,A,Chemistry,F,Mum,75,72,64,39,Yes,Good,Above-7,L
xapi_edu_0483,train,M,Iraq,Iraq,MiddleSchool,G-08,A,Chemistry,S,Father,80,90,80,83,Yes,Good,Under-7,H
xapi_edu_0275,train,M,Egypt,Egypt,MiddleSchool,G-07,B,Science,S,Father,72,80,58,86,Yes,Good,Under-7,M
xapi_edu_0823,test,F,lebanon,lebanon,MiddleSchool,G-07,A,Quran,S,Father,10,79,30,30,No,Bad,Under-7,M
xapi_edu_0942,train,M,Iran,Iran,lowerlevel,G-02,B,French,S,Father,10,2,13,53,No,Bad,Above-7,L
xapi_edu_1595,test,F,KW,KuwaIT,lowerlevel,G-07,A,IT,F,Father,2,19,10,50,Yes,Good,Above-7,L
xapi_edu_1740,train,F,Jordan,Jordan,lowerlevel,G-04,B,Science,F,Mum,55,79,44,43,Yes,Good,Under-7,H
xapi_edu_0795,train,M,KW,KuwaIT,lowerlevel,G-02,B,French,S,Mum,30,12,29,23,No,Bad,Under-7,M
xapi_edu_1106,test,F,KW,USA,HighSchool,G-11,A,Quran,S,Mum,70,80,95,70,Yes,Good,Under-7,H
xapi_edu_0046,valid,M,Jordan,Jordan,MiddleSchool,G-06,A,English,S,Father,11,70,32,29,Yes,Good,Above-7,M
xapi_edu_1937,train,F,KW,KuwaIT,lowerlevel,G-02,B,IT,F,Father,6,2,38,12,No,Bad,Under-7,M
xapi_edu_1162,train,M,Jordan,Jordan,MiddleSchool,G-08,A,Chemistry,F,Mum,85,87,72,10,Yes,Good,Above-7,M
xapi_edu_0339,train,M,lebanon,lebanon,MiddleSchool,G-08,C,Spanish,S,Father,80,51,40,24,No,Good,Under-7,M
xapi_edu_0007,train,M,KW,KuwaIT,lowerlevel,G-02,B,IT,F,Father,70,90,2,2,Yes,Good,Under-7,L
xapi_edu_1935,train,M,Jordan,Jordan,MiddleSchool,G-07,B,Biology,S,Father,53,88,9,33,No,Bad,Under-7,M
xapi_edu_0272,train,M,KW,KuwaIT,MiddleSchool,G-07,B,IT,F,Father,0,2,3,70,Yes,Good,Above-7,L
xapi_edu_0461,train,F,Jordan,Jordan,MiddleSchool,G-08,A,Chemistry,S,Father,9,6,15,85,No,Bad,Above-7,L
xapi_edu_1285,train,M,KW,KuwaIT,lowerlevel,G-04,A,History,S,Father,10,17,12,14,No,Bad,Above-7,L
xapi_edu_1667,train,M,Jordan,SaudiArabia,lowerlevel,G-02,B,Arabic,S,Mum,5,0,1,8,No,Good,Above-7,L
xapi_edu_0428,valid,F,lebanon,lebanon,lowerlevel,G-02,B,IT,F,Father,70,98,7,5,Yes,Good,Under-7,M
xapi_edu_0349,test,M,Jordan,Jordan,lowerlevel,G-02,B,Arabic,F,Father,10,30,50,91,Yes,Bad,Above-7,L
xapi_edu_0752,train,M,lebanon,lebanon,lowerlevel,G-02,B,French,S,Mum,40,51,20,33,No,Bad,Under-7,M
xapi_edu_1716,train,F,KW,KuwaIT,lowerlevel,G-04,A,IT,F,Father,42,30,13,70,Yes,Bad,Above-7,M
xapi_edu_1013,train,M,Syria,Jordan,MiddleSchool,G-08,A,Spanish,S,Father,9,7,21,20,Yes,Good,Above-7,L
xapi_edu_1213,train,M,KW,KuwaIT,MiddleSchool,G-08,B,Arabic,S,Mum,15,90,52,83,Yes,Bad,Under-7,H
xapi_edu_1376,train,F,Jordan,Jordan,lowerlevel,G-02,B,French,F,Mum,10,94,40,11,Yes,Good,Under-7,M
xapi_edu_0600,train,F,Syria,Syria,MiddleSchool,G-07,A,Biology,F,Mum,96,95,70,70,Yes,Good,Under-7,H
xapi_edu_1001,train,M,Iraq,Iraq,MiddleSchool,G-08,A,Chemistry,F,Father,90,91,80,81,Yes,Good,Under-7,H
xapi_edu_1801,train,M,Jordan,Jordan,MiddleSchool,G-08,A,Chemistry,S,Mum,70,82,75,29,Yes,Good,Under-7,M
xapi_edu_0815,train,F,Jordan,Jordan,lowerlevel,G-04,B,Science,S,Mum,12,44,25,39,No,Bad,Under-7,M
xapi_edu_0225,train,F,Jordan,Jordan,lowerlevel,G-02,B,French,S,Mum,23,82,20,30,No,Good,Under-7,H
xapi_edu_1499,train,M,KW,KuwaIT,lowerlevel,G-02,C,IT,F,Father,12,10,20,16,No,Bad,Under-7,L
xapi_edu_0430,train,F,Jordan,Jordan,MiddleSchool,G-06,A,English,F,Mum,51,79,85,89,Yes,Good,Under-7,H
xapi_edu_1164,train,M,KW,KuwaIT,MiddleSchool,G-08,B,Spanish,S,Father,62,61,82,40,Yes,Bad,Under-7,M
xapi_edu_0934,train,M,Palestine,Jordan,MiddleSchool,G-07,B,Biology,F,Father,78,80,66,51,Yes,Good,Under-7,M
xapi_edu_0827,train,M,Jordan,Jordan,MiddleSchool,G-06,A,English,F,Father,19,80,12,17,Yes,Good,Above-7,M
xapi_edu_0564,train,M,Jordan,Jordan,MiddleSchool,G-06,A,English,F,Father,40,38,32,36,No,Bad,Above-7,M
xapi_edu_0393,train,M,KW,KuwaIT,lowerlevel,G-04,A,IT,F,Father,10,7,0,30,No,Bad,Above-7,L
xapi_edu_1859,train,F,KW,KuwaIT,MiddleSchool,G-07,B,Science,S,Mum,72,80,58,66,Yes,Good,Above-7,M
xapi_edu_1249,test,M,KW,KuwaIT,MiddleSchool,G-07,B,Science,S,Father,22,20,18,6,No,Bad,Above-7,L
xapi_edu_0327,train,F,Jordan,Jordan,lowerlevel,G-02,A,Arabic,F,Father,10,20,22,97,No,Bad,Above-7,L
xapi_edu_1490,train,M,KW,KuwaIT,HighSchool,G-12,A,English,F,Mum,12,50,8,30,No,Bad,Above-7,L
xapi_edu_1161,train,F,Jordan,Jordan,MiddleSchool,G-08,A,Chemistry,S,Father,5,4,5,8,No,Bad,Above-7,L
xapi_edu_0024,train,F,Jordan,Jordan,lowerlevel,G-04,A,Science,F,Father,49,36,32,44,No,Bad,Above-7,L
xapi_edu_0385,train,M,Jordan,Jordan,lowerlevel,G-02,C,IT,F,Father,80,42,20,50,Yes,Good,Under-7,M
xapi_edu_0009,train,M,SaudiArabia,SaudiArabia,lowerlevel,G-02,B,IT,F,Father,7,12,5,3,No,Bad,Above-7,M
xapi_edu_1853,valid,M,KW,KuwaIT,MiddleSchool,G-08,B,Arabic,S,Father,67,31,42,14,Yes,Good,Under-7,M
xapi_edu_1706,train,M,KW,KuwaIT,lowerlevel,G-05,A,English,F,Father,7,10,1,30,No,Bad,Above-7,L
xapi_edu_0110,train,F,Jordan,Jordan,lowerlevel,G-02,A,French,F,Mum,60,87,23,11,Yes,Good,Above-7,M
xapi_edu_1463,train,F,Jordan,Jordan,lowerlevel,G-04,A,Science,S,Father,42,24,12,24,No,Bad,Above-7,L
xapi_edu_0698,train,M,Iraq,Iraq,lowerlevel,G-02,B,Arabic,S,Mum,70,83,29,33,Yes,Good,Under-7,H
xapi_edu_1042,train,M,Egypt,Egypt,MiddleSchool,G-07,B,Science,S,Father,72,80,58,86,Yes,Good,Under-7,M
xapi_edu_0199,train,M,KW,KuwaIT,MiddleSchool,G-08,B,Spanish,S,Father,62,61,82,40,Yes,Bad,Under-7,M
xapi_edu_1384,train,M,Jordan,Jordan,lowerlevel,G-02,B,Arabic,S,Mum,20,77,31,88,Yes,Good,Under-7,M
xapi_edu_0038,train,F,Jordan,Jordan,MiddleSchool,G-08,A,Chemistry,S,Father,79,91,49,22,Yes,Good,Under-7,H
xapi_edu_0584,train,F,KW,KuwaIT,MiddleSchool,G-06,A,Math,S,Father,87,48,82,96,No,Bad,Above-7,M
xapi_edu_0937,test,F,KW,KuwaIT,MiddleSchool,G-08,A,Arabic,F,Father,30,90,33,35,No,Bad,Under-7,M
xapi_edu_1766,valid,M,Iraq,Iraq,MiddleSchool,G-08,A,History,S,Father,69,77,83,92,Yes,Good,Above-7,M
xapi_edu_1795,train,F,Jordan,Jordan,MiddleSchool,G-06,A,English,S,Mum,79,84,82,37,No,Bad,Under-7,H
xapi_edu_0228,train,M,KW,KuwaIT,lowerlevel,G-02,B,IT,F,Father,90,70,30,14,No,Bad,Under-7,M
xapi_edu_1533,train,F,Jordan,lebanon,lowerlevel,G-04,B,Science,F,Mum,78,88,74,83,Yes,Good,Under-7,H
xapi_edu_1069,valid,M,KW,KuwaIT,lowerlevel,G-02,B,IT,F,Father,80,90,55,19,Yes,Good,Under-7,H
xapi_edu_0707,valid,M,SaudiArabia,USA,HighSchool,G-11,A,Science,S,Father,23,63,71,89,Yes,Good,Under-7,M
xapi_edu_0673,train,M,KW,KuwaIT,MiddleSchool,G-07,A,Math,F,Father,28,60,19,50,Yes,Good,Under-7,M
xapi_edu_1031,test,M,Palestine,Jordan,MiddleSchool,G-06,A,English,F,Mum,72,21,22,26,Yes,Good,Under-7,H
xapi_edu_0438,valid,F,KW,KuwaIT,MiddleSchool,G-06,A,IT,S,Father,50,40,52,66,Yes,Bad,Under-7,M
xapi_edu_0912,train,M,KW,KuwaIT,HighSchool,G-11,A,Quran,F,Father,13,3,11,9,No,Bad,Above-7,L
xapi_edu_1747,train,M,Jordan,Jordan,lowerlevel,G-04,B,Science,S,Mum,72,64,59,89,Yes,Good,Under-7,H
xapi_edu_0887,train,M,KW,KuwaIT,MiddleSchool,G-07,B,IT,F,Mum,70,50,40,99,Yes,Good,Under-7,H
xapi_edu_1358,train,M,KW,KuwaIT,lowerlevel,G-04,A,IT,F,Father,15,16,2,20,Yes,Good,Under-7,M
xapi_edu_0821,train,M,KW,KuwaIT,MiddleSchool,G-07,B,Science,S,Father,72,80,58,66,Yes,Good,Above-7,M
xapi_edu_1340,test,M,Jordan,Jordan,MiddleSchool,G-06,A,English,F,Father,19,80,12,17,Yes,Good,Above-7,M
xapi_edu_0418,train,F,Jordan,Jordan,MiddleSchool,G-08,A,Chemistry,S,Father,5,4,5,8,No,Bad,Above-7,L
xapi_edu_0173,train,M,Palestine,Jordan,MiddleSchool,G-08,A,History,F,Father,81,86,86,41,Yes,Good,Under-7,M
xapi_edu_0566,test,M,KW,KuwaIT,MiddleSchool,G-08,C,Spanish,S,Father,17,50,2,4,No,Bad,Above-7,L
xapi_edu_1873,train,F,Jordan,Jordan,lowerlevel,G-04,B,Science,S,Mum,12,44,25,39,No,Bad,Under-7,M
xapi_edu_0303,valid,M,KW,KuwaIT,MiddleSchool,G-07,A,Math,F,Father,35,12,0,17,No,Bad,Above-7,L
xapi_edu_1263,train,F,Jordan,Jordan,MiddleSchool,G-08,A,History,S,Father,35,14,23,62,No,Bad,Above-7,L
xapi_edu_0633,test,M,Jordan,USA,MiddleSchool,G-07,A,Quran,F,Mum,100,85,85,70,No,Bad,Under-7,M
xapi_edu_1266,train,F,Jordan,Jordan,lowerlevel,G-04,B,Science,F,Mum,55,79,44,43,Yes,Good,Under-7,H
xapi_edu_0929,train,F,KW,KuwaIT,MiddleSchool,G-08,A,Arabic,F,Father,35,80,50,70,Yes,Good,Under-7,H
xapi_edu_1182,train,F,Jordan,Jordan,lowerlevel,G-04,A,Science,S,Mum,72,74,82,89,No,Good,Under-7,H
xapi_edu_0392,train,F,Jordan,Palestine,lowerlevel,G-02,A,French,S,Mum,75,85,73,80,Yes,Good,Under-7,M
xapi_edu_0689,test,M,Jordan,Jordan,lowerlevel,G-04,B,Science,S,Mum,72,64,59,89,Yes,Good,Under-7,H
xapi_edu_1832,train,M,KW,KuwaIT,lowerlevel,G-02,B,French,S,Father,40,62,83,33,Yes,Good,Under-7,H
xapi_edu_0239,train,M,Jordan,Jordan,lowerlevel,G-02,A,French,F,Father,10,15,10,21,No,Bad,Above-7,L
xapi_edu_1719,train,M,KW,KuwaIT,lowerlevel,G-02,B,IT,F,Father,12,30,0,17,No,Good,Above-7,L
xapi_edu_1075,valid,M,KW,KuwaIT,lowerlevel,G-04,A,IT,F,Father,40,50,12,50,No,Bad,Above-7,M
xapi_edu_0245,test,M,Jordan,Jordan,lowerlevel,G-02,B,French,F,Father,32,88,32,25,Yes,Good,Under-7,M
xapi_edu_1818,train,F,Jordan,Jordan,MiddleSchool,G-08,A,Geology,S,Mum,84,77,79,68,Yes,Good,Under-7,H
xapi_edu_0536,train,M,Jordan,Jordan,MiddleSchool,G-07,B,Biology,F,Father,50,79,10,31,No,Bad,Under-7,M
xapi_edu_1039,train,M,KW,KuwaIT,MiddleSchool,G-07,A,English,F,Father,10,12,17,30,No,Bad,Above-7,L
xapi_edu_0135,train,M,SaudiArabia,SaudiArabia,HighSchool,G-11,A,Quran,S,Father,80,80,51,59,Yes,Good,Under-7,H
xapi_edu_0136,test,F,KW,KuwaIT,lowerlevel,G-02,B,IT,F,Father,100,80,2,70,No,Bad,Under-7,H
xapi_edu_1946,train,M,Palestine,Palestine,MiddleSchool,G-07,A,Biology,F,Father,88,90,86,81,Yes,Good,Under-7,H
xapi_edu_0704,train,F,KW,KuwaIT,MiddleSchool,G-07,A,Math,F,Father,12,21,16,50,Yes,Good,Under-7,M
xapi_edu_1823,test,F,Jordan,Jordan,lowerlevel,G-02,B,French,S,Mum,70,82,3,73,No,Bad,Under-7,H
xapi_edu_1187,train,M,Jordan,Jordan,lowerlevel,G-02,A,French,F,Father,10,15,10,21,No,Bad,Above-7,L
xapi_edu_0060,train,M,SaudiArabia,USA,HighSchool,G-11,B,Spanish,S,Father,10,51,40,40,No,Bad,Above-7,L
xapi_edu_0916,train,M,KW,KuwaIT,lowerlevel,G-02,B,French,S,Mum,51,82,53,43,No,Bad,Under-7,M
xapi_edu_0702,train,M,KW,KuwaIT,lowerlevel,G-02,A,IT,F,Father,8,25,1,70,No,Bad,Above-7,L
xapi_edu_0468,train,M,KW,KuwaIT,MiddleSchool,G-08,C,Spanish,S,Mum,96,61,42,94,Yes,Bad,Under-7,H
xapi_edu_0167,valid,M,Jordan,Jordan,MiddleSchool,G-08,A,Chemistry,F,Mum,75,72,64,39,Yes,Good,Above-7,L
xapi_edu_0604,train,M,Palestine,Jordan,MiddleSchool,G-07,B,Biology,F,Father,88,90,76,81,Yes,Good,Under-7,H
xapi_edu_1966,test,M,SaudiArabia,USA,HighSchool,G-11,B,English,S,Father,70,50,33,41,No,Bad,Above-7,M
xapi_edu_1079,train,F,Egypt,Egypt,MiddleSchool,G-07,A,IT,F,Father,45,54,26,90,Yes,Good,Under-7,M
xapi_edu_1059,train,M,KW,KuwaIT,MiddleSchool,G-07,A,Math,F,Father,16,14,6,20,Yes,Good,Above-7,L
xapi_edu_1133,train,M,Syria,Jordan,MiddleSchool,G-08,A,Spanish,S,Father,9,7,21,20,Yes,Good,Above-7,L
xapi_edu_0708,train,F,KW,KuwaIT,HighSchool,G-09,A,IT,F,Father,33,33,30,90,No,Bad,Under-7,M
xapi_edu_0836,test,M,KW,KuwaIT,MiddleSchool,G-07,A,IT,F,Father,19,20,16,50,No,Good,Under-7,M
xapi_edu_0182,train,M,KW,KuwaIT,MiddleSchool,G-07,A,IT,F,Father,8,7,30,40,Yes,Good,Above-7,L
xapi_edu_0530,train,F,Palestine,Palestine,lowerlevel,G-04,A,Science,F,Mum,90,86,82,74,Yes,Good,Under-7,H
xapi_edu_0797,train,F,Jordan,Jordan,MiddleSchool,G-08,A,History,F,Father,30,17,14,57,No,Bad,Above-7,L
xapi_edu_1317,train,M,Jordan,Jordan,MiddleSchool,G-07,A,Biology,F,Mum,2,9,10,1,No,Bad,Above-7,L
xapi_edu_1427,test,F,Jordan,Jordan,MiddleSchool,G-08,A,Geology,F,Father,50,77,14,28,No,Bad,Under-7,M
xapi_edu_1806,train,F,Jordan,Jordan,lowerlevel,G-02,A,French,F,Mum,60,97,13,3,Yes,Good,Under-7,H
xapi_edu_1656,train,M,Jordan,Jordan,lowerlevel,G-02,B,Arabic,S,Mum,20,77,31,88,Yes,Good,Under-7,M
xapi_edu_0145,train,M,KW,KuwaIT,MiddleSchool,G-08,A,Spanish,S,Father,5,17,21,10,No,Bad,Above-7,L
xapi_edu_0491,valid,F,Palestine,Jordan,lowerlevel,G-02,A,Arabic,S,Mum,75,81,51,34,No,Good,Under-7,H
xapi_edu_1350,test,M,Iraq,Iraq,lowerlevel,G-02,A,Arabic,S,Father,78,70,31,29,Yes,Good,Under-7,H
xapi_edu_1759,train,F,Jordan,Jordan,MiddleSchool,G-08,A,Chemistry,F,Father,15,9,14,80,No,Bad,Above-7,L
xapi_edu_1536,test,M,Tunis,Tunis,MiddleSchool,G-08,C,Spanish,S,Mum,27,41,49,14,No,Bad,Under-7,M
xapi_edu_1898,train,F,Jordan,Jordan,lowerlevel,G-02,B,French,S,Mum,25,89,21,13,Yes,Good,Under-7,M
xapi_edu_1063,test,M,KW,KuwaIT,MiddleSchool,G-07,A,Math,F,Father,55,13,35,90,No,Bad,Above-7,M
xapi_edu_1598,train,M,Jordan,Jordan,lowerlevel,G-02,B,Arabic,F,Mum,20,90,50,61,Yes,Bad,Above-7,M
xapi_edu_1472,train,M,KW,KuwaIT,MiddleSchool,G-07,A,English,F,Father,10,12,17,30,No,Bad,Above-7,L
xapi_edu_0210,test,M,lebanon,lebanon,lowerlevel,G-02,B,French,S,Mum,40,51,20,33,No,Bad,Under-7,M
xapi_edu_0626,valid,M,KW,KuwaIT,lowerlevel,G-04,A,IT,F,Father,5,1,0,11,No,Bad,Above-7,L
xapi_edu_1749,train,F,KW,KuwaIT,lowerlevel,G-04,A,IT,F,Father,42,30,13,70,Yes,Bad,Above-7,M
xapi_edu_0502,test,M,KW,KuwaIT,HighSchool,G-11,A,Quran,F,Father,13,3,11,9,No,Bad,Above-7,L
xapi_edu_0156,train,M,Jordan,Jordan,MiddleSchool,G-07,B,Science,S,Mum,72,80,58,66,No,Bad,Under-7,M
xapi_edu_1065,valid,M,Jordan,Jordan,lowerlevel,G-02,B,Arabic,S,Mum,20,77,31,88,Yes,Good,Under-7,M
xapi_edu_0152,test,F,lebanon,lebanon,lowerlevel,G-02,B,French,F,Mum,72,98,52,15,Yes,Good,Under-7,H
xapi_edu_0200,train,M,KW,KuwaIT,HighSchool,G-12,A,English,F,Mum,12,50,8,30,No,Bad,Above-7,L
xapi_edu_0090,test,M,KW,KuwaIT,MiddleSchool,G-08,A,Arabic,F,Father,25,15,12,33,No,Bad,Above-7,L
xapi_edu_0259,test,F,KW,KuwaIT,HighSchool,G-12,A,English,F,Father,25,10,19,30,No,Bad,Above-7,M
xapi_edu_1528,train,F,Jordan,Jordan,MiddleSchool,G-06,A,English,S,Mum,92,81,32,36,No,Good,Under-7,M
xapi_edu_0999,train,F,Iraq,Iraq,lowerlevel,G-02,B,Arabic,F,Mum,89,92,40,28,Yes,Good,Under-7,H
xapi_edu_0241,train,M,KW,KuwaIT,HighSchool,G-12,A,English,F,Mum,12,50,8,30,No,Bad,Above-7,L
xapi_edu_1653,train,F,Palestine,Jordan,lowerlevel,G-02,A,Arabic,S,Mum,75,81,51,34,No,Good,Under-7,H
xapi_edu_1954,valid,M,Jordan,Jordan,MiddleSchool,G-08,A,History,F,Mum,87,92,74,89,Yes,Good,Under-7,H
xapi_edu_0499,train,F,Egypt,Egypt,MiddleSchool,G-07,A,Quran,S,Mum,70,80,95,70,Yes,Good,Under-7,H
xapi_edu_1454,train,F,Jordan,Jordan,MiddleSchool,G-07,B,Science,S,Mum,82,89,58,50,Yes,Good,Under-7,H
xapi_edu_0248,train,M,KW,KuwaIT,lowerlevel,G-02,B,IT,F,Father,50,70,50,10,Yes,Good,Above-7,H
xapi_edu_0792,train,F,lebanon,lebanon,MiddleSchool,G-07,A,Quran,S,Father,10,79,30,30,No,Bad,Under-7,M
xapi_edu_0517,test,M,Tunis,KuwaIT,MiddleSchool,G-07,B,Science,S,Father,22,51,48,10,No,Bad,Above-7,L
xapi_edu_0441,train,M,KW,KuwaIT,HighSchool,G-10,A,IT,F,Father,17,13,16,12,Yes,Bad,Under-7,M
xapi_edu_0180,train,F,Jordan,Jordan,lowerlevel,G-02,B,French,F,Mum,13,82,20,30,No,Good,Under-7,H
xapi_edu_1214,train,M,KW,KuwaIT,HighSchool,G-11,B,Math,S,Mum,73,84,77,81,Yes,Good,Above-7,H
xapi_edu_0033,test,M,KW,KuwaIT,MiddleSchool,G-08,C,Spanish,S,Father,17,61,42,14,No,Bad,Under-7,M
xapi_edu_0962,train,F,KW,KuwaIT,MiddleSchool,G-06,A,Quran,S,Father,70,40,2,16,No,Bad,Above-7,L
xapi_edu_1854,train,F,lebanon,lebanon,MiddleSchool,G-08,A,Arabic,S,Mum,45,58,52,43,Yes,Good,Under-7,H
xapi_edu_1158,train,M,KW,KuwaIT,lowerlevel,G-02,B,IT,F,Father,2,5,3,50,No,Bad,Above-7,L
xapi_edu_0572,train,M,Palestine,Jordan,MiddleSchool,G-07,B,Biology,F,Father,88,90,76,81,Yes,Good,Under-7,H
xapi_edu_1005,train,M,KW,KuwaIT,MiddleSchool,G-08,B,Arabic,S,Father,67,31,42,14,Yes,Good,Under-7,M
xapi_edu_0366,train,M,Lybia,Lybia,lowerlevel,G-02,A,French,F,Mum,10,8,9,3,No,Good,Above-7,L
xapi_edu_1237,train,M,Palestine,Jordan,lowerlevel,G-04,B,Science,F,Mum,95,57,74,89,Yes,Good,Above-7,M
xapi_edu_1167,valid,M,KW,KuwaIT,MiddleSchool,G-07,A,Quran,F,Father,20,12,15,70,No,Good,Above-7,L
xapi_edu_1732,train,M,Jordan,Jordan,MiddleSchool,G-07,A,IT,F,Father,22,30,10,12,Yes,Good,Above-7,L
xapi_edu_0299,train,M,Jordan,Jordan,lowerlevel,G-04,A,Science,S,Father,22,34,15,9,No,Bad,Above-7,L
xapi_edu_0278,train,F,KW,KuwaIT,lowerlevel,G-02,C,IT,F,Father,7,9,5,30,No,Bad,Above-7,L
xapi_edu_1163,train,F,Jordan,Jordan,lowerlevel,G-02,B,French,S,Mum,70,82,3,73,No,Bad,Under-7,H
xapi_edu_0547,train,F,Jordan,Jordan,lowerlevel,G-02,B,French,F,Mum,10,94,40,11,Yes,Good,Under-7,M
xapi_edu_0924,train,M,KW,KuwaIT,lowerlevel,G-02,B,French,S,Mum,60,52,23,33,No,Good,Under-7,M
xapi_edu_0058,valid,F,Jordan,Jordan,MiddleSchool,G-08,A,Chemistry,F,Father,15,97,22,10,Yes,Good,Under-7,H
xapi_edu_0650,train,F,KW,KuwaIT,MiddleSchool,G-07,B,Science,S,Mum,72,80,58,66,Yes,Good,Above-7,M
xapi_edu_0301,train,F,Jordan,Jordan,lowerlevel,G-02,B,French,F,Mum,14,97,15,14,No,Good,Under-7,H
xapi_edu_1055,train,M,Jordan,Jordan,lowerlevel,G-02,B,Arabic,S,Mum,32,82,59,63,Yes,Bad,Above-7,M
xapi_edu_0166,valid,F,Jordan,Jordan,MiddleSchool,G-06,A,English,S,Mum,97,87,82,86,No,Good,Under-7,H
xapi_edu_1849,valid,F,Jordan,Jordan,MiddleSchool,G-06,A,English,S,Mum,97,87,82,86,No,Good,Under-7,H
xapi_edu_0851,train,M,Jordan,Jordan,MiddleSchool,G-08,A,History,S,Mum,70,76,65,70,Yes,Good,Above-7,M
xapi_edu_1636,test,M,Jordan,Jordan,lowerlevel,G-02,B,French,F,Mum,30,98,42,21,Yes,Good,Under-7,H
xapi_edu_1007,train,M,Jordan,SaudiArabia,MiddleSchool,G-08,A,Geology,F,Father,85,89,22,61,No,Bad,Under-7,H
xapi_edu_1354,valid,M,KW,KuwaIT,MiddleSchool,G-08,C,Spanish,S,Mum,96,61,42,94,Yes,Bad,Under-7,H
xapi_edu_1950,train,M,KW,KuwaIT,MiddleSchool,G-08,A,Arabic,S,Mum,83,75,62,53,No,Bad,Under-7,H
xapi_edu_0361,train,M,Jordan,Jordan,MiddleSchool,G-08,A,History,F,Mum,87,92,74,89,Yes,Good,Under-7,H
xapi_edu_1601,valid,F,Jordan,Jordan,MiddleSchool,G-08,A,History,F,Father,45,87,57,80,Yes,Good,Under-7,M
xapi_edu_1157,test,M,KW,KuwaIT,lowerlevel,G-02,B,IT,F,Father,70,90,41,33,Yes,Bad,Under-7,H
xapi_edu_1998,valid,F,KW,KuwaIT,MiddleSchool,G-06,A,Science,S,Father,80,94,62,77,Yes,Good,Under-7,H
xapi_edu_1911,train,M,KW,KuwaIT,MiddleSchool,G-08,C,Spanish,S,Father,70,81,39,84,No,Bad,Under-7,M
xapi_edu_1426,train,M,KW,KuwaIT,lowerlevel,G-04,A,English,S,Mum,69,34,12,17,No,Bad,Above-7,L
xapi_edu_1951,valid,M,KW,KuwaIT,lowerlevel,G-04,A,English,S,Mum,69,34,12,17,No,Bad,Above-7,L
xapi_edu_1992,valid,F,KW,KuwaIT,lowerlevel,G-02,B,IT,F,Father,12,26,7,40,Yes,Good,Under-7,M
xapi_edu_1323,valid,M,Tunis,Tunis,HighSchool,G-11,B,Science,S,Father,70,50,33,40,No,Good,Under-7,M
xapi_edu_1539,train,M,KW,KuwaIT,MiddleSchool,G-07,A,English,F,Father,10,12,17,30,No,Bad,Above-7,L
xapi_edu_1547,valid,M,KW,KuwaIT,lowerlevel,G-02,A,IT,F,Father,8,25,1,70,No,Bad,Above-7,L
xapi_edu_1844,train,F,Jordan,Jordan,lowerlevel,G-04,A,Science,S,Father,42,24,12,24,No,Bad,Above-7,L
xapi_edu_1179,train,F,Jordan,Jordan,MiddleSchool,G-08,A,History,S,Father,35,14,23,62,No,Bad,Above-7,L
xapi_edu_1605,train,F,Lybia,Lybia,MiddleSchool,G-07,B,Biology,F,Mum,10,9,2,1,No,Good,Above-7,L
xapi_edu_1387,train,M,Jordan,Palestine,MiddleSchool,G-07,A,Biology,F,Mum,78,91,50,40,Yes,Good,Under-7,H
xapi_edu_0949,test,M,Lybia,Lybia,lowerlevel,G-02,B,French,S,Mum,15,4,12,7,No,Good,Above-7,L
xapi_edu_0075,train,F,Palestine,Jordan,lowerlevel,G-02,A,Arabic,F,Mum,98,88,60,31,No,Good,Under-7,H
xapi_edu_1120,test,M,Jordan,SaudiArabia,lowerlevel,G-02,B,Arabic,F,Mum,4,10,11,7,No,Good,Above-7,L
xapi_edu_0120,test,M,Jordan,Jordan,lowerlevel,G-04,A,Science,F,Father,18,17,26,34,No,Good,Above-7,M
xapi_edu_1289,train,F,Jordan,Jordan,MiddleSchool,G-08,A,Geology,F,Mum,80,82,64,58,Yes,Good,Under-7,H
xapi_edu_1136,train,M,Jordan,Jordan,lowerlevel,G-02,A,French,F,Father,10,15,10,21,No,Bad,Above-7,L
xapi_edu_1478,test,M,KW,KuwaIT,MiddleSchool,G-07,B,IT,F,Mum,70,50,40,99,Yes,Good,Under-7,H
xapi_edu_0589,train,M,KW,KuwaIT,MiddleSchool,G-07,B,Science,S,Father,12,8,18,26,No,Bad,Above-7,L
xapi_edu_0229,test,F,Egypt,Egypt,MiddleSchool,G-07,A,Quran,S,Mum,70,80,95,70,Yes,Good,Under-7,H
xapi_edu_0793,train,M,KW,KuwaIT,lowerlevel,G-02,B,IT,F,Father,70,90,41,33,Yes,Bad,Under-7,H
xapi_edu_1505,train,M,Tunis,Tunis,MiddleSchool,G-08,C,Spanish,S,Mum,27,41,49,14,No,Bad,Under-7,M
xapi_edu_1545,train,M,Jordan,Jordan,MiddleSchool,G-08,A,Geology,S,Mum,90,86,85,10,Yes,Good,Under-7,M
xapi_edu_0690,train,M,Palestine,Jordan,MiddleSchool,G-06,A,English,S,Mum,92,31,42,27,Yes,Good,Under-7,H
xapi_edu_0515,valid,M,Iraq,Iraq,MiddleSchool,G-08,A,Geology,F,Father,80,83,82,71,Yes,Good,Above-7,M
xapi_edu_1731,train,M,Palestine,Palestine,MiddleSchool,G-08,A,Geology,S,Father,85,88,79,70,Yes,Good,Under-7,M
xapi_edu_0856,train,F,Jordan,Jordan,lowerlevel,G-02,B,French,S,Mum,25,89,21,13,Yes,Good,Under-7,M
xapi_edu_1113,train,M,Syria,Syria,lowerlevel,G-02,A,French,F,Father,24,35,18,31,No,Bad,Under-7,M
xapi_edu_0102,train,F,Jordan,lebanon,lowerlevel,G-04,B,Science,F,Mum,78,88,74,83,Yes,Good,Under-7,H
xapi_edu_0590,train,M,Jordan,Jordan,MiddleSchool,G-07,A,Biology,S,Father,65,89,64,82,No,Good,Under-7,H
xapi_edu_1715,train,F,KW,KuwaIT,lowerlevel,G-02,C,IT,F,Father,14,60,11,75,Yes,Good,Under-7,H
xapi_edu_1469,valid,M,SaudiArabia,SaudiArabia,lowerlevel,G-02,B,IT,F,Father,70,12,40,50,Yes,Good,Under-7,H
xapi_edu_1089,train,M,KW,KuwaIT,MiddleSchool,G-07,A,Math,F,Father,50,88,30,80,Yes,Good,Under-7,H
xapi_edu_0062,train,F,USA,USA,MiddleSchool,G-07,A,Math,F,Father,27,22,22,40,No,Good,Under-7,M
xapi_edu_1979,train,M,KW,KuwaIT,lowerlevel,G-04,A,IT,S,Father,65,86,62,40,No,Good,Above-7,M
xapi_edu_1257,train,M,Jordan,Jordan,MiddleSchool,G-06,A,English,S,Father,41,39,35,39,Yes,Bad,Above-7,M
xapi_edu_0780,valid,M,Jordan,Jordan,lowerlevel,G-04,B,Science,S,Father,42,34,29,39,No,Good,Above-7,M
xapi_edu_1803,train,M,lebanon,lebanon,MiddleSchool,G-08,A,Math,F,Father,20,14,12,19,No,Bad,Above-7,L
xapi_edu_0724,train,F,Jordan,Jordan,lowerlevel,G-02,B,Arabic,F,Father,11,20,20,98,No,Bad,Above-7,L
xapi_edu_1072,valid,M,Iraq,Iraq,lowerlevel,G-04,A,Science,S,Father,62,64,72,84,Yes,Good,Above-7,M
xapi_edu_0404,test,F,Jordan,Jordan,MiddleSchool,G-08,A,Geology,S,Mum,87,93,63,60,Yes,Good,Under-7,H
xapi_edu_1105,train,F,KW,KuwaIT,HighSchool,G-11,A,Science,F,Mum,49,70,19,75,Yes,Good,Under-7,H
xapi_edu_1433,test,M,Syria,Syria,MiddleSchool,G-07,A,Quran,F,Father,19,72,15,50,Yes,Good,Above-7,M
xapi_edu_0986,train,F,Jordan,USA,lowerlevel,G-02,B,French,S,Mum,60,82,93,43,No,Bad,Above-7,M
xapi_edu_0379,train,F,USA,USA,lowerlevel,G-02,B,French,S,Mum,15,52,83,11,Yes,Bad,Under-7,M
xapi_edu_1284,train,M,Jordan,Jordan,lowerlevel,G-02,C,IT,F,Father,80,42,20,50,Yes,Good,Under-7,M
xapi_edu_1064,train,F,KW,USA,HighSchool,G-11,A,Quran,F,Mum,60,80,50,40,No,Bad,Under-7,M
xapi_edu_0151,train,M,Jordan,Jordan,lowerlevel,G-04,A,Science,S,Father,22,34,15,9,No,Bad,Above-7,L
xapi_edu_0294,valid,M,Iraq,Iraq,lowerlevel,G-02,A,Arabic,F,Father,80,95,21,28,Yes,Good,Under-7,H
xapi_edu_1388,train,M,Morocco,Morocco,MiddleSchool,G-08,A,Arabic,S,Mum,81,75,62,53,No,Bad,Under-7,M
xapi_edu_1485,test,F,Jordan,Jordan,lowerlevel,G-04,A,Science,S,Father,42,24,12,24,No,Bad,Above-7,L
xapi_edu_0595,train,F,Jordan,Jordan,lowerlevel,G-04,B,Science,F,Mum,11,20,21,23,No,Bad,Under-7,M
xapi_edu_1879,test,M,Iran,Iran,MiddleSchool,G-08,A,Spanish,S,Mum,51,42,12,29,No,Bad,Above-7,M
xapi_edu_0883,train,F,Lybia,Lybia,MiddleSchool,G-07,B,Biology,S,Mum,9,7,9,3,No,Good,Above-7,L
xapi_edu_0318,train,M,Iraq,Iraq,lowerlevel,G-04,A,Science,S,Father,62,64,72,84,Yes,Good,Above-7,M
xapi_edu_0940,valid,M,KW,KuwaIT,HighSchool,G-11,B,Math,S,Mum,73,84,77,81,Yes,Good,Above-7,H
xapi_edu_1174,train,M,KW,KuwaIT,lowerlevel,G-02,C,IT,F,Father,0,6,4,15,Yes,Bad,Under-7,L
xapi_edu_1398,train,M,KW,KuwaIT,lowerlevel,G-02,B,IT,F,Father,0,8,11,70,Yes,Good,Above-7,L
xapi_edu_1139,valid,M,KW,KuwaIT,lowerlevel,G-02,C,IT,F,Mum,21,12,0,50,Yes,Good,Under-7,M
xapi_edu_0317,train,M,KW,KuwaIT,MiddleSchool,G-07,B,Math,F,Father,19,6,19,12,Yes,Good,Under-7,M
xapi_edu_0624,train,F,Palestine,Palestine,lowerlevel,G-04,A,Science,S,Mum,62,64,72,84,Yes,Good,Under-7,H
xapi_edu_0905,train,M,Tunis,Tunis,MiddleSchool,G-07,A,Quran,F,Father,10,60,5,20,Yes,Bad,Above-7,L
xapi_edu_0791,test,F,KW,KuwaIT,lowerlevel,G-02,B,IT,F,Father,3,12,4,33,No,Bad,Under-7,L
xapi_edu_0546,train,M,Egypt,Egypt,lowerlevel,G-02,B,French,F,Mum,5,13,6,6,No,Good,Above-7,L
xapi_edu_0240,train,M,KW,KuwaIT,HighSchool,G-11,A,Quran,F,Father,13,3,11,9,No,Bad,Above-7,L
xapi_edu_0850,test,M,SaudiArabia,SaudiArabia,lowerlevel,G-02,B,IT,F,Father,70,12,40,50,Yes,Good,Under-7,H
xapi_edu_1809,train,M,Jordan,Jordan,lowerlevel,G-04,A,Science,S,Father,32,14,32,29,No,Good,Above-7,M
xapi_edu_1295,valid,M,KW,KuwaIT,lowerlevel,G-02,B,IT,F,Father,2,5,3,50,No,Bad,Above-7,L
xapi_edu_0113,test,M,KW,KuwaIT,MiddleSchool,G-08,A,Arabic,S,Mum,92,65,62,53,Yes,Good,Under-7,H
xapi_edu_1516,test,F,lebanon,lebanon,MiddleSchool,G-07,A,Quran,S,Mum,100,75,50,70,Yes,Good,Under-7,H
xapi_edu_0803,test,F,Jordan,Jordan,MiddleSchool,G-06,A,English,S,Mum,79,84,82,37,No,Bad,Under-7,H
xapi_edu_1443,valid,F,Jordan,Jordan,lowerlevel,G-02,B,Arabic,S,Father,10,12,29,93,No,Bad,Above-7,L
xapi_edu_0373,test,M,KW,KuwaIT,MiddleSchool,G-07,A,Quran,S,Father,10,10,15,19,No,Bad,Above-7,L
xapi_edu_1772,valid,F,Jordan,Jordan,lowerlevel,G-02,B,French,S,Father,50,62,73,43,Yes,Bad,Above-7,M
xapi_edu_0506,train,F,Jordan,Jordan,MiddleSchool,G-06,A,English,S,Mum,97,87,82,86,No,Good,Under-7,H
xapi_edu_0917,train,M,KW,KuwaIT,HighSchool,G-09,A,IT,F,Father,20,80,33,33,Yes,Good,Under-7,M
xapi_edu_1546,train,M,Iraq,Iraq,lowerlevel,G-04,A,Science,F,Father,90,86,82,74,Yes,Good,Above-7,M
xapi_edu_1283,train,F,Iraq,Iraq,lowerlevel,G-02,B,French,F,Father,16,90,15,11,No,Good,Under-7,M
xapi_edu_0280,train,M,KW,KuwaIT,MiddleSchool,G-07,A,Quran,S,Father,80,90,55,19,Yes,Good,Under-7,H
xapi_edu_0588,test,F,lebanon,lebanon,MiddleSchool,G-07,A,Quran,S,Mum,100,75,50,70,Yes,Good,Under-7,H
xapi_edu_0838,train,M,Jordan,Jordan,MiddleSchool,G-08,A,Geology,S,Mum,71,84,67,80,Yes,Good,Under-7,M
xapi_edu_1438,train,F,lebanon,lebanon,MiddleSchool,G-08,A,Arabic,S,Mum,45,58,52,43,Yes,Good,Under-7,H
xapi_edu_1348,train,F,Jordan,Jordan,MiddleSchool,G-07,B,Science,S,Mum,32,80,58,46,Yes,Good,Above-7,M
xapi_edu_0274,train,F,Jordan,Palestine,lowerlevel,G-02,A,French,F,Mum,80,77,63,83,Yes,Good,Under-7,M
xapi_edu_1647,train,M,SaudiArabia,USA,HighSchool,G-11,B,Math,S,Father,70,58,73,91,Yes,Bad,Under-7,H
xapi_edu_0063,train,M,Tunis,SaudiArabia,MiddleSchool,G-07,A,Quran,S,Father,70,75,55,11,Yes,Bad,Under-7,M
xapi_edu_0571,train,M,KW,KuwaIT,lowerlevel,G-04,A,IT,F,Father,5,1,0,11,No,Bad,Above-7,L
xapi_edu_0740,train,M,KW,KuwaIT,MiddleSchool,G-07,A,IT,F,Father,19,20,16,50,No,Good,Under-7,M
xapi_edu_1245,valid,M,KW,KuwaIT,lowerlevel,G-02,B,IT,F,Father,50,7,9,50,Yes,Bad,Above-7,M
xapi_edu_1658,test,F,KW,KuwaIT,lowerlevel,G-02,B,IT,F,Father,66,90,55,12,Yes,Good,Above-7,M
xapi_edu_1095,train,M,Jordan,Jordan,lowerlevel,G-02,A,French,F,Father,10,15,10,21,No,Bad,Above-7,L
xapi_edu_0632,train,M,KW,KuwaIT,MiddleSchool,G-07,A,Math,F,Father,55,13,35,90,No,Bad,Above-7,M
xapi_edu_0833,train,M,KW,KuwaIT,MiddleSchool,G-07,B,IT,F,Father,36,30,20,80,No,Bad,Above-7,M
xapi_edu_1392,train,M,KW,KuwaIT,MiddleSchool,G-08,A,Arabic,S,Mum,85,75,62,53,Yes,Bad,Under-7,H
xapi_edu_1968,train,F,Jordan,Jordan,lowerlevel,G-02,B,Arabic,S,Father,10,12,29,93,No,Bad,Above-7,L
xapi_edu_1685,test,F,KW,KuwaIT,MiddleSchool,G-08,B,Arabic,S,Father,22,51,42,40,Yes,Bad,Under-7,M
xapi_edu_1834,train,F,Lybia,Lybia,MiddleSchool,G-07,B,Biology,F,Mum,10,9,2,1,No,Good,Above-7,L
xapi_edu_1885,train,M,Jordan,Jordan,lowerlevel,G-02,A,French,S,Father,30,10,20,5,No,Bad,Above-7,L
xapi_edu_1866,train,M,Jordan,Jordan,lowerlevel,G-02,A,Arabic,F,Father,20,88,31,28,Yes,Good,Above-7,M
xapi_edu_0714,train,M,KW,KuwaIT,MiddleSchool,G-08,C,Spanish,S,Father,17,61,42,14,No,Bad,Under-7,M
xapi_edu_1370,train,F,Jordan,Jordan,lowerlevel,G-02,B,French,F,Mum,14,97,15,14,No,Good,Under-7,H
xapi_edu_1820,train,M,KW,KuwaIT,MiddleSchool,G-08,B,Spanish,S,Mum,87,81,22,70,Yes,Bad,Under-7,H
xapi_edu_1714,train,M,KW,KuwaIT,lowerlevel,G-02,B,IT,F,Father,19,70,3,50,No,Bad,Under-7,L
xapi_edu_0216,valid,F,KW,KuwaIT,MiddleSchool,G-08,A,Arabic,S,Father,80,71,52,51,Yes,Good,Under-7,M
xapi_edu_0472,train,M,Jordan,Jordan,MiddleSchool,G-08,A,History,F,Mum,87,92,74,89,Yes,Good,Under-7,H
xapi_edu_1622,train,F,Egypt,Egypt,MiddleSchool,G-07,A,IT,F,Father,45,54,26,90,Yes,Good,Under-7,M
xapi_edu_1276,train,F,Jordan,Jordan,MiddleSchool,G-08,A,Geology,F,Father,25,82,52,20,Yes,Good,Above-7,M
xapi_edu_1917,train,M,KW,KuwaIT,MiddleSchool,G-08,B,Spanish,S,Father,2,11,62,30,No,Bad,Under-7,L
xapi_edu_0742,train,M,KW,KuwaIT,MiddleSchool,G-08,A,Arabic,S,Mum,75,71,72,53,Yes,Good,Under-7,H
xapi_edu_1290,test,F,Jordan,Jordan,lowerlevel,G-02,B,French,S,Mum,24,97,15,14,No,Good,Under-7,H
xapi_edu_1588,train,M,KW,KuwaIT,lowerlevel,G-02,B,IT,F,Father,1,7,6,10,No,Bad,Above-7,L
xapi_edu_0720,valid,M,Jordan,Jordan,MiddleSchool,G-08,A,Geology,S,Mum,90,86,85,10,Yes,Good,Under-7,M
xapi_edu_0201,train,M,KW,KuwaIT,MiddleSchool,G-07,B,Science,S,Father,72,80,58,66,Yes,Good,Above-7,M
xapi_edu_1926,train,M,KW,KuwaIT,lowerlevel,G-02,B,IT,F,Father,1,7,6,10,No,Bad,Above-7,L
xapi_edu_1548,train,M,KW,KuwaIT,lowerlevel,G-04,A,IT,F,Father,15,16,2,20,Yes,Good,Under-7,M
xapi_edu_0897,train,M,Tunis,SaudiArabia,MiddleSchool,G-07,A,Quran,S,Father,70,75,55,11,Yes,Bad,Under-7,M
xapi_edu_0118,train,M,SaudiArabia,SaudiArabia,lowerlevel,G-02,B,IT,F,Father,7,12,5,3,No,Bad,Above-7,M
xapi_edu_0542,train,M,KW,KuwaIT,HighSchool,G-09,A,IT,F,Father,20,80,33,33,Yes,Good,Under-7,M
xapi_edu_0395,train,M,KW,KuwaIT,HighSchool,G-12,A,English,F,Father,13,5,18,19,No,Bad,Above-7,L
xapi_edu_0077,train,M,SaudiArabia,SaudiArabia,lowerlevel,G-02,B,IT,F,Father,7,12,5,3,No,Bad,Above-7,M
xapi_edu_1804,valid,M,KW,KuwaIT,lowerlevel,G-02,C,IT,F,Mum,0,4,8,30,No,Bad,Above-7,L
xapi_edu_0174,train,M,KW,KuwaIT,MiddleSchool,G-07,B,IT,F,Father,19,19,25,40,Yes,Bad,Under-7,M
xapi_edu_1004,train,F,Jordan,Jordan,lowerlevel,G-02,B,French,S,Mum,70,82,3,73,No,Bad,Under-7,H
xapi_edu_1558,train,F,Palestine,Jordan,lowerlevel,G-02,A,French,F,Mum,70,90,20,21,No,Good,Under-7,M
xapi_edu_1190,train,F,KW,KuwaIT,lowerlevel,G-02,B,IT,F,Father,12,26,7,40,Yes,Good,Under-7,M
xapi_edu_1955,train,M,Morocco,Morocco,MiddleSchool,G-08,B,Arabic,S,Father,27,15,42,53,No,Bad,Above-7,L
xapi_edu_0494,test,F,Jordan,Jordan,MiddleSchool,G-08,A,Chemistry,S,Mum,89,96,45,92,Yes,Good,Under-7,H
xapi_edu_0706,valid,M,Jordan,USA,MiddleSchool,G-07,A,Quran,F,Mum,100,85,85,70,No,Bad,Under-7,M
xapi_edu_1836,train,M,KW,KuwaIT,lowerlevel,G-02,B,IT,F,Father,80,90,55,19,Yes,Good,Under-7,H
xapi_edu_1098,train,F,Egypt,Egypt,MiddleSchool,G-07,A,IT,F,Father,45,54,26,90,Yes,Good,Under-7,M
xapi_edu_1891,valid,F,Jordan,Jordan,MiddleSchool,G-08,A,Chemistry,F,Father,15,9,14,80,No,Bad,Above-7,L
xapi_edu_1339,train,M,Jordan,Jordan,lowerlevel,G-02,A,Arabic,F,Father,20,88,31,28,Yes,Good,Above-7,M
xapi_edu_1352,train,F,KW,KuwaIT,lowerlevel,G-04,A,History,S,Father,70,99,66,65,No,Good,Under-7,M
xapi_edu_1920,train,M,KW,KuwaIT,HighSchool,G-11,A,Quran,F,Father,13,3,11,9,No,Bad,Above-7,L
xapi_edu_1333,train,F,Jordan,Jordan,lowerlevel,G-02,B,Arabic,F,Father,11,20,20,98,No,Bad,Above-7,L
xapi_edu_0598,train,F,KW,KuwaIT,lowerlevel,G-04,A,IT,F,Father,42,30,13,70,Yes,Bad,Above-7,M
xapi_edu_0260,valid,F,Jordan,Jordan,lowerlevel,G-02,A,Arabic,S,Father,5,9,19,98,No,Bad,Above-7,L
xapi_edu_1444,valid,M,Palestine,Palestine,MiddleSchool,G-08,A,Geology,F,Father,80,87,74,68,Yes,Good,Under-7,M
xapi_edu_0841,train,F,Jordan,Jordan,lowerlevel,G-02,A,French,F,Mum,60,97,13,3,Yes,Good,Under-7,H
xapi_edu_1537,train,F,Jordan,Jordan,MiddleSchool,G-08,A,Chemistry,F,Father,15,9,14,80,No,Bad,Above-7,L
xapi_edu_1782,train,F,lebanon,lebanon,MiddleSchool,G-07,A,Quran,S,Father,10,79,30,30,No,Bad,Under-7,M
xapi_edu_1041,train,M,Jordan,SaudiArabia,MiddleSchool,G-08,A,Chemistry,S,Father,11,2,9,49,No,Bad,Above-7,L
xapi_edu_1293,train,M,KW,KuwaIT,MiddleSchool,G-08,B,Arabic,S,Mum,15,90,52,83,Yes,Bad,Under-7,H
xapi_edu_0960,train,M,KW,KuwaIT,MiddleSchool,G-07,B,IT,F,Mum,70,50,40,99,Yes,Good,Under-7,H
xapi_edu_0288,train,F,Jordan,Jordan,lowerlevel,G-02,B,French,S,Mum,23,82,20,30,No,Good,Under-7,H
xapi_edu_0881,train,F,SaudiArabia,SaudiArabia,lowerlevel,G-02,B,French,S,Father,60,70,63,93,Yes,Bad,Under-7,H
xapi_edu_1862,train,F,KW,KuwaIT,MiddleSchool,G-08,A,Math,F,Mum,62,70,44,60,No,Bad,Above-7,H
xapi_edu_0124,valid,M,Jordan,Jordan,MiddleSchool,G-08,A,Chemistry,F,Mum,80,80,62,11,Yes,Good,Above-7,M
xapi_edu_1909,train,F,Jordan,Jordan,MiddleSchool,G-08,A,Chemistry,S,Mum,84,92,29,43,Yes,Good,Under-7,H
xapi_edu_0800,valid,M,KW,KuwaIT,lowerlevel,G-04,A,IT,S,Father,65,86,62,40,No,Good,Above-7,M
xapi_edu_1882,train,F,Jordan,Jordan,MiddleSchool,G-07,B,Biology,S,Mum,59,90,19,43,No,Good,Under-7,H
xapi_edu_0051,valid,M,Jordan,Jordan,MiddleSchool,G-06,A,English,S,Father,41,39,35,39,Yes,Bad,Above-7,M
xapi_edu_1535,train,M,Palestine,Jordan,lowerlevel,G-02,A,Arabic,S,Father,80,88,51,39,Yes,Good,Under-7,H
xapi_edu_0346,valid,M,Morocco,Morocco,MiddleSchool,G-08,A,Arabic,S,Mum,53,75,72,23,No,Bad,Under-7,M
xapi_edu_0543,valid,M,Iraq,Iraq,MiddleSchool,G-06,A,English,S,Mum,74,60,56,37,No,Good,Under-7,H
xapi_edu_1568,train,F,KW,KuwaIT,lowerlevel,G-04,A,History,S,Father,80,97,86,95,Yes,Good,Under-7,M
xapi_edu_1192,train,M,KW,KuwaIT,MiddleSchool,G-08,B,Arabic,S,Father,25,5,12,33,Yes,Good,Under-7,M
xapi_edu_1649,train,F,Jordan,Jordan,MiddleSchool,G-08,A,Chemistry,S,Mum,84,92,29,43,Yes,Good,Under-7,H
xapi_edu_0970,train,F,KW,KuwaIT,lowerlevel,G-02,C,IT,F,Mum,24,35,23,22,Yes,Good,Above-7,M
xapi_edu_0440,train,M,KW,KuwaIT,MiddleSchool,G-07,A,IT,F,Father,8,7,30,40,Yes,Good,Above-7,L
xapi_edu_0396,train,M,SaudiArabia,USA,HighSchool,G-11,A,Science,S,Father,23,63,71,89,Yes,Good,Under-7,M
xapi_edu_1623,train,M,KW,KuwaIT,MiddleSchool,G-07,B,Science,S,Mum,72,80,98,96,Yes,Bad,Under-7,H
xapi_edu_0194,train,F,KW,KuwaIT,MiddleSchool,G-07,A,English,F,Father,19,30,26,19,Yes,Bad,Above-7,M
xapi_edu_1159,train,M,KW,KuwaIT,lowerlevel,G-02,B,IT,F,Father,0,8,11,70,Yes,Good,Above-7,L
xapi_edu_1556,valid,F,Jordan,Jordan,lowerlevel,G-02,A,French,F,Mum,10,90,30,21,No,Good,Under-7,M
xapi_edu_1002,train,F,KW,KuwaIT,MiddleSchool,G-06,A,Math,S,Father,87,48,82,96,No,Bad,Above-7,M
xapi_edu_1839,train,M,Jordan,Jordan,lowerlevel,G-02,B,French,S,Mum,35,92,29,33,No,Bad,Under-7,M
xapi_edu_1692,test,F,KW,KuwaIT,HighSchool,G-12,A,English,F,Father,25,10,19,30,No,Bad,Above-7,M
xapi_edu_0498,train,F,Jordan,Jordan,MiddleSchool,G-07,B,Biology,F,Mum,70,89,12,21,No,Good,Under-7,H
xapi_edu_0605,train,F,Palestine,Palestine,lowerlevel,G-04,A,Science,S,Mum,62,64,72,84,Yes,Good,Under-7,H
xapi_edu_1495,train,F,Jordan,Jordan,MiddleSchool,G-06,A,English,F,Mum,95,94,72,80,No,Good,Under-7,H
xapi_edu_1701,train,M,Jordan,Jordan,lowerlevel,G-04,B,Science,F,Mum,65,59,74,83,Yes,Good,Under-7,H
xapi_edu_0621,train,M,KW,KuwaIT,MiddleSchool,G-07,B,IT,F,Mum,70,50,40,99,Yes,Good,Under-7,H
xapi_edu_1081,train,M,lebanon,Jordan,MiddleSchool,G-08,A,Arabic,S,Mum,87,65,82,33,Yes,Good,Under-7,H
xapi_edu_0412,train,F,KW,KuwaIT,HighSchool,G-12,A,English,F,Mum,70,4,39,90,Yes,Good,Under-7,H
xapi_edu_1987,train,F,KW,KuwaIT,lowerlevel,G-02,B,IT,F,Father,3,12,4,33,No,Bad,Under-7,L
xapi_edu_0059,train,M,Jordan,Jordan,MiddleSchool,G-07,A,Biology,S,Father,65,89,64,82,No,Good,Under-7,H
xapi_edu_0615,valid,M,Jordan,Jordan,lowerlevel,G-02,B,French,S,Mum,55,72,83,14,Yes,Good,Above-7,M
xapi_edu_0465,train,M,Jordan,Jordan,lowerlevel,G-02,A,French,S,Father,30,10,20,5,No,Bad,Above-7,L
xapi_edu_0424,train,F,Jordan,Jordan,MiddleSchool,G-08,A,Geology,F,Mum,70,69,46,45,Yes,Good,Above-7,M
xapi_edu_1108,test,F,Jordan,Jordan,MiddleSchool,G-06,A,English,F,Mum,70,64,42,32,No,Bad,Under-7,M
xapi_edu_1972,train,M,KW,KuwaIT,MiddleSchool,G-06,A,IT,F,Father,0,0,0,4,No,Bad,Above-7,L
xapi_edu_1768,train,M,KW,KuwaIT,MiddleSchool,G-08,C,Spanish,S,Father,17,50,2,4,No,Bad,Above-7,L
xapi_edu_1322,train,F,KW,KuwaIT,lowerlevel,G-04,A,History,S,Mum,21,27,52,34,Yes,Good,Above-7,M
xapi_edu_0581,train,M,KW,KuwaIT,MiddleSchool,G-08,A,Science,F,Father,75,85,52,43,Yes,Good,Under-7,M
xapi_edu_1465,train,M,KW,KuwaIT,MiddleSchool,G-07,B,Science,S,Mum,72,80,98,96,Yes,Bad,Under-7,H
xapi_edu_0758,train,F,KW,KuwaIT,MiddleSchool,G-07,A,English,F,Father,19,30,26,19,Yes,Bad,Above-7,M
xapi_edu_1965,train,M,KW,KuwaIT,lowerlevel,G-02,B,IT,F,Father,55,33,6,9,No,Bad,Above-7,L
xapi_edu_0511,train,M,Palestine,Palestine,MiddleSchool,G-08,A,Geology,S,Father,85,88,79,70,Yes,Good,Under-7,M
xapi_edu_0623,test,F,Iraq,Iraq,lowerlevel,G-02,B,French,S,Father,17,80,13,10,No,Good,Under-7,M
xapi_edu_1814,valid,F,Jordan,Jordan,lowerlevel,G-02,A,French,S,Mum,50,80,20,15,Yes,Good,Above-7,M
xapi_edu_0105,valid,F,Jordan,Jordan,MiddleSchool,G-07,A,Quran,S,Father,60,55,30,40,No,Bad,Under-7,M
xapi_edu_0525,train,M,KW,KuwaIT,MiddleSchool,G-08,A,Arabic,S,Father,23,25,32,53,No,Bad,Under-7,L
xapi_edu_0162,train,M,KW,KuwaIT,lowerlevel,G-04,A,IT,F,Father,30,25,5,35,No,Bad,Above-7,L
xapi_edu_0614,train,F,Jordan,Jordan,lowerlevel,G-04,A,Science,F,Mum,98,87,86,84,No,Good,Under-7,H
xapi_edu_0377,train,F,KW,KuwaIT,HighSchool,G-09,A,IT,F,Father,30,35,28,90,Yes,Good,Under-7,M
xapi_edu_0813,train,F,Iran,Iran,lowerlevel,G-02,C,IT,F,Father,2,9,7,55,Yes,Good,Under-7,M
xapi_edu_0763,train,F,Jordan,Jordan,lowerlevel,G-02,A,French,S,Mum,25,80,29,23,No,Good,Under-7,M
xapi_edu_1758,train,F,lebanon,lebanon,MiddleSchool,G-07,A,Quran,S,Father,10,79,30,30,No,Bad,Under-7,M
xapi_edu_1969,train,F,Jordan,Jordan,lowerlevel,G-04,A,Science,F,Father,49,36,32,44,No,Bad,Above-7,L
xapi_edu_0842,train,F,Jordan,Jordan,MiddleSchool,G-08,A,Chemistry,F,Father,85,90,52,30,Yes,Good,Under-7,H
xapi_edu_1250,valid,M,KW,KuwaIT,MiddleSchool,G-08,C,Spanish,S,Father,5,21,42,14,No,Good,Above-7,L
xapi_edu_0910,train,M,Jordan,SaudiArabia,MiddleSchool,G-08,A,Geology,S,Father,87,79,73,98,No,Bad,Under-7,M
xapi_edu_0013,train,F,Jordan,Jordan,lowerlevel,G-02,B,French,S,Mum,25,89,21,13,Yes,Good,Under-7,M
xapi_edu_0049,train,F,USA,USA,HighSchool,G-12,A,English,F,Mum,65,75,23,80,Yes,Good,Under-7,H
xapi_edu_1787,valid,F,Jordan,Jordan,MiddleSchool,G-08,A,Geology,F,Mum,70,69,46,45,Yes,Good,Above-7,M
xapi_edu_1687,train,F,lebanon,lebanon,lowerlevel,G-02,B,French,S,Mum,80,42,33,13,Yes,Bad,Under-7,H
xapi_edu_0871,test,M,Iraq,Iraq,lowerlevel,G-02,A,Arabic,F,Father,80,95,21,28,Yes,Good,Under-7,H
xapi_edu_1424,train,M,KW,KuwaIT,MiddleSchool,G-08,C,Spanish,S,Mum,57,51,46,34,Yes,Good,Under-7,M
xapi_edu_0510,valid,M,Jordan,Jordan,lowerlevel,G-02,B,French,F,Mum,40,87,50,41,No,Bad,Under-7,M
xapi_edu_0553,train,M,Jordan,Jordan,lowerlevel,G-02,B,Arabic,S,Father,12,22,59,83,Yes,Bad,Above-7,L
xapi_edu_1453,valid,F,Syria,Syria,MiddleSchool,G-07,A,Biology,S,Mum,80,91,87,72,Yes,Good,Under-7,H
xapi_edu_1309,train,M,Jordan,Jordan,lowerlevel,G-04,A,Science,F,Father,18,17,26,34,No,Good,Above-7,M
xapi_edu_1905,valid,M,Jordan,Jordan,MiddleSchool,G-06,A,English,S,Father,41,39,35,39,Yes,Bad,Above-7,M
xapi_edu_0699,valid,M,KW,KuwaIT,MiddleSchool,G-07,A,Math,F,Father,11,2,2,8,No,Bad,Under-7,L
xapi_edu_0548,train,F,Jordan,Jordan,lowerlevel,G-04,B,Science,S,Mum,62,64,69,49,Yes,Good,Under-7,H
xapi_edu_1107,train,F,Jordan,Jordan,MiddleSchool,G-08,A,Geology,S,Father,29,78,40,12,Yes,Good,Above-7,M
xapi_edu_1517,train,M,KW,KuwaIT,lowerlevel,G-04,A,IT,F,Father,10,7,0,30,No,Bad,Above-7,L
xapi_edu_1194,test,M,KW,KuwaIT,MiddleSchool,G-08,A,Arabic,S,Mum,85,15,22,53,Yes,Good,Under-7,M
xapi_edu_0980,train,M,Jordan,Jordan,MiddleSchool,G-08,A,Geology,S,Mum,70,83,70,23,Yes,Good,Under-7,M
xapi_edu_0081,train,M,Iran,Iran,MiddleSchool,G-08,A,Spanish,S,Mum,51,42,12,29,No,Bad,Above-7,M
xapi_edu_1497,train,M,KW,KuwaIT,lowerlevel,G-04,A,Math,S,Father,15,6,32,40,Yes,Good,Under-7,H
xapi_edu_0357,train,M,Palestine,Palestine,MiddleSchool,G-07,A,Biology,F,Father,88,90,86,81,Yes,Good,Under-7,H
xapi_edu_1371,test,F,Jordan,Palestine,lowerlevel,G-02,A,French,F,Mum,80,77,63,83,Yes,Good,Under-7,M
xapi_edu_1286,train,F,Jordan,Jordan,lowerlevel,G-02,B,French,F,Mum,10,94,40,11,Yes,Good,Under-7,M
xapi_edu_0592,train,F,Jordan,Jordan,lowerlevel,G-04,A,Science,S,Father,42,24,12,24,No,Bad,Above-7,L
xapi_edu_0854,train,M,KW,KuwaIT,lowerlevel,G-05,A,English,F,Father,8,22,9,40,No,Bad,Above-7,L
xapi_edu_0641,train,M,Palestine,Jordan,MiddleSchool,G-06,A,English,F,Mum,82,31,52,25,No,Good,Under-7,M
xapi_edu_0995,train,F,Jordan,Jordan,lowerlevel,G-02,A,French,F,Mum,60,87,23,11,Yes,Good,Above-7,M
xapi_edu_1883,train,M,Palestine,Palestine,MiddleSchool,G-07,A,Biology,S,Father,89,92,89,83,Yes,Good,Under-7,H
xapi_edu_0781,train,M,Tunis,Tunis,MiddleSchool,G-07,A,Quran,S,Father,19,65,50,10,No,Bad,Above-7,L
xapi_edu_1116,train,M,KW,KuwaIT,HighSchool,G-12,A,English,F,Father,13,5,18,19,No,Bad,Above-7,L
xapi_edu_0798,train,M,KW,KuwaIT,MiddleSchool,G-08,C,Spanish,S,Father,17,61,42,14,No,Bad,Under-7,M
xapi_edu_0035,train,F,lebanon,lebanon,MiddleSchool,G-06,A,English,F,Mum,95,82,82,70,Yes,Good,Under-7,H
xapi_edu_1310,train,F,KW,KuwaIT,MiddleSchool,G-08,B,Arabic,S,Father,22,51,42,40,Yes,Bad,Under-7,M
xapi_edu_0328,train,M,Jordan,Jordan,MiddleSchool,G-07,A,Biology,F,Father,76,81,80,86,No,Good,Under-7,H
xapi_edu_1217,train,F,Jordan,USA,lowerlevel,G-02,B,French,S,Mum,60,82,93,43,No,Bad,Above-7,M
xapi_edu_0646,train,F,Jordan,Jordan,MiddleSchool,G-08,A,Geology,F,Father,50,77,14,28,No,Bad,Under-7,M
xapi_edu_1144,train,M,Jordan,Jordan,MiddleSchool,G-08,A,History,S,Mum,81,84,77,85,Yes,Good,Under-7,H
xapi_edu_1718,train,M,Palestine,Jordan,MiddleSchool,G-06,A,English,F,Mum,71,70,65,69,Yes,Good,Under-7,M
xapi_edu_0478,valid,M,Jordan,Jordan,lowerlevel,G-02,A,French,F,Father,10,15,10,21,No,Bad,Above-7,L
xapi_edu_0696,train,M,KW,KuwaIT,HighSchool,G-12,A,English,F,Father,39,15,16,50,No,Good,Above-7,L
xapi_edu_0197,train,M,Syria,Syria,lowerlevel,G-02,A,French,F,Father,24,35,18,31,No,Bad,Under-7,M
xapi_edu_0919,valid,M,KW,KuwaIT,HighSchool,G-09,A,IT,F,Father,10,12,7,33,Yes,Good,Above-7,L
xapi_edu_1277,train,M,KW,KuwaIT,MiddleSchool,G-08,A,Spanish,S,Mum,72,90,12,30,No,Bad,Under-7,M
xapi_edu_0672,train,M,Jordan,Jordan,MiddleSchool,G-07,A,Biology,S,Mum,3,8,19,3,No,Bad,Above-7,L
xapi_edu_1368,train,M,Jordan,Jordan,lowerlevel,G-02,A,Arabic,F,Father,10,18,71,38,Yes,Good,Above-7,M
xapi_edu_1816,train,F,Palestine,Jordan,lowerlevel,G-02,A,French,F,Mum,70,90,20,21,No,Good,Under-7,M
xapi_edu_0123,valid,M,KW,KuwaIT,MiddleSchool,G-07,A,Math,F,Father,50,88,30,80,Yes,Good,Under-7,H
xapi_edu_1419,train,M,KW,KuwaIT,MiddleSchool,G-07,B,IT,F,Father,36,30,20,80,No,Bad,Above-7,M
xapi_edu_1169,train,M,Palestine,Palestine,MiddleSchool,G-07,A,Biology,F,Father,88,90,86,81,Yes,Good,Under-7,H
xapi_edu_0253,train,M,Jordan,SaudiArabia,MiddleSchool,G-08,A,Chemistry,F,Father,10,0,2,41,No,Bad,Above-7,L
xapi_edu_0451,train,F,KW,KuwaIT,MiddleSchool,G-06,A,Science,S,Father,80,94,62,77,Yes,Good,Under-7,H
xapi_edu_0670,train,M,Iraq,Iraq,MiddleSchool,G-07,B,Biology,F,Father,98,90,86,71,Yes,Good,Under-7,H
xapi_edu_0117,train,M,venzuela,venzuela,HighSchool,G-10,A,IT,F,Mum,80,90,70,80,Yes,Good,Under-7,H
xapi_edu_0344,test,M,KW,KuwaIT,lowerlevel,G-02,B,IT,F,Father,4,8,10,60,Yes,Good,Above-7,L
xapi_edu_1643,train,M,Iraq,Iraq,MiddleSchool,G-08,A,Geology,S,Father,71,81,83,72,Yes,Good,Above-7,M
xapi_edu_0818,train,M,Jordan,Jordan,lowerlevel,G-02,A,French,F,Mum,60,92,83,23,Yes,Good,Under-7,H
xapi_edu_1881,test,F,Jordan,lebanon,MiddleSchool,G-07,A,Quran,S,Mum,100,75,50,70,Yes,Bad,Under-7,H
xapi_edu_1786,train,F,Jordan,Jordan,lowerlevel,G-02,A,French,F,Mum,10,90,30,21,No,Good,Under-7,M
xapi_edu_1351,train,F,SaudiArabia,SaudiArabia,MiddleSchool,G-08,B,Arabic,S,Mum,72,51,42,24,Yes,Bad,Above-7,H
xapi_edu_1502,train,M,Palestine,Palestine,MiddleSchool,G-07,A,Biology,S,Father,89,92,89,83,Yes,Good,Under-7,H
xapi_edu_0421,valid,F,Iraq,Iraq,MiddleSchool,G-07,A,Biology,S,Mum,90,90,57,22,Yes,Good,Under-7,H
xapi_edu_1226,valid,F,KW,KuwaIT,MiddleSchool,G-06,A,Math,S,Father,87,48,82,96,No,Bad,Above-7,M
xapi_edu_1281,test,M,Jordan,Jordan,lowerlevel,G-02,A,French,F,Father,40,7,50,41,No,Good,Above-7,L
xapi_edu_1440,test,M,Palestine,Jordan,lowerlevel,G-02,A,Arabic,S,Father,80,88,51,39,Yes,Good,Under-7,H
xapi_edu_1151,train,F,KW,KuwaIT,MiddleSchool,G-08,A,Math,F,Mum,62,70,44,60,No,Bad,Above-7,H
xapi_edu_1390,train,F,Jordan,Jordan,lowerlevel,G-04,B,Science,F,Mum,55,79,44,43,Yes,Good,Under-7,H
xapi_edu_0417,test,F,Palestine,Jordan,lowerlevel,G-02,B,French,S,Father,79,89,11,14,No,Good,Under-7,M
xapi_edu_1488,train,M,KW,KuwaIT,lowerlevel,G-04,A,English,S,Mum,69,34,12,17,No,Bad,Above-7,L
xapi_edu_0967,valid,M,KW,KuwaIT,lowerlevel,G-02,A,IT,F,Father,8,25,1,70,No,Bad,Above-7,L
xapi_edu_1956,train,M,Jordan,SaudiArabia,MiddleSchool,G-08,A,Geology,F,Father,85,89,22,61,No,Bad,Under-7,H
xapi_edu_0771,train,M,Iraq,Iraq,lowerlevel,G-02,A,Arabic,S,Father,78,70,31,29,Yes,Good,Under-7,H
xapi_edu_0914,valid,F,KW,KuwaIT,MiddleSchool,G-07,A,IT,F,Mum,69,15,36,96,Yes,Good,Under-7,M
xapi_edu_0700,test,M,Iraq,Iraq,MiddleSchool,G-08,A,History,S,Father,69,77,83,92,Yes,Good,Above-7,M
xapi_edu_1146,test,M,KW,KuwaIT,MiddleSchool,G-07,A,Math,F,Father,50,88,30,80,Yes,Good,Under-7,H
xapi_edu_0205,train,M,KW,KuwaIT,MiddleSchool,G-08,A,Arabic,S,Mum,85,15,22,53,Yes,Good,Under-7,M
xapi_edu_1262,train,M,Jordan,Jordan,MiddleSchool,G-08,A,History,S,Mum,81,84,77,85,Yes,Good,Under-7,H
xapi_edu_0983,train,F,Jordan,Jordan,lowerlevel,G-02,A,French,S,Mum,25,80,29,23,No,Good,Under-7,M
xapi_edu_0539,test,M,Tunis,Tunis,lowerlevel,G-02,B,French,S,Mum,80,92,83,43,Yes,Good,Under-7,H
xapi_edu_0909,train,M,Jordan,Jordan,lowerlevel,G-02,A,Arabic,F,Father,10,18,71,38,Yes,Good,Above-7,M
xapi_edu_0087,train,F,Jordan,Jordan,lowerlevel,G-04,A,Science,S,Father,42,24,12,24,No,Bad,Above-7,L
xapi_edu_0898,valid,F,SaudiArabia,USA,HighSchool,G-11,B,Science,S,Father,100,91,98,40,Yes,Bad,Under-7,H
xapi_edu_0036,train,M,Jordan,Jordan,lowerlevel,G-02,B,Arabic,S,Father,35,2,29,23,No,Bad,Above-7,L
xapi_edu_1247,train,F,Jordan,Jordan,lowerlevel,G-02,A,French,F,Mum,10,90,30,21,No,Good,Under-7,M
xapi_edu_0709,train,M,Jordan,Jordan,MiddleSchool,G-08,B,Arabic,S,Father,29,10,12,24,No,Bad,Above-7,L
xapi_edu_0131,valid,M,KW,KuwaIT,MiddleSchool,G-08,A,Arabic,S,Mum,85,75,62,53,Yes,Bad,Under-7,H
xapi_edu_1754,train,M,KW,KuwaIT,MiddleSchool,G-08,A,Arabic,S,Mum,75,71,72,53,Yes,Good,Under-7,H
xapi_edu_0944,train,F,Jordan,lebanon,MiddleSchool,G-07,A,Quran,S,Mum,100,75,50,70,Yes,Bad,Under-7,H
xapi_edu_0358,train,M,KW,KuwaIT,lowerlevel,G-02,B,IT,F,Father,7,5,2,80,Yes,Good,Above-7,L
xapi_edu_1785,test,M,Palestine,Jordan,MiddleSchool,G-07,B,Biology,F,Father,78,80,66,51,Yes,Good,Under-7,M
xapi_edu_0459,valid,M,Jordan,SaudiArabia,MiddleSchool,G-08,A,Chemistry,S,Father,11,2,9,49,No,Bad,Above-7,L
xapi_edu_0809,train,M,Jordan,Jordan,MiddleSchool,G-06,A,English,F,Father,42,21,2,16,No,Bad,Under-7,M
xapi_edu_0620,valid,M,KW,KuwaIT,lowerlevel,G-02,B,IT,F,Father,7,5,2,80,Yes,Good,Above-7,L
xapi_edu_1033,train,M,Jordan,SaudiArabia,MiddleSchool,G-08,A,Geology,F,Father,95,87,62,81,No,Bad,Under-7,M
xapi_edu_0398,valid,M,Syria,Syria,lowerlevel,G-02,B,French,S,Mum,20,52,23,33,Yes,Good,Above-7,L
xapi_edu_0448,train,F,KW,KuwaIT,MiddleSchool,G-07,A,IT,F,Father,14,13,3,70,No,Bad,Above-7,L
xapi_edu_1280,train,F,KW,KuwaIT,lowerlevel,G-02,C,IT,F,Mum,77,80,12,19,Yes,Good,Above-7,M
xapi_edu_1812,test,M,Jordan,Jordan,MiddleSchool,G-07,B,Science,S,Father,52,10,13,6,No,Bad,Above-7,L
xapi_edu_0323,valid,M,KW,KuwaIT,MiddleSchool,G-08,A,Arabic,S,Father,15,43,42,33,Yes,Good,Under-7,M
xapi_edu_1030,train,M,Jordan,Jordan,lowerlevel,G-02,B,French,S,Mum,35,97,41,23,Yes,Good,Under-7,H
xapi_edu_1580,test,M,Tunis,SaudiArabia,MiddleSchool,G-07,A,Quran,S,Father,70,75,55,11,Yes,Bad,Under-7,M
xapi_edu_0263,train,F,lebanon,lebanon,MiddleSchool,G-07,A,Quran,S,Father,10,79,30,30,No,Bad,Under-7,M
xapi_edu_1296,train,F,Jordan,Egypt,MiddleSchool,G-07,A,Quran,F,Mum,100,80,95,90,No,Bad,Under-7,H
xapi_edu_1418,train,M,KW,KuwaIT,MiddleSchool,G-07,A,Quran,S,Father,80,90,55,19,Yes,Good,Under-7,H
xapi_edu_0516,train,M,KW,KuwaIT,lowerlevel,G-02,B,French,S,Father,40,62,83,33,Yes,Good,Under-7,H
xapi_edu_1985,valid,M,KW,KuwaIT,MiddleSchool,G-07,A,IT,F,Father,4,5,40,16,Yes,Good,Above-7,L
xapi_edu_0526,test,M,KW,KuwaIT,lowerlevel,G-02,C,IT,F,Father,0,6,4,15,Yes,Bad,Under-7,L
xapi_edu_0652,train,M,Jordan,SaudiArabia,MiddleSchool,G-08,A,Geology,F,Father,85,89,22,61,No,Bad,Under-7,H
xapi_edu_1056,train,M,KW,KuwaIT,MiddleSchool,G-07,A,Math,F,Father,55,13,35,90,No,Bad,Above-7,M
xapi_edu_1393,train,M,KW,KuwaIT,lowerlevel,G-02,B,IT,F,Father,70,90,2,2,Yes,Good,Under-7,L
xapi_edu_1993,train,M,KW,KuwaIT,lowerlevel,G-02,B,IT,F,Father,2,5,3,50,No,Bad,Above-7,L
xapi_edu_1228,train,F,Jordan,Jordan,MiddleSchool,G-08,A,Geology,F,Mum,90,79,76,79,Yes,Good,Under-7,H
xapi_edu_1897,train,F,KW,KuwaIT,MiddleSchool,G-07,A,English,F,Father,19,30,26,19,Yes,Bad,Above-7,M
xapi_edu_1612,valid,F,SaudiArabia,SaudiArabia,lowerlevel,G-02,B,French,S,Father,60,70,63,93,Yes,Bad,Under-7,H
xapi_edu_0022,train,F,Jordan,Jordan,lowerlevel,G-02,A,French,S,Mum,25,80,29,23,No,Good,Under-7,M
xapi_edu_1751,train,F,KW,KuwaIT,MiddleSchool,G-08,A,Arabic,S,Father,85,66,12,23,No,Bad,Under-7,M
xapi_edu_0784,train,M,KW,KuwaIT,HighSchool,G-11,B,Math,S,Mum,73,84,77,81,Yes,Good,Above-7,H
xapi_edu_1057,train,M,KW,KuwaIT,lowerlevel,G-04,A,IT,F,Father,20,20,3,25,Yes,Good,Under-7,M
xapi_edu_0198,valid,F,Jordan,Jordan,MiddleSchool,G-08,A,Chemistry,S,Father,9,6,15,85,No,Bad,Above-7,L
xapi_edu_1922,test,M,Palestine,Jordan,MiddleSchool,G-06,A,English,S,Mum,75,71,76,80,Yes,Good,Under-7,M
xapi_edu_0616,train,F,KW,KuwaIT,HighSchool,G-12,A,English,F,Father,29,39,50,77,Yes,Good,Under-7,M
xapi_edu_0332,train,M,KW,KuwaIT,HighSchool,G-11,A,Quran,F,Father,13,3,11,9,No,Bad,Above-7,L
xapi_edu_1115,test,F,KW,KuwaIT,lowerlevel,G-02,C,IT,F,Mum,77,80,12,19,Yes,Good,Above-7,M
xapi_edu_0961,train,F,Jordan,Jordan,MiddleSchool,G-08,A,Chemistry,F,Mum,85,99,42,90,Yes,Good,Under-7,H
xapi_edu_0014,train,M,KW,KuwaIT,MiddleSchool,G-08,C,Spanish,S,Father,70,81,39,84,No,Bad,Under-7,M
xapi_edu_0819,train,M,KW,KuwaIT,HighSchool,G-10,A,IT,F,Father,17,13,16,12,Yes,Bad,Under-7,M
xapi_edu_0963,valid,F,Jordan,Jordan,MiddleSchool,G-06,A,English,F,Mum,51,79,85,89,Yes,Good,Under-7,H
xapi_edu_0562,train,F,lebanon,lebanon,MiddleSchool,G-08,A,Arabic,S,Mum,45,58,52,43,Yes,Good,Under-7,H
xapi_edu_1720,train,M,KW,KuwaIT,MiddleSchool,G-07,A,IT,F,Father,15,21,2,90,No,Bad,Under-7,M
xapi_edu_1256,valid,F,Syria,Syria,MiddleSchool,G-07,A,Biology,F,Mum,96,95,70,70,Yes,Good,Under-7,H
xapi_edu_0774,train,F,KW,KuwaIT,MiddleSchool,G-07,A,English,F,Father,19,30,26,19,Yes,Bad,Above-7,M
xapi_edu_0888,train,M,KW,KuwaIT,lowerlevel,G-02,B,IT,F,Father,0,12,3,3,Yes,Good,Above-7,M
xapi_edu_1343,test,F,Jordan,Jordan,MiddleSchool,G-08,A,Geology,S,Father,29,78,40,12,Yes,Good,Above-7,M
xapi_edu_1760,valid,M,KW,KuwaIT,MiddleSchool,G-08,A,Arabic,S,Father,15,25,37,13,Yes,Good,Above-7,L
xapi_edu_0987,train,M,Jordan,Jordan,lowerlevel,G-02,A,Arabic,F,Father,20,88,31,28,Yes,Good,Above-7,M
xapi_edu_1235,train,M,Jordan,Jordan,MiddleSchool,G-07,A,IT,F,Father,39,40,11,33,No,Bad,Under-7,M
xapi_edu_0728,train,F,Egypt,Egypt,MiddleSchool,G-07,A,IT,F,Father,45,54,26,90,Yes,Good,Under-7,M
xapi_edu_1518,train,M,Lybia,Lybia,lowerlevel,G-02,A,French,F,Mum,10,8,9,3,No,Good,Above-7,L
xapi_edu_1413,test,M,KW,KuwaIT,MiddleSchool,G-08,C,Spanish,S,Father,17,50,2,4,No,Bad,Above-7,L
xapi_edu_1019,test,F,KW,KuwaIT,MiddleSchool,G-08,A,Arabic,F,Father,30,90,33,35,No,Bad,Under-7,M
xapi_edu_0560,valid,M,Iraq,Iraq,lowerlevel,G-04,A,Science,F,Father,90,86,82,74,Yes,Good,Above-7,M
xapi_edu_1923,train,M,KW,KuwaIT,lowerlevel,G-02,B,IT,F,Father,1,7,6,10,No,Bad,Above-7,L
xapi_edu_1305,train,M,Jordan,SaudiArabia,MiddleSchool,G-08,A,Geology,F,Father,85,89,22,61,No,Bad,Under-7,H
xapi_edu_0226,train,F,Jordan,Jordan,MiddleSchool,G-08,A,Geology,F,Mum,70,69,46,45,Yes,Good,Above-7,M
xapi_edu_1569,train,M,Jordan,SaudiArabia,lowerlevel,G-02,B,Arabic,S,Mum,5,0,1,8,No,Good,Above-7,L
xapi_edu_0230,train,F,Iraq,Iraq,lowerlevel,G-02,B,French,F,Father,16,90,15,11,No,Good,Under-7,M
xapi_edu_1238,train,F,Iraq,Iraq,MiddleSchool,G-07,A,Biology,F,Mum,86,98,50,20,Yes,Good,Under-7,H
xapi_edu_1662,train,F,Jordan,Jordan,MiddleSchool,G-08,A,Geology,F,Father,25,82,52,20,Yes,Good,Above-7,M
xapi_edu_0313,train,F,KW,KuwaIT,MiddleSchool,G-07,B,IT,F,Father,70,80,25,70,Yes,Good,Under-7,M
xapi_edu_1511,train,M,Jordan,Jordan,MiddleSchool,G-08,A,Geology,S,Mum,71,84,67,80,Yes,Good,Under-7,M
xapi_edu_0844,test,M,Jordan,Jordan,lowerlevel,G-02,A,Arabic,S,Father,35,2,29,23,No,Bad,Under-7,M
xapi_edu_0734,train,M,USA,USA,MiddleSchool,G-08,B,Math,F,Father,19,5,4,1,Yes,Good,Above-7,L
xapi_edu_0710,train,F,Jordan,Jordan,lowerlevel,G-04,B,Science,S,Mum,12,44,25,39,No,Bad,Under-7,M
xapi_edu_0580,train,M,KW,KuwaIT,lowerlevel,G-02,B,IT,F,Father,0,12,3,3,Yes,Good,Above-7,M
xapi_edu_1713,valid,M,KW,KuwaIT,HighSchool,G-10,A,IT,F,Father,0,5,7,2,No,Bad,Above-7,L
xapi_edu_0400,train,F,Jordan,Jordan,lowerlevel,G-02,B,Arabic,F,Father,11,20,20,98,No,Bad,Above-7,L
xapi_edu_1726,train,F,Jordan,Jordan,MiddleSchool,G-07,A,Biology,F,Mum,88,81,50,10,Yes,Good,Above-7,M
xapi_edu_0322,train,F,KW,KuwaIT,MiddleSchool,G-08,A,Math,F,Mum,62,70,44,60,No,Bad,Above-7,H
xapi_edu_0529,valid,F,Palestine,Jordan,lowerlevel,G-02,B,French,F,Father,78,98,10,11,No,Good,Under-7,M
xapi_edu_0020,train,M,KW,KuwaIT,lowerlevel,G-02,B,IT,F,Father,90,70,30,14,No,Bad,Under-7,M
xapi_edu_1948,train,M,Jordan,USA,MiddleSchool,G-07,A,Quran,F,Mum,100,85,85,70,No,Bad,Under-7,M
xapi_edu_0918,train,F,Jordan,Jordan,MiddleSchool,G-08,A,Geology,F,Father,50,77,14,28,No,Bad,Under-7,M
xapi_edu_1507,train,M,venzuela,venzuela,HighSchool,G-10,A,IT,F,Mum,80,90,70,80,Yes,Good,Under-7,H
xapi_edu_1980,train,F,Jordan,KuwaIT,MiddleSchool,G-08,C,Spanish,S,Father,87,88,40,10,Yes,Good,Under-7,M
xapi_edu_0984,test,M,KW,KuwaIT,MiddleSchool,G-08,A,Spanish,S,Mum,72,90,12,30,No,Bad,Under-7,M
xapi_edu_0475,train,M,KW,KuwaIT,lowerlevel,G-02,A,IT,F,Father,8,25,1,70,No,Bad,Above-7,L
xapi_edu_0753,train,M,Jordan,Jordan,MiddleSchool,G-08,A,Chemistry,F,Mum,80,82,76,19,Yes,Good,Under-7,M
xapi_edu_1904,train,F,KW,KuwaIT,MiddleSchool,G-08,A,Math,F,Mum,62,70,44,60,No,Bad,Above-7,H
xapi_edu_0554,train,M,KW,KuwaIT,lowerlevel,G-04,A,IT,F,Father,40,50,12,50,No,Bad,Above-7,M
xapi_edu_1021,train,M,Palestine,Jordan,MiddleSchool,G-06,A,English,S,Mum,72,41,46,27,No,Good,Under-7,M
xapi_edu_0334,train,M,Lybia,Lybia,lowerlevel,G-02,B,French,S,Mum,15,4,12,7,No,Good,Above-7,L
xapi_edu_0165,train,M,lebanon,lebanon,MiddleSchool,G-08,C,Spanish,S,Father,77,69,41,13,Yes,Good,Under-7,M
xapi_edu_1846,valid,F,KW,KuwaIT,HighSchool,G-09,A,IT,F,Father,30,35,28,90,Yes,Good,Under-7,M
xapi_edu_1137,train,M,Jordan,Jordan,MiddleSchool,G-07,A,Biology,S,Father,65,89,64,82,No,Good,Under-7,H
xapi_edu_0312,train,M,KW,KuwaIT,MiddleSchool,G-08,A,Spanish,S,Mum,72,90,12,30,No,Bad,Under-7,M
xapi_edu_0685,test,F,KW,KuwaIT,MiddleSchool,G-07,A,IT,F,Father,14,13,3,70,No,Bad,Above-7,L
xapi_edu_1800,test,F,Jordan,Jordan,lowerlevel,G-04,B,Science,S,Mum,62,64,69,49,Yes,Good,Under-7,H
xapi_edu_1456,train,M,Jordan,Jordan,lowerlevel,G-02,B,Arabic,S,Father,35,2,29,23,No,Bad,Above-7,L
xapi_edu_1077,train,F,Jordan,Jordan,MiddleSchool,G-06,A,English,F,Mum,90,84,52,30,No,Good,Under-7,H
xapi_edu_0354,test,F,KW,KuwaIT,lowerlevel,G-02,B,IT,F,Father,12,26,7,40,Yes,Good,Under-7,M
xapi_edu_0501,train,M,Jordan,Jordan,MiddleSchool,G-08,A,Chemistry,F,Mum,80,82,76,19,Yes,Good,Under-7,M
xapi_edu_0243,test,M,KW,KuwaIT,lowerlevel,G-02,B,French,S,Mum,60,52,23,33,No,Good,Under-7,M
xapi_edu_1315,test,M,Iraq,Iraq,MiddleSchool,G-07,B,Biology,S,Father,89,92,89,83,Yes,Good,Under-7,H
xapi_edu_0341,train,M,KW,KuwaIT,MiddleSchool,G-07,A,Quran,S,Father,80,80,15,70,Yes,Good,Under-7,H
xapi_edu_0168,train,M,Tunis,Tunis,MiddleSchool,G-07,A,Quran,F,Father,10,60,5,20,Yes,Bad,Above-7,L
xapi_edu_0654,train,M,Jordan,Jordan,MiddleSchool,G-07,A,Biology,F,Father,76,81,80,86,No,Good,Under-7,H
xapi_edu_0411,valid,M,SaudiArabia,SaudiArabia,HighSchool,G-11,A,Quran,S,Father,80,80,51,59,Yes,Good,Under-7,H
xapi_edu_0954,train,M,Jordan,Jordan,MiddleSchool,G-08,A,Geology,S,Mum,70,83,70,23,Yes,Good,Under-7,M
xapi_edu_1415,train,M,Iraq,Iraq,MiddleSchool,G-08,A,Geology,S,Father,71,81,83,72,Yes,Good,Above-7,M
xapi_edu_1840,train,M,KW,KuwaIT,lowerlevel,G-04,A,IT,F,Father,15,16,2,20,Yes,Good,Under-7,M
xapi_edu_1196,train,F,Jordan,Palestine,lowerlevel,G-02,A,French,F,Mum,80,77,63,83,Yes,Good,Under-7,M
xapi_edu_0859,train,F,SaudiArabia,USA,HighSchool,G-11,B,Science,S,Father,100,91,98,40,Yes,Bad,Under-7,H
xapi_edu_0307,train,F,Jordan,KuwaIT,MiddleSchool,G-08,C,Spanish,S,Father,87,88,40,10,Yes,Good,Under-7,M
xapi_edu_0847,test,F,Jordan,Jordan,MiddleSchool,G-08,A,Geology,S,Father,29,78,40,12,Yes,Good,Above-7,M
xapi_edu_1434,train,F,Jordan,Jordan,MiddleSchool,G-08,A,Geology,F,Mum,90,79,76,79,Yes,Good,Under-7,H
xapi_edu_1910,train,M,KW,KuwaIT,lowerlevel,G-02,B,IT,F,Father,4,8,10,60,Yes,Good,Above-7,L
xapi_edu_1084,train,F,Palestine,Palestine,lowerlevel,G-04,A,Science,F,Mum,90,86,82,74,Yes,Good,Under-7,H
xapi_edu_1697,train,F,lebanon,lebanon,MiddleSchool,G-08,A,Arabic,S,Mum,45,58,52,43,Yes,Good,Under-7,H
xapi_edu_0267,train,M,KW,KuwaIT,MiddleSchool,G-07,A,Math,F,Father,8,15,10,40,Yes,Bad,Under-7,L
xapi_edu_0695,train,F,KW,KuwaIT,MiddleSchool,G-07,A,Math,F,Father,12,21,16,50,Yes,Good,Under-7,M
xapi_edu_0399,valid,M,KW,KuwaIT,lowerlevel,G-02,C,IT,S,Father,0,3,10,3,No,Bad,Above-7,L
xapi_edu_1329,valid,M,Iraq,Iraq,MiddleSchool,G-07,B,Biology,F,Father,98,90,86,71,Yes,Good,Under-7,H
xapi_edu_1504,train,M,Jordan,Jordan,MiddleSchool,G-08,A,Geology,F,Mum,77,82,74,79,Yes,Good,Under-7,M
xapi_edu_1334,train,M,Lybia,Lybia,lowerlevel,G-02,A,French,S,Mum,15,7,12,7,No,Good,Above-7,L
xapi_edu_0362,train,M,Palestine,Jordan,lowerlevel,G-04,B,Science,F,Mum,95,57,74,89,Yes,Good,Above-7,M
xapi_edu_1509,train,M,SaudiArabia,USA,HighSchool,G-11,B,Spanish,S,Father,10,51,40,40,No,Bad,Above-7,L
xapi_edu_0642,train,F,Jordan,Jordan,lowerlevel,G-02,B,French,S,Mum,24,97,15,14,No,Good,Under-7,H
xapi_edu_0837,train,F,lebanon,lebanon,lowerlevel,G-02,B,French,F,Mum,72,98,52,15,Yes,Good,Under-7,H
xapi_edu_1813,train,M,Jordan,Jordan,MiddleSchool,G-07,A,Biology,F,Father,76,81,80,86,No,Good,Under-7,H
xapi_edu_0853,train,F,Jordan,Jordan,lowerlevel,G-02,A,French,F,Mum,60,97,13,3,Yes,Good,Under-7,H
xapi_edu_1114,test,F,KW,KuwaIT,lowerlevel,G-02,B,IT,F,Father,80,44,35,10,No,Good,Above-7,L
xapi_edu_0154,test,F,KW,KuwaIT,lowerlevel,G-02,B,IT,F,Father,80,44,35,10,No,Good,Above-7,L
xapi_edu_1665,train,M,KW,KuwaIT,lowerlevel,G-04,A,Math,S,Father,15,6,32,40,Yes,Good,Under-7,H
xapi_edu_1122,train,M,lebanon,lebanon,MiddleSchool,G-08,A,Math,F,Father,20,14,12,19,No,Bad,Above-7,L
xapi_edu_0712,train,M,KW,KuwaIT,lowerlevel,G-02,B,IT,F,Father,7,4,10,50,No,Good,Above-7,M
xapi_edu_1797,valid,M,KW,KuwaIT,HighSchool,G-09,A,IT,F,Father,20,80,33,33,Yes,Good,Under-7,M
xapi_edu_0651,valid,F,lebanon,lebanon,MiddleSchool,G-06,A,English,S,Mum,90,62,80,60,Yes,Good,Under-7,H
xapi_edu_0158,valid,M,KW,KuwaIT,lowerlevel,G-02,B,IT,F,Father,80,90,55,19,Yes,Good,Under-7,H
xapi_edu_1789,test,M,KW,KuwaIT,MiddleSchool,G-07,A,Math,F,Father,16,14,6,20,Yes,Good,Above-7,L
xapi_edu_1074,train,F,Jordan,Jordan,MiddleSchool,G-08,A,Geology,S,Mum,87,93,63,60,Yes,Good,Under-7,H
xapi_edu_0828,test,M,KW,KuwaIT,HighSchool,G-09,A,IT,F,Father,20,80,33,33,Yes,Good,Under-7,M
xapi_edu_0061,valid,M,SaudiArabia,USA,HighSchool,G-11,B,English,S,Father,70,50,33,41,No,Bad,Above-7,M
xapi_edu_1396,test,F,Jordan,Jordan,MiddleSchool,G-06,A,English,S,Mum,79,84,82,37,No,Bad,Under-7,H
xapi_edu_1735,train,M,KW,KuwaIT,MiddleSchool,G-07,B,IT,S,Mum,70,92,83,85,Yes,Bad,Under-7,H
xapi_edu_1300,train,M,Jordan,Jordan,lowerlevel,G-02,A,French,F,Father,40,7,50,41,No,Good,Above-7,L
xapi_edu_1356,train,F,Jordan,lebanon,lowerlevel,G-04,B,Science,F,Mum,78,88,74,83,Yes,Good,Under-7,H
xapi_edu_1589,valid,M,KW,KuwaIT,lowerlevel,G-04,A,IT,F,Father,40,50,12,50,No,Bad,Above-7,M
xapi_edu_1791,train,F,lebanon,lebanon,MiddleSchool,G-07,A,Quran,S,Mum,100,75,50,70,Yes,Good,Under-7,H
xapi_edu_1865,train,F,Jordan,Palestine,lowerlevel,G-02,A,French,S,Mum,75,85,73,80,Yes,Good,Under-7,M
xapi_edu_1103,valid,F,Jordan,Jordan,lowerlevel,G-02,A,Arabic,F,Father,10,20,22,97,No,Bad,Above-7,L
xapi_edu_0314,valid,M,KW,KuwaIT,MiddleSchool,G-07,A,Math,F,Father,35,12,0,17,No,Bad,Above-7,L
xapi_edu_0114,train,M,lebanon,lebanon,lowerlevel,G-02,B,French,S,Mum,40,51,20,33,No,Bad,Under-7,M
xapi_edu_1248,train,M,Egypt,Egypt,lowerlevel,G-04,A,English,S,Mum,19,74,32,17,No,Good,Above-7,L
xapi_edu_0112,train,F,Jordan,Jordan,MiddleSchool,G-08,A,Geology,S,Father,55,74,25,29,No,Bad,Under-7,M
xapi_edu_1150,train,F,Jordan,Jordan,MiddleSchool,G-08,A,Chemistry,F,Mum,82,89,22,31,Yes,Good,Under-7,H
xapi_edu_1461,train,F,USA,USA,HighSchool,G-12,A,IT,F,Mum,70,69,35,30,Yes,Good,Under-7,H
xapi_edu_1377,test,F,KW,KuwaIT,lowerlevel,G-02,C,IT,F,Father,14,60,11,75,Yes,Good,Under-7,H
xapi_edu_1003,train,F,Egypt,Egypt,MiddleSchool,G-07,A,IT,F,Father,45,54,26,90,Yes,Good,Under-7,M
xapi_edu_0541,train,F,KW,KuwaIT,lowerlevel,G-02,B,IT,F,Father,0,0,5,80,Yes,Good,Above-7,L
xapi_edu_0012,train,M,SaudiArabia,USA,HighSchool,G-11,B,Math,S,Father,70,58,73,91,Yes,Bad,Under-7,H
xapi_edu_0196,test,M,KW,KuwaIT,lowerlevel,G-02,B,IT,F,Father,50,7,9,50,Yes,Bad,Above-7,M
xapi_edu_1330,train,M,Iraq,Iraq,lowerlevel,G-04,A,Science,F,Father,90,86,82,74,Yes,Good,Above-7,M
xapi_edu_0941,valid,M,KW,KuwaIT,MiddleSchool,G-08,C,Spanish,S,Father,5,21,42,14,No,Good,Above-7,L
xapi_edu_1017,train,M,Iraq,Iraq,MiddleSchool,G-08,A,Geology,F,Father,80,83,82,71,Yes,Good,Above-7,M
xapi_edu_1709,test,M,KW,KuwaIT,lowerlevel,G-02,C,IT,F,Father,0,6,4,15,Yes,Bad,Under-7,L
xapi_edu_0794,train,M,Jordan,Jordan,lowerlevel,G-02,B,Arabic,S,Father,12,22,59,83,Yes,Bad,Above-7,L
xapi_edu_1364,valid,M,Jordan,Jordan,MiddleSchool,G-07,B,Science,S,Father,52,10,13,6,No,Bad,Above-7,L
xapi_edu_1126,test,M,KW,KuwaIT,lowerlevel,G-02,A,IT,F,Father,8,25,1,70,No,Bad,Above-7,L
xapi_edu_1764,train,M,Palestine,Jordan,MiddleSchool,G-06,A,English,S,Mum,75,71,76,80,Yes,Good,Under-7,M
xapi_edu_1930,train,F,Jordan,Jordan,MiddleSchool,G-08,A,Chemistry,F,Father,85,90,52,30,Yes,Good,Under-7,H
xapi_edu_0766,train,M,KW,KuwaIT,MiddleSchool,G-07,A,Math,F,Father,11,2,2,8,No,Bad,Under-7,L
xapi_edu_0414,train,F,Jordan,Jordan,MiddleSchool,G-08,A,Geology,S,Mum,74,62,49,43,Yes,Good,Above-7,M
xapi_edu_0896,train,F,KW,KuwaIT,HighSchool,G-12,A,English,F,Mum,70,4,39,90,Yes,Good,Under-7,H
xapi_edu_0185,valid,M,KW,KuwaIT,lowerlevel,G-04,A,IT,F,Father,5,1,0,11,No,Bad,Above-7,L
xapi_edu_1805,train,F,Jordan,Jordan,MiddleSchool,G-08,A,Geology,F,Mum,80,82,64,58,Yes,Good,Under-7,H
xapi_edu_0645,valid,F,Jordan,Jordan,MiddleSchool,G-08,A,Chemistry,F,Mum,82,89,22,31,Yes,Good,Under-7,H
xapi_edu_1695,train,F,Iraq,Iraq,MiddleSchool,G-07,A,Biology,F,Mum,86,98,50,20,Yes,Good,Under-7,H
xapi_edu_0569,train,M,KW,KuwaIT,HighSchool,G-10,A,IT,F,Father,17,13,16,12,Yes,Bad,Under-7,M
xapi_edu_0727,train,M,KW,KuwaIT,MiddleSchool,G-07,B,IT,S,Mum,70,92,83,85,Yes,Bad,Under-7,H
xapi_edu_1929,test,M,KW,KuwaIT,lowerlevel,G-02,B,IT,F,Father,11,2,0,50,No,Bad,Above-7,L
xapi_edu_0786,train,M,Jordan,Jordan,MiddleSchool,G-08,A,Chemistry,S,Mum,72,76,66,40,Yes,Good,Above-7,L
xapi_edu_1346,train,F,Jordan,Jordan,MiddleSchool,G-07,B,Science,S,Mum,82,89,58,50,Yes,Good,Under-7,H
xapi_edu_1369,train,M,Jordan,Jordan,lowerlevel,G-02,B,Arabic,F,Mum,15,90,21,97,Yes,Good,Under-7,M
xapi_edu_0994,valid,M,Syria,Syria,lowerlevel,G-02,B,French,S,Mum,20,52,23,33,Yes,Good,Above-7,L
xapi_edu_1633,train,F,Palestine,Palestine,lowerlevel,G-04,A,Science,F,Mum,90,86,82,74,Yes,Good,Under-7,H
xapi_edu_0522,train,F,Egypt,Egypt,MiddleSchool,G-07,A,Quran,S,Mum,70,80,95,70,Yes,Good,Under-7,H
xapi_edu_1841,test,F,KW,KuwaIT,lowerlevel,G-04,A,History,S,Mum,21,27,52,34,Yes,Good,Above-7,M
xapi_edu_1728,train,M,KW,KuwaIT,MiddleSchool,G-08,C,Spanish,S,Mum,96,61,42,94,Yes,Bad,Under-7,H
xapi_edu_1134,train,F,Jordan,Jordan,lowerlevel,G-04,A,Science,S,Father,42,24,12,24,No,Bad,Above-7,L
xapi_edu_0869,train,M,KW,KuwaIT,lowerlevel,G-02,B,IT,F,Father,12,30,0,17,No,Good,Above-7,L
xapi_edu_1473,train,F,KW,KuwaIT,MiddleSchool,G-08,A,Arabic,S,Father,80,71,52,51,Yes,Good,Under-7,M
xapi_edu_1683,train,M,KW,KuwaIT,lowerlevel,G-02,B,IT,F,Father,7,5,2,80,Yes,Good,Above-7,L
xapi_edu_0190,valid,M,KW,KuwaIT,lowerlevel,G-02,B,IT,F,Father,55,33,6,9,No,Bad,Above-7,L
xapi_edu_1178,train,M,Jordan,Palestine,MiddleSchool,G-07,A,Biology,S,Mum,70,98,54,72,Yes,Good,Under-7,H
xapi_edu_0177,valid,M,Iran,Iran,lowerlevel,G-02,B,French,S,Father,10,2,13,53,No,Bad,Above-7,L
xapi_edu_1360,train,M,Egypt,Egypt,lowerlevel,G-02,B,French,S,Mum,7,9,11,10,No,Good,Above-7,L
xapi_edu_0880,train,M,Palestine,Jordan,MiddleSchool,G-07,B,Biology,S,Father,79,72,79,83,Yes,Good,Under-7,M
xapi_edu_0858,valid,M,Egypt,Egypt,lowerlevel,G-02,B,French,S,Mum,7,9,11,10,No,Good,Above-7,L
xapi_edu_1523,train,M,Jordan,Jordan,lowerlevel,G-04,B,Science,F,Father,25,29,34,33,No,Good,Above-7,M
xapi_edu_1087,test,M,Jordan,SaudiArabia,lowerlevel,G-02,B,Arabic,S,Mum,5,0,1,8,No,Good,Above-7,L
xapi_edu_1913,train,M,Jordan,Jordan,lowerlevel,G-02,B,French,F,Mum,40,87,50,41,No,Bad,Under-7,M
xapi_edu_0262,train,M,Jordan,SaudiArabia,MiddleSchool,G-08,A,Geology,S,Father,80,89,23,68,No,Bad,Under-7,H
xapi_edu_0128,train,M,SaudiArabia,SaudiArabia,lowerlevel,G-02,B,IT,F,Father,7,12,5,3,No,Bad,Above-7,M
xapi_edu_1046,train,M,Jordan,Jordan,MiddleSchool,G-07,A,Biology,S,Father,65,89,64,82,No,Good,Under-7,H
xapi_edu_0647,valid,M,Iraq,Iraq,MiddleSchool,G-06,A,English,F,Mum,74,71,56,37,No,Good,Under-7,H
xapi_edu_1927,test,F,Jordan,Jordan,MiddleSchool,G-08,A,Chemistry,F,Mum,82,89,22,31,Yes,Good,Under-7,H
xapi_edu_0133,train,M,KW,KuwaIT,MiddleSchool,G-08,C,Spanish,S,Mum,57,51,46,34,Yes,Good,Under-7,M
xapi_edu_0034,train,M,KW,KuwaIT,HighSchool,G-12,A,English,F,Father,39,15,16,50,No,Good,Above-7,L
xapi_edu_0528,train,M,Jordan,Palestine,MiddleSchool,G-07,A,Biology,S,Mum,70,98,54,72,Yes,Good,Under-7,H
xapi_edu_0214,train,M,lebanon,lebanon,MiddleSchool,G-08,C,Spanish,S,Father,80,51,40,24,No,Good,Under-7,M
xapi_edu_1231,valid,F,KW,KuwaIT,lowerlevel,G-02,B,IT,F,Father,6,2,38,12,No,Bad,Under-7,M
xapi_edu_0039,train,M,lebanon,lebanon,lowerlevel,G-02,B,French,S,Mum,40,51,20,33,No,Bad,Under-7,M
xapi_edu_1420,train,F,Jordan,Jordan,lowerlevel,G-02,B,Arabic,S,Father,10,12,29,93,No,Bad,Above-7,L
xapi_edu_1551,valid,F,Jordan,Jordan,MiddleSchool,G-08,A,Chemistry,S,Father,9,6,15,85,No,Bad,Above-7,L
xapi_edu_0663,train,M,KW,KuwaIT,MiddleSchool,G-08,A,Spanish,S,Mum,72,90,12,30,No,Bad,Under-7,M
xapi_edu_0100,test,F,KW,KuwaIT,lowerlevel,G-02,C,IT,F,Mum,24,35,23,22,Yes,Good,Above-7,M
xapi_edu_1184,test,M,Jordan,Jordan,MiddleSchool,G-07,A,Biology,F,Mum,2,9,10,1,No,Bad,Above-7,L
xapi_edu_0209,train,M,Jordan,Jordan,lowerlevel,G-02,B,French,S,Mum,55,72,83,14,Yes,Good,Above-7,M
xapi_edu_1959,train,F,KW,KuwaIT,MiddleSchool,G-06,A,Science,S,Father,80,94,62,77,Yes,Good,Under-7,H
xapi_edu_1068,train,M,KW,KuwaIT,lowerlevel,G-02,B,French,S,Mum,60,52,23,33,No,Good,Under-7,M
xapi_edu_1945,train,M,KW,KuwaIT,lowerlevel,G-02,B,IT,F,Father,19,70,3,50,No,Bad,Under-7,L
xapi_edu_0208,train,F,Palestine,Jordan,lowerlevel,G-02,B,French,F,Father,78,98,10,11,No,Good,Under-7,M
xapi_edu_1083,train,F,KW,KuwaIT,lowerlevel,G-02,C,IT,F,Father,7,9,5,30,No,Bad,Above-7,L
xapi_edu_0160,train,M,Jordan,Jordan,lowerlevel,G-02,A,Arabic,F,Father,20,88,31,28,Yes,Good,Above-7,M
xapi_edu_0684,train,F,Jordan,Jordan,MiddleSchool,G-08,A,Chemistry,S,Mum,89,96,45,92,Yes,Good,Under-7,H
xapi_edu_0086,test,M,KW,KuwaIT,lowerlevel,G-02,B,IT,F,Father,50,90,40,90,Yes,Bad,Under-7,M
xapi_edu_1875,train,M,Jordan,Jordan,lowerlevel,G-02,B,French,F,Mum,40,87,50,41,No,Bad,Under-7,M
xapi_edu_0975,train,M,Jordan,SaudiArabia,MiddleSchool,G-08,A,Geology,S,Father,87,79,73,98,No,Bad,Under-7,M
xapi_edu_0109,train,M,KW,KuwaIT,MiddleSchool,G-06,A,IT,F,Father,0,0,0,4,No,Bad,Above-7,L
xapi_edu_0067,train,M,KW,KuwaIT,MiddleSchool,G-08,A,Arabic,S,Father,23,25,32,53,No,Bad,Under-7,L
xapi_edu_0764,train,M,Jordan,Jordan,MiddleSchool,G-07,A,Biology,F,Father,39,71,40,26,No,Good,Above-7,M
xapi_edu_0207,test,M,Iran,Iran,MiddleSchool,G-08,C,Spanish,S,Mum,27,41,32,61,Yes,Bad,Above-7,M
xapi_edu_1222,valid,M,KW,KuwaIT,lowerlevel,G-02,A,IT,S,Father,12,60,0,70,Yes,Good,Above-7,L
xapi_edu_0538,train,F,KW,KuwaIT,lowerlevel,G-02,C,IT,F,Mum,25,29,40,17,No,Good,Under-7,H
xapi_edu_0116,train,F,Jordan,Jordan,MiddleSchool,G-06,A,English,F,Mum,90,84,52,30,No,Good,Under-7,H
xapi_edu_1712,train,F,Jordan,Jordan,lowerlevel,G-02,B,Arabic,F,Father,11,20,20,98,No,Bad,Above-7,L
xapi_edu_0852,train,M,KW,KuwaIT,MiddleSchool,G-07,B,Science,F,Mum,8,6,4,22,Yes,Good,Above-7,L
xapi_edu_0751,train,M,KW,KuwaIT,MiddleSchool,G-08,A,Arabic,S,Mum,85,15,22,53,Yes,Good,Under-7,M
xapi_edu_1117,train,F,Jordan,lebanon,MiddleSchool,G-07,A,Quran,S,Mum,100,75,50,70,Yes,Bad,Under-7,H
xapi_edu_1028,test,F,Jordan,Jordan,MiddleSchool,G-07,B,Biology,S,Mum,59,90,19,43,No,Good,Under-7,H
xapi_edu_1974,train,M,KW,KuwaIT,HighSchool,G-11,B,Math,S,Mum,73,84,77,81,Yes,Good,Above-7,H
xapi_edu_0368,train,M,Jordan,Jordan,lowerlevel,G-02,A,Arabic,F,Father,10,17,50,21,No,Bad,Under-7,M
xapi_edu_1049,test,M,KW,KuwaIT,lowerlevel,G-04,A,IT,F,Father,10,7,0,30,No,Bad,Above-7,L
xapi_edu_1660,train,F,Jordan,Jordan,lowerlevel,G-02,B,French,F,Mum,14,97,15,14,No,Good,Under-7,H
xapi_edu_0269,valid,M,Egypt,Egypt,MiddleSchool,G-07,B,Science,S,Father,72,80,58,86,Yes,Good,Under-7,M
xapi_edu_1298,train,F,KW,KuwaIT,MiddleSchool,G-06,A,IT,S,Father,50,40,52,66,Yes,Bad,Under-7,M
xapi_edu_1131,test,M,KW,KuwaIT,lowerlevel,G-02,B,French,S,Father,40,62,83,33,Yes,Good,Under-7,H
xapi_edu_1018,train,M,KW,KuwaIT,MiddleSchool,G-07,A,IT,F,Father,4,5,40,16,Yes,Good,Above-7,L
xapi_edu_1016,train,M,Iran,Iran,MiddleSchool,G-08,C,Spanish,S,Mum,27,41,32,61,Yes,Bad,Above-7,M
xapi_edu_0026,valid,F,Jordan,Egypt,MiddleSchool,G-07,A,Quran,F,Mum,100,80,95,90,No,Bad,Under-7,H
xapi_edu_1858,valid,F,KW,KuwaIT,HighSchool,G-12,A,English,F,Father,20,14,12,70,No,Bad,Above-7,L
xapi_edu_0480,train,M,Jordan,Jordan,lowerlevel,G-04,A,Science,F,Father,10,12,20,13,No,Bad,Above-7,L
xapi_edu_0760,train,M,Morocco,Morocco,MiddleSchool,G-08,B,Arabic,S,Father,27,15,42,53,No,Bad,Above-7,L
xapi_edu_0476,valid,F,lebanon,lebanon,MiddleSchool,G-07,A,Quran,S,Father,10,79,30,30,No,Bad,Under-7,M
xapi_edu_1092,train,M,KW,KuwaIT,MiddleSchool,G-08,A,Arabic,S,Mum,85,75,62,53,Yes,Bad,Under-7,H
xapi_edu_1331,test,F,Jordan,Jordan,MiddleSchool,G-08,A,Chemistry,F,Mum,85,99,42,90,Yes,Good,Under-7,H
xapi_edu_1272,train,F,Jordan,Jordan,MiddleSchool,G-07,B,Biology,F,Mum,70,89,12,21,No,Good,Under-7,H
xapi_edu_0048,valid,M,KW,KuwaIT,MiddleSchool,G-06,A,IT,F,Father,0,0,0,4,No,Bad,Above-7,L
xapi_edu_1496,train,M,KW,KuwaIT,lowerlevel,G-04,A,IT,F,Father,10,7,0,30,No,Bad,Above-7,L
xapi_edu_0021,valid,M,Iraq,Iraq,MiddleSchool,G-06,A,English,S,Mum,74,60,56,37,No,Good,Under-7,H
xapi_edu_1884,train,M,Jordan,Jordan,lowerlevel,G-02,A,French,S,Father,30,10,20,5,No,Bad,Above-7,L
xapi_edu_0638,train,F,Jordan,Jordan,lowerlevel,G-02,B,French,S,Mum,25,89,21,13,Yes,Good,Under-7,M
xapi_edu_0976,valid,M,Tunis,Tunis,HighSchool,G-11,B,Science,S,Father,70,50,33,40,No,Good,Under-7,M
xapi_edu_1273,train,M,Iraq,Iraq,MiddleSchool,G-08,A,History,F,Father,72,87,72,89,Yes,Good,Above-7,M
xapi_edu_0682,train,F,KW,KuwaIT,MiddleSchool,G-07,A,English,F,Father,19,30,26,19,Yes,Bad,Above-7,M
xapi_edu_1143,train,M,Egypt,Egypt,lowerlevel,G-02,B,French,S,Mum,7,9,11,10,No,Good,Above-7,L
xapi_edu_0419,valid,M,KW,KuwaIT,MiddleSchool,G-07,A,IT,F,Father,8,7,30,40,Yes,Good,Above-7,L
xapi_edu_1127,valid,F,Jordan,Jordan,MiddleSchool,G-06,A,English,S,Mum,81,79,91,85,Yes,Good,Under-7,H
xapi_edu_0206,train,M,Jordan,Jordan,MiddleSchool,G-08,A,History,F,Mum,87,92,74,89,Yes,Good,Under-7,H
xapi_edu_1705,train,M,Jordan,Jordan,MiddleSchool,G-08,A,Geology,S,Mum,71,84,67,80,Yes,Good,Under-7,M
xapi_edu_1722,train,F,USA,USA,HighSchool,G-12,A,English,F,Mum,65,75,23,80,Yes,Good,Under-7,H
xapi_edu_1466,train,M,KW,KuwaIT,HighSchool,G-10,A,IT,F,Father,50,70,32,40,Yes,Good,Under-7,M
xapi_edu_1646,train,F,Jordan,Jordan,lowerlevel,G-02,B,French,F,Mum,13,82,20,30,No,Good,Under-7,H
xapi_edu_1639,train,M,KW,KuwaIT,MiddleSchool,G-07,A,Math,F,Father,28,60,19,50,Yes,Good,Under-7,M
xapi_edu_0025,train,M,Morocco,Morocco,MiddleSchool,G-08,A,Arabic,S,Mum,53,75,72,23,No,Bad,Under-7,M
xapi_edu_0503,train,F,Jordan,Egypt,MiddleSchool,G-07,A,Quran,F,Mum,100,80,95,90,No,Bad,Under-7,H
xapi_edu_1888,train,F,lebanon,lebanon,MiddleSchool,G-08,A,Arabic,S,Father,25,15,32,53,No,Bad,Under-7,M
xapi_edu_0655,train,F,Jordan,Jordan,MiddleSchool,G-08,A,Chemistry,S,Father,9,6,15,85,No,Bad,Above-7,L
xapi_edu_1076,train,M,KW,KuwaIT,MiddleSchool,G-07,B,IT,F,Father,36,30,20,80,No,Bad,Above-7,M
xapi_edu_0617,train,M,KW,KuwaIT,lowerlevel,G-04,A,IT,F,Father,20,20,3,25,Yes,Good,Under-7,M
xapi_edu_1407,train,M,KW,KuwaIT,MiddleSchool,G-07,A,IT,F,Father,15,21,2,90,No,Bad,Under-7,M
xapi_edu_1739,train,F,KW,KuwaIT,MiddleSchool,G-08,A,Arabic,F,Father,35,80,50,70,Yes,Good,Under-7,H
xapi_edu_0071,train,M,KW,KuwaIT,MiddleSchool,G-08,A,Arabic,F,Father,25,15,12,33,No,Bad,Above-7,L
xapi_edu_1037,test,M,Iraq,Iraq,MiddleSchool,G-08,A,History,F,Father,72,87,72,89,Yes,Good,Above-7,M
xapi_edu_0220,valid,M,Tunis,Tunis,MiddleSchool,G-07,A,Quran,F,Father,10,60,5,20,Yes,Bad,Above-7,L
xapi_edu_1730,train,M,Egypt,Egypt,lowerlevel,G-02,B,French,F,Mum,5,13,6,6,No,Good,Above-7,L
xapi_edu_0084,valid,M,KW,KuwaIT,MiddleSchool,G-08,A,Arabic,S,Mum,75,71,72,53,Yes,Good,Under-7,H
xapi_edu_0126,train,M,KW,KuwaIT,lowerlevel,G-04,A,Math,S,Father,15,6,32,40,Yes,Good,Under-7,H
xapi_edu_0003,valid,F,KW,KuwaIT,HighSchool,G-12,A,English,F,Mum,70,4,39,90,Yes,Good,Under-7,H
xapi_edu_1690,valid,F,lebanon,lebanon,MiddleSchool,G-08,A,Arabic,S,Father,25,15,32,53,No,Bad,Under-7,M
xapi_edu_1282,train,M,Jordan,Jordan,lowerlevel,G-02,A,Arabic,F,Father,10,18,71,38,Yes,Good,Above-7,M
xapi_edu_0285,train,F,KW,KuwaIT,lowerlevel,G-02,B,IT,F,Father,3,12,4,33,No,Bad,Under-7,L
xapi_edu_1848,valid,M,Jordan,Jordan,MiddleSchool,G-08,B,Arabic,S,Father,29,10,12,24,No,Bad,Above-7,L
xapi_edu_0496,train,M,Jordan,SaudiArabia,MiddleSchool,G-08,A,Geology,S,Father,80,89,23,68,No,Bad,Under-7,H
xapi_edu_0374,train,F,Jordan,Jordan,MiddleSchool,G-06,A,English,F,Mum,70,64,42,32,No,Bad,Under-7,M
xapi_edu_1838,train,M,Jordan,SaudiArabia,MiddleSchool,G-08,A,Geology,F,Father,95,87,62,81,No,Bad,Under-7,M
xapi_edu_0281,train,M,KW,KuwaIT,HighSchool,G-11,B,Math,S,Mum,73,84,77,81,Yes,Good,Above-7,H
xapi_edu_0524,train,M,KW,KuwaIT,MiddleSchool,G-08,C,Spanish,S,Father,17,50,2,4,No,Bad,Above-7,L
xapi_edu_0331,test,F,lebanon,lebanon,lowerlevel,G-02,B,IT,F,Father,70,98,7,5,Yes,Good,Under-7,M
xapi_edu_1700,train,M,Jordan,Jordan,MiddleSchool,G-07,B,Biology,F,Father,50,79,10,31,No,Bad,Under-7,M
xapi_edu_0482,train,M,Lybia,Lybia,lowerlevel,G-02,A,French,S,Mum,15,7,12,7,No,Good,Above-7,L
xapi_edu_0032,train,M,Lybia,Lybia,lowerlevel,G-02,A,French,F,Mum,10,8,9,3,No,Good,Above-7,L
xapi_edu_0667,train,M,Jordan,Jordan,lowerlevel,G-02,B,Arabic,F,Father,10,10,40,51,No,Bad,Above-7,L
xapi_edu_1831,train,F,Jordan,Jordan,MiddleSchool,G-06,A,English,S,Mum,97,87,82,86,No,Good,Under-7,H
xapi_edu_0161,train,M,Tunis,KuwaIT,MiddleSchool,G-07,B,Science,S,Father,22,51,48,10,No,Bad,Above-7,L
xapi_edu_0860,train,M,KW,KuwaIT,MiddleSchool,G-08,A,Arabic,S,Mum,95,91,62,53,Yes,Good,Under-7,M
xapi_edu_1239,train,M,Egypt,Egypt,MiddleSchool,G-07,B,Science,S,Father,72,80,58,86,Yes,Good,Under-7,M
xapi_edu_0557,train,M,Iraq,Iraq,MiddleSchool,G-08,A,Geology,F,Father,80,83,82,71,Yes,Good,Above-7,M
xapi_edu_0772,train,M,Jordan,Jordan,lowerlevel,G-02,B,French,F,Mum,30,98,42,21,Yes,Good,Under-7,H
xapi_edu_0150,test,F,KW,KuwaIT,lowerlevel,G-04,A,History,S,Mum,21,27,52,34,Yes,Good,Above-7,M
xapi_edu_0991,test,F,Jordan,Jordan,MiddleSchool,G-08,A,Chemistry,S,Father,9,6,15,85,No,Bad,Above-7,L
xapi_edu_0872,test,M,KW,KuwaIT,MiddleSchool,G-08,A,Arabic,S,Mum,95,91,62,53,Yes,Good,Under-7,M
xapi_edu_1489,valid,F,KW,USA,HighSchool,G-11,A,Quran,S,Mum,70,80,95,70,Yes,Good,Under-7,H
xapi_edu_1188,train,F,Jordan,Jordan,lowerlevel,G-02,B,French,F,Mum,13,82,20,30,No,Good,Under-7,H
xapi_edu_0840,train,M,Jordan,Jordan,MiddleSchool,G-08,A,Chemistry,F,Mum,80,82,76,19,Yes,Good,Under-7,M
xapi_edu_1345,test,F,SaudiArabia,SaudiArabia,lowerlevel,G-02,B,French,S,Father,60,70,63,93,Yes,Bad,Under-7,H
xapi_edu_0364,train,M,KW,KuwaIT,MiddleSchool,G-07,A,IT,F,Father,19,20,16,50,No,Good,Under-7,M
xapi_edu_1429,test,F,Jordan,Jordan,lowerlevel,G-02,A,French,S,Mum,50,95,23,10,Yes,Good,Under-7,H
xapi_edu_1886,train,M,Palestine,Jordan,MiddleSchool,G-06,A,English,F,Mum,72,21,22,26,Yes,Good,Under-7,H
xapi_edu_1073,train,M,Jordan,Jordan,MiddleSchool,G-08,A,Chemistry,F,Mum,75,72,64,39,Yes,Good,Above-7,L
xapi_edu_1565,train,M,Palestine,Jordan,MiddleSchool,G-06,A,English,F,Mum,71,70,65,69,Yes,Good,Under-7,M
xapi_edu_1219,train,F,KW,KuwaIT,lowerlevel,G-02,C,IT,F,Father,7,9,5,30,No,Bad,Above-7,L
xapi_edu_0042,train,M,KW,KuwaIT,lowerlevel,G-02,B,IT,F,Father,90,70,30,14,No,Bad,Under-7,M
xapi_edu_1704,valid,M,Jordan,Jordan,MiddleSchool,G-07,A,IT,F,Father,39,40,11,33,No,Bad,Under-7,M
xapi_edu_1989,train,F,Jordan,Jordan,MiddleSchool,G-08,A,Geology,F,Mum,90,79,76,79,Yes,Good,Under-7,H
xapi_edu_1916,train,F,Jordan,Jordan,MiddleSchool,G-08,A,Chemistry,F,Mum,82,89,22,31,Yes,Good,Under-7,H
xapi_edu_1040,train,M,Iran,Iran,lowerlevel,G-02,B,French,S,Mum,20,22,53,13,No,Good,Above-7,L
xapi_edu_1592,train,M,Jordan,Jordan,MiddleSchool,G-07,A,Biology,S,Father,85,82,59,63,Yes,Bad,Under-7,M
xapi_edu_1265,train,F,Jordan,Jordan,MiddleSchool,G-08,A,History,F,Father,30,17,14,57,No,Bad,Above-7,L
xapi_edu_0703,valid,F,Jordan,Jordan,MiddleSchool,G-08,A,Geology,F,Mum,90,79,76,79,Yes,Good,Under-7,H
xapi_edu_1363,test,F,KW,KuwaIT,lowerlevel,G-02,C,IT,F,Father,14,60,11,75,Yes,Good,Under-7,H
xapi_edu_1051,test,F,KW,KuwaIT,lowerlevel,G-02,C,IT,F,Mum,25,29,40,17,No,Good,Under-7,H
xapi_edu_1727,valid,F,KW,KuwaIT,lowerlevel,G-04,A,IT,F,Father,42,30,13,70,Yes,Bad,Above-7,M
xapi_edu_0488,train,M,Jordan,Jordan,MiddleSchool,G-08,A,Geology,F,Mum,77,82,74,79,Yes,Good,Under-7,M
xapi_edu_0413,test,M,KW,KuwaIT,MiddleSchool,G-08,A,Arabic,S,Mum,83,75,62,53,No,Bad,Under-7,H
xapi_edu_0834,train,M,Jordan,Jordan,lowerlevel,G-02,A,French,F,Father,10,15,10,21,No,Bad,Above-7,L
xapi_edu_1109,test,M,Palestine,Jordan,MiddleSchool,G-06,A,English,S,Mum,72,41,46,27,No,Good,Under-7,M
xapi_edu_1078,train,M,Jordan,Jordan,lowerlevel,G-04,B,Science,S,Mum,72,64,59,89,Yes,Good,Under-7,H
xapi_edu_0481,train,M,Jordan,Jordan,MiddleSchool,G-08,A,Chemistry,F,Mum,80,80,62,11,Yes,Good,Above-7,M
xapi_edu_1762,train,F,Jordan,Jordan,lowerlevel,G-05,A,English,F,Mum,21,10,28,20,No,Good,Above-7,L
xapi_edu_1796,train,F,Jordan,Jordan,lowerlevel,G-02,A,French,F,Mum,60,87,23,11,Yes,Good,Above-7,M
xapi_edu_0266,train,M,KW,KuwaIT,lowerlevel,G-02,B,IT,F,Father,80,90,55,19,Yes,Good,Under-7,H
xapi_edu_1648,train,M,Iran,Iran,HighSchool,G-09,A,IT,F,Mum,15,70,37,44,Yes,Good,Under-7,M
xapi_edu_0222,valid,M,Jordan,Jordan,MiddleSchool,G-08,A,Chemistry,F,Mum,80,80,62,11,Yes,Good,Above-7,M
xapi_edu_1815,train,M,KW,KuwaIT,MiddleSchool,G-07,A,IT,F,Father,2,0,2,50,No,Bad,Above-7,L
xapi_edu_0947,valid,M,Jordan,Jordan,MiddleSchool,G-07,A,Biology,S,Father,85,82,59,63,Yes,Bad,Under-7,M
xapi_edu_0660,train,M,KW,KuwaIT,MiddleSchool,G-07,A,English,F,Father,10,12,17,30,No,Bad,Above-7,L
xapi_edu_0138,train,F,KW,KuwaIT,HighSchool,G-09,A,IT,F,Father,33,33,30,90,No,Bad,Under-7,M
xapi_edu_1575,test,F,Palestine,Palestine,lowerlevel,G-04,A,Science,S,Mum,62,64,72,84,Yes,Good,Under-7,H
xapi_edu_1449,train,M,Jordan,Jordan,MiddleSchool,G-06,A,English,F,Father,40,38,32,36,No,Bad,Above-7,M
xapi_edu_0775,test,F,SaudiArabia,SaudiArabia,MiddleSchool,G-07,B,Science,F,Father,50,90,37,70,Yes,Good,Under-7,M
xapi_edu_0276,train,M,Jordan,Jordan,lowerlevel,G-04,B,Science,F,Father,25,29,34,33,No,Good,Above-7,M
xapi_edu_1524,train,F,KW,KuwaIT,lowerlevel,G-02,B,IT,F,Mum,70,92,50,7,Yes,Good,Under-7,H
xapi_edu_0743,train,F,Jordan,Jordan,MiddleSchool,G-07,B,Biology,S,Mum,59,90,19,43,No,Good,Under-7,H
xapi_edu_0749,train,M,Iraq,Iraq,MiddleSchool,G-08,A,Geology,S,Father,71,81,83,72,Yes,Good,Above-7,M
xapi_edu_0789,test,F,Jordan,Jordan,MiddleSchool,G-07,B,Biology,S,Mum,59,90,19,43,No,Good,Under-7,H
xapi_edu_0486,train,M,Jordan,Jordan,lowerlevel,G-02,B,French,S,Mum,35,97,41,23,Yes,Good,Under-7,H
xapi_edu_1688,train,F,KW,KuwaIT,lowerlevel,G-04,A,Science,S,Father,69,76,82,94,No,Bad,Under-7,M
xapi_edu_0255,train,F,Jordan,Jordan,MiddleSchool,G-06,A,English,S,Mum,97,87,82,86,No,Good,Under-7,H
xapi_edu_0750,train,F,SaudiArabia,SaudiArabia,lowerlevel,G-02,B,French,S,Father,60,70,63,93,Yes,Bad,Under-7,H
xapi_edu_1166,train,M,KW,KuwaIT,lowerlevel,G-02,B,IT,F,Father,12,30,0,17,No,Good,Above-7,L
xapi_edu_1379,valid,M,Jordan,Jordan,MiddleSchool,G-07,A,Biology,S,Father,65,89,64,82,No,Good,Under-7,H
xapi_edu_1147,train,M,Palestine,Palestine,MiddleSchool,G-07,A,Biology,F,Father,88,90,86,81,Yes,Good,Under-7,H
xapi_edu_1211,train,F,Jordan,KuwaIT,MiddleSchool,G-08,C,Spanish,S,Father,87,88,40,10,Yes,Good,Under-7,M
xapi_edu_0790,train,M,Jordan,Jordan,MiddleSchool,G-08,B,Arabic,S,Father,29,10,12,24,No,Bad,Above-7,L
xapi_edu_1699,valid,M,KW,KuwaIT,MiddleSchool,G-07,A,Quran,F,Father,20,12,15,70,No,Good,Above-7,L
xapi_edu_0701,test,M,Jordan,Jordan,MiddleSchool,G-07,A,Biology,F,Father,80,80,46,61,Yes,Bad,Under-7,M
xapi_edu_0463,train,F,KW,KuwaIT,MiddleSchool,G-07,A,English,F,Father,19,30,26,19,Yes,Bad,Above-7,M
xapi_edu_0336,test,M,Iraq,Iraq,MiddleSchool,G-08,A,History,S,Father,69,77,83,92,Yes,Good,Above-7,M
xapi_edu_1403,train,M,Palestine,Jordan,lowerlevel,G-04,B,Science,F,Mum,95,57,74,89,Yes,Good,Above-7,M
xapi_edu_1655,test,M,lebanon,lebanon,MiddleSchool,G-08,C,Spanish,S,Father,80,51,40,24,No,Good,Under-7,M
xapi_edu_1609,test,M,Egypt,KuwaIT,MiddleSchool,G-07,B,Science,S,Father,12,20,38,46,No,Bad,Above-7,M
xapi_edu_1258,valid,M,Egypt,Egypt,lowerlevel,G-04,A,English,S,Mum,19,74,32,17,No,Good,Above-7,L
xapi_edu_0054,train,F,Jordan,Jordan,lowerlevel,G-02,A,Arabic,S,Father,5,9,19,98,No,Bad,Above-7,L
xapi_edu_1520,test,M,KW,KuwaIT,lowerlevel,G-02,B,IT,F,Father,50,70,50,10,Yes,Good,Above-7,H
xapi_edu_1067,train,M,Jordan,Jordan,MiddleSchool,G-06,A,English,S,Father,11,70,32,29,Yes,Good,Above-7,M
xapi_edu_0622,train,M,KW,KuwaIT,MiddleSchool,G-08,C,Spanish,S,Father,17,61,42,14,No,Bad,Under-7,M
xapi_edu_1058,train,M,KW,KuwaIT,MiddleSchool,G-08,A,Arabic,S,Father,15,43,42,33,Yes,Good,Under-7,M
xapi_edu_1408,valid,M,KW,KuwaIT,lowerlevel,G-02,B,French,S,Mum,60,52,23,33,Yes,Good,Under-7,H
xapi_edu_0320,valid,M,KW,KuwaIT,MiddleSchool,G-07,A,Math,F,Father,50,88,30,80,Yes,Good,Under-7,H
xapi_edu_0115,valid,M,KW,KuwaIT,MiddleSchool,G-07,B,Science,F,Father,12,11,8,40,No,Bad,Above-7,L
xapi_edu_0816,valid,M,Jordan,SaudiArabia,MiddleSchool,G-08,A,Geology,F,Father,85,89,22,61,No,Bad,Under-7,H
xapi_edu_0747,train,M,Iran,Iran,MiddleSchool,G-08,A,Spanish,S,Mum,51,42,12,29,No,Bad,Above-7,M
xapi_edu_0846,train,M,Jordan,Jordan,lowerlevel,G-02,B,French,S,Mum,35,92,29,33,No,Bad,Under-7,M
xapi_edu_1837,train,M,KW,KuwaIT,lowerlevel,G-02,C,IT,F,Father,77,80,51,80,No,Good,Under-7,M
xapi_edu_1204,train,M,KW,KuwaIT,MiddleSchool,G-07,A,IT,F,Father,15,21,2,90,No,Bad,Under-7,M
xapi_edu_0447,train,M,Iran,Iran,lowerlevel,G-02,B,French,S,Father,10,2,13,53,No,Bad,Above-7,L
xapi_edu_1091,train,M,Iraq,Iraq,lowerlevel,G-04,A,Science,S,Father,62,64,72,84,Yes,Good,Above-7,M
xapi_edu_1480,train,F,KW,KuwaIT,HighSchool,G-09,A,IT,F,Father,33,33,30,90,No,Bad,Under-7,M
xapi_edu_0549,train,M,Jordan,Palestine,MiddleSchool,G-07,A,Biology,F,Mum,78,91,50,40,Yes,Good,Under-7,H
xapi_edu_0103,valid,M,KW,KuwaIT,MiddleSchool,G-08,A,Spanish,S,Father,5,3,2,10,Yes,Good,Under-7,L
xapi_edu_0959,train,F,Jordan,Jordan,lowerlevel,G-02,A,French,F,Mum,60,87,23,11,Yes,Good,Above-7,M
xapi_edu_0296,train,M,KW,KuwaIT,HighSchool,G-10,A,IT,F,Father,0,5,7,2,No,Bad,Above-7,L
xapi_edu_1557,valid,M,KW,KuwaIT,MiddleSchool,G-08,B,Arabic,S,Mum,15,90,52,83,Yes,Bad,Under-7,H
xapi_edu_1654,train,M,KW,KuwaIT,HighSchool,G-12,A,English,F,Father,39,15,16,50,No,Good,Above-7,L
xapi_edu_1200,train,M,Jordan,Jordan,MiddleSchool,G-08,A,Chemistry,F,Mum,80,82,76,19,Yes,Good,Under-7,M
xapi_edu_0810,train,F,Jordan,Jordan,MiddleSchool,G-07,A,Quran,S,Father,60,55,30,40,No,Bad,Under-7,M
xapi_edu_1616,train,M,Jordan,Jordan,MiddleSchool,G-08,A,Geology,F,Mum,89,87,86,15,Yes,Good,Under-7,M
xapi_edu_1961,train,M,KW,KuwaIT,MiddleSchool,G-07,A,IT,F,Father,29,22,9,20,Yes,Good,Under-7,M
xapi_edu_1234,train,M,Jordan,Jordan,MiddleSchool,G-07,A,Biology,S,Mum,3,8,19,3,No,Bad,Above-7,L
xapi_edu_0219,train,M,KW,KuwaIT,MiddleSchool,G-07,B,Science,S,Mum,32,60,58,66,Yes,Good,Above-7,M
xapi_edu_0088,test,F,Jordan,Jordan,MiddleSchool,G-07,A,Quran,S,Father,60,55,30,40,No,Bad,Under-7,M
xapi_edu_0487,train,M,USA,USA,lowerlevel,G-02,B,IT,F,Father,55,89,40,40,Yes,Good,Under-7,H
xapi_edu_0767,train,F,Jordan,Jordan,MiddleSchool,G-08,A,Chemistry,F,Father,85,90,52,30,Yes,Good,Under-7,H
xapi_edu_0648,test,M,Palestine,Jordan,MiddleSchool,G-07,B,Biology,F,Father,88,90,76,81,Yes,Good,Under-7,H
xapi_edu_0326,train,M,Jordan,Jordan,lowerlevel,G-02,A,French,S,Father,30,10,20,5,No,Bad,Above-7,L
xapi_edu_0257,train,M,Iraq,Iraq,lowerlevel,G-04,A,Science,F,Father,90,86,82,74,Yes,Good,Above-7,M
xapi_edu_0939,valid,M,Tunis,Tunis,MiddleSchool,G-07,A,Quran,S,Father,19,65,50,10,No,Bad,Above-7,L
xapi_edu_0513,train,F,Iraq,Iraq,lowerlevel,G-02,B,French,S,Father,17,80,13,10,No,Good,Under-7,M
xapi_edu_0149,train,M,KW,KuwaIT,MiddleSchool,G-07,B,Math,F,Father,19,6,19,12,Yes,Good,Under-7,M
xapi_edu_0894,train,F,KW,USA,HighSchool,G-11,A,Quran,F,Mum,60,80,50,40,No,Bad,Under-7,M
xapi_edu_0733,train,M,Iran,Iran,MiddleSchool,G-08,C,Spanish,S,Mum,27,41,32,61,Yes,Bad,Above-7,M
xapi_edu_1274,train,F,Jordan,Jordan,lowerlevel,G-02,A,French,F,Mum,10,90,30,21,No,Good,Under-7,M
xapi_edu_1316,train,M,KW,KuwaIT,MiddleSchool,G-08,A,Spanish,S,Father,5,17,21,10,No,Bad,Above-7,L
xapi_edu_1066,train,M,Jordan,Jordan,MiddleSchool,G-08,A,Geology,F,Mum,80,81,71,30,Yes,Good,Under-7,M
xapi_edu_1255,valid,F,KW,KuwaIT,MiddleSchool,G-08,A,Math,F,Mum,62,70,44,60,No,Bad,Above-7,H
xapi_edu_1629,valid,M,KW,KuwaIT,HighSchool,G-09,A,IT,F,Father,10,12,7,33,Yes,Good,Above-7,L
xapi_edu_1895,test,M,Jordan,Jordan,lowerlevel,G-02,B,Arabic,F,Father,10,30,50,91,Yes,Bad,Above-7,L
xapi_edu_0378,train,M,Palestine,Jordan,lowerlevel,G-02,A,Arabic,S,Father,80,88,51,39,Yes,Good,Under-7,H
xapi_edu_1988,train,M,Palestine,Jordan,lowerlevel,G-04,B,Science,S,Mum,82,84,79,79,Yes,Good,Above-7,M
xapi_edu_1035,valid,M,KW,KuwaIT,MiddleSchool,G-07,B,Science,F,Mum,8,6,4,22,Yes,Good,Above-7,L
xapi_edu_0500,train,M,Palestine,Palestine,MiddleSchool,G-08,A,Geology,F,Father,80,87,74,68,Yes,Good,Under-7,M
xapi_edu_1153,train,M,KW,KuwaIT,lowerlevel,G-04,A,IT,F,Father,5,1,0,11,No,Bad,Above-7,L
xapi_edu_1297,valid,M,KW,KuwaIT,HighSchool,G-12,A,English,F,Father,39,15,16,50,No,Good,Above-7,L
xapi_edu_0085,train,M,Palestine,Jordan,lowerlevel,G-04,B,Science,S,Mum,82,84,79,79,Yes,Good,Above-7,M
xapi_edu_1807,train,F,KW,KuwaIT,lowerlevel,G-02,B,IT,F,Father,100,80,2,70,No,Bad,Under-7,H
xapi_edu_1576,train,M,Palestine,Jordan,lowerlevel,G-02,A,Arabic,F,Father,90,98,41,38,Yes,Good,Under-7,H
xapi_edu_0903,valid,M,KW,KuwaIT,MiddleSchool,G-07,A,Math,F,Father,55,13,35,90,No,Bad,Above-7,M
xapi_edu_0884,train,M,Jordan,Jordan,MiddleSchool,G-06,A,English,F,Father,42,21,2,16,No,Bad,Under-7,M
xapi_edu_1733,train,M,KW,KuwaIT,lowerlevel,G-02,B,IT,F,Father,1,7,6,10,No,Bad,Above-7,L
xapi_edu_1522,train,F,Jordan,Jordan,MiddleSchool,G-07,B,Biology,S,Mum,59,90,19,43,No,Good,Under-7,H
xapi_edu_1938,train,M,KW,KuwaIT,HighSchool,G-11,A,Quran,F,Father,13,3,11,9,No,Bad,Above-7,L
xapi_edu_1271,train,F,lebanon,lebanon,MiddleSchool,G-06,A,English,F,Mum,95,82,82,70,Yes,Good,Under-7,H
xapi_edu_0153,test,M,KW,KuwaIT,lowerlevel,G-04,A,History,S,Father,10,17,12,40,Yes,Good,Under-7,H
xapi_edu_0073,train,F,lebanon,lebanon,MiddleSchool,G-06,A,English,S,Mum,90,62,80,60,Yes,Good,Under-7,H
xapi_edu_1878,test,M,KW,KuwaIT,MiddleSchool,G-07,A,IT,F,Father,8,7,30,40,Yes,Good,Above-7,L
xapi_edu_1542,valid,F,Jordan,Jordan,MiddleSchool,G-08,A,Geology,F,Mum,90,79,76,79,Yes,Good,Under-7,H
xapi_edu_1750,test,M,KW,KuwaIT,MiddleSchool,G-07,A,Math,F,Father,16,14,6,20,Yes,Good,Above-7,L
xapi_edu_1180,valid,M,KW,KuwaIT,lowerlevel,G-02,B,French,S,Mum,30,12,29,23,No,Bad,Under-7,M
xapi_edu_1741,train,F,Palestine,Jordan,lowerlevel,G-02,B,French,S,Father,79,89,11,14,No,Good,Under-7,M
xapi_edu_0192,train,F,Jordan,Jordan,MiddleSchool,G-08,A,Geology,S,Mum,87,93,63,60,Yes,Good,Under-7,H
xapi_edu_0725,valid,F,Palestine,Palestine,lowerlevel,G-04,A,Science,S,Mum,62,64,72,84,Yes,Good,Under-7,H
xapi_edu_1448,train,F,KW,KuwaIT,lowerlevel,G-02,B,IT,F,Father,66,90,55,12,Yes,Good,Above-7,M
xapi_edu_0607,train,M,Tunis,KuwaIT,MiddleSchool,G-07,B,Science,S,Father,22,51,48,10,No,Bad,Above-7,L
xapi_edu_0473,train,M,Tunis,Tunis,HighSchool,G-11,B,Science,S,Father,70,50,33,40,No,Good,Under-7,M
xapi_edu_1982,train,M,KW,KuwaIT,MiddleSchool,G-08,B,Arabic,S,Father,25,5,12,33,Yes,Good,Under-7,M
xapi_edu_0861,train,F,KW,KuwaIT,MiddleSchool,G-06,A,IT,S,Father,50,40,52,66,Yes,Bad,Under-7,M
xapi_edu_0969,train,M,Tunis,Tunis,lowerlevel,G-02,B,French,S,Mum,80,92,83,43,Yes,Good,Under-7,H
xapi_edu_0130,valid,M,Jordan,Jordan,lowerlevel,G-02,A,French,F,Mum,60,92,83,23,Yes,Good,Under-7,H
xapi_edu_0687,train,M,Tunis,Tunis,MiddleSchool,G-07,A,Quran,S,Father,19,65,50,10,No,Bad,Above-7,L
xapi_edu_0005,train,F,USA,USA,lowerlevel,G-02,B,French,S,Mum,15,52,83,11,Yes,Bad,Under-7,M
xapi_edu_0302,test,M,Jordan,SaudiArabia,lowerlevel,G-02,B,Arabic,F,Mum,4,10,11,7,No,Good,Above-7,L
xapi_edu_0923,train,F,Syria,Syria,MiddleSchool,G-07,A,Biology,S,Mum,80,91,87,72,Yes,Good,Under-7,H
xapi_edu_0360,train,M,Jordan,Jordan,MiddleSchool,G-08,A,Geology,S,Mum,70,83,70,23,Yes,Good,Under-7,M
xapi_edu_0814,train,M,Syria,Syria,lowerlevel,G-02,A,French,F,Father,24,35,18,31,No,Bad,Under-7,M
xapi_edu_1232,test,M,Jordan,SaudiArabia,MiddleSchool,G-08,A,Geology,S,Father,80,89,23,68,No,Bad,Under-7,H
xapi_edu_0195,test,M,Jordan,Jordan,lowerlevel,G-02,B,French,S,Father,50,62,13,33,No,Bad,Above-7,L
xapi_edu_0155,train,M,KW,KuwaIT,lowerlevel,G-05,A,English,F,Father,7,10,1,30,No,Bad,Above-7,L
xapi_edu_0807,valid,F,Jordan,Jordan,MiddleSchool,G-07,A,Biology,S,Mum,90,88,54,12,Yes,Good,Above-7,M
xapi_edu_1110,train,M,Jordan,Jordan,MiddleSchool,G-08,A,Geology,F,Mum,89,87,86,15,Yes,Good,Under-7,M
xapi_edu_0188,valid,M,Jordan,Jordan,lowerlevel,G-02,B,French,F,Mum,40,87,50,41,No,Bad,Under-7,M
xapi_edu_1808,train,M,KW,KuwaIT,lowerlevel,G-02,C,IT,F,Mum,0,4,8,30,No,Bad,Above-7,L
xapi_edu_1703,train,F,KW,KuwaIT,lowerlevel,G-02,B,IT,F,Father,100,80,2,70,No,Bad,Under-7,H
xapi_edu_1794,train,F,Jordan,Jordan,MiddleSchool,G-08,A,Chemistry,F,Father,15,9,14,80,No,Bad,Above-7,L
xapi_edu_0563,train,F,USA,USA,lowerlevel,G-02,B,French,S,Mum,15,52,83,11,Yes,Bad,Under-7,M
xapi_edu_1261,valid,M,Iraq,Iraq,lowerlevel,G-02,B,Arabic,S,Mum,70,83,29,33,Yes,Good,Under-7,H
xapi_edu_1627,train,M,Jordan,Jordan,MiddleSchool,G-08,A,Geology,F,Mum,89,87,86,15,Yes,Good,Under-7,M
xapi_edu_0469,train,M,KW,KuwaIT,lowerlevel,G-05,A,English,F,Father,8,22,9,40,No,Bad,Above-7,L
xapi_edu_1870,train,M,Egypt,Egypt,lowerlevel,G-02,B,French,F,Mum,5,13,6,6,No,Good,Above-7,L
xapi_edu_1383,test,M,Jordan,SaudiArabia,MiddleSchool,G-08,A,Chemistry,S,Father,11,2,9,49,No,Bad,Above-7,L
xapi_edu_1209,train,F,Jordan,lebanon,MiddleSchool,G-07,A,Quran,S,Mum,100,75,50,70,Yes,Bad,Under-7,H
xapi_edu_1847,test,M,Tunis,KuwaIT,MiddleSchool,G-07,B,Science,S,Father,22,51,48,10,No,Bad,Above-7,L
xapi_edu_1416,train,F,Palestine,Jordan,lowerlevel,G-02,A,French,F,Mum,70,90,20,21,No,Good,Under-7,M
xapi_edu_1624,train,F,KW,KuwaIT,lowerlevel,G-04,A,History,S,Mum,80,87,72,60,No,Good,Under-7,H
xapi_edu_1014,train,F,KW,KuwaIT,MiddleSchool,G-06,A,Math,S,Father,87,48,82,96,No,Bad,Above-7,M
xapi_edu_1538,train,M,KW,KuwaIT,lowerlevel,G-02,C,IT,F,Father,0,6,4,15,Yes,Bad,Under-7,L
xapi_edu_0125,valid,M,KW,KuwaIT,lowerlevel,G-04,A,IT,F,Father,40,50,12,50,No,Bad,Above-7,M
xapi_edu_1698,train,F,Jordan,Jordan,MiddleSchool,G-06,A,English,F,Mum,70,64,42,32,No,Bad,Under-7,M
xapi_edu_1491,test,M,Jordan,Jordan,MiddleSchool,G-08,A,Chemistry,S,Mum,79,88,79,20,Yes,Good,Above-7,M
xapi_edu_0402,train,F,KW,KuwaIT,lowerlevel,G-02,B,IT,F,Father,66,90,55,12,Yes,Good,Above-7,M
xapi_edu_0551,train,M,Jordan,Jordan,MiddleSchool,G-08,A,Chemistry,S,Mum,79,88,79,20,Yes,Good,Above-7,M
xapi_edu_0678,train,F,KW,KuwaIT,MiddleSchool,G-08,B,Arabic,S,Father,22,51,42,40,Yes,Bad,Under-7,M
xapi_edu_1111,test,M,Lybia,Lybia,lowerlevel,G-02,B,French,F,Mum,20,3,9,3,No,Good,Above-7,L
xapi_edu_1828,train,M,KW,KuwaIT,lowerlevel,G-02,C,IT,F,Father,77,80,51,80,No,Good,Under-7,M
xapi_edu_0242,train,M,Jordan,SaudiArabia,MiddleSchool,G-08,A,Geology,S,Father,87,79,73,98,No,Bad,Under-7,M
xapi_edu_0915,test,M,Iraq,Iraq,MiddleSchool,G-06,A,English,S,Mum,74,60,56,37,No,Good,Under-7,H
xapi_edu_0606,train,M,KW,KuwaIT,MiddleSchool,G-08,A,Arabic,S,Father,15,25,37,13,Yes,Good,Above-7,L
xapi_edu_0431,train,M,SaudiArabia,SaudiArabia,lowerlevel,G-02,B,IT,F,Father,7,12,5,3,No,Bad,Above-7,M
xapi_edu_1203,train,F,Jordan,Jordan,MiddleSchool,G-06,A,English,F,Mum,51,79,85,89,Yes,Good,Under-7,H
xapi_edu_1361,train,F,USA,USA,HighSchool,G-12,A,IT,F,Mum,70,69,35,30,Yes,Good,Under-7,H
xapi_edu_0093,test,M,Jordan,SaudiArabia,lowerlevel,G-02,B,Arabic,F,Mum,4,10,11,7,No,Good,Above-7,L
xapi_edu_0338,valid,M,KW,KuwaIT,HighSchool,G-11,A,Quran,F,Father,13,3,11,9,No,Bad,Above-7,L
xapi_edu_1270,train,M,KW,KuwaIT,MiddleSchool,G-08,C,Spanish,S,Father,5,21,42,14,No,Good,Above-7,L
xapi_edu_1825,train,M,Iraq,Iraq,MiddleSchool,G-08,A,Chemistry,F,Father,90,91,80,81,Yes,Good,Under-7,H
xapi_edu_0602,train,F,Palestine,Jordan,lowerlevel,G-02,B,French,S,Father,79,89,11,14,No,Good,Under-7,M
xapi_edu_1015,train,F,Jordan,Jordan,lowerlevel,G-02,B,French,S,Father,50,62,73,43,Yes,Bad,Above-7,M
xapi_edu_0911,train,F,SaudiArabia,USA,HighSchool,G-11,B,Science,S,Father,100,91,98,40,Yes,Bad,Under-7,H
xapi_edu_1918,train,F,SaudiArabia,SaudiArabia,lowerlevel,G-02,B,French,S,Father,60,70,63,93,Yes,Bad,Under-7,H
xapi_edu_1302,train,M,KW,KuwaIT,lowerlevel,G-02,C,IT,F,Father,60,60,3,60,No,Bad,Under-7,M
xapi_edu_0141,train,M,KW,KuwaIT,MiddleSchool,G-07,A,Math,F,Father,11,2,2,8,No,Bad,Under-7,L
xapi_edu_1628,train,M,SaudiArabia,USA,HighSchool,G-11,B,Math,S,Father,70,58,73,91,Yes,Bad,Under-7,H
xapi_edu_0485,train,M,KW,KuwaIT,MiddleSchool,G-08,B,Spanish,S,Mum,87,81,22,70,Yes,Bad,Under-7,H
xapi_edu_0681,test,M,KW,KuwaIT,MiddleSchool,G-08,A,Arabic,S,Father,23,25,32,53,No,Bad,Under-7,L
xapi_edu_0382,test,F,KW,KuwaIT,MiddleSchool,G-07,B,IT,F,Father,10,12,4,80,No,Bad,Under-7,M
xapi_edu_0426,test,M,Palestine,Palestine,MiddleSchool,G-08,A,Geology,S,Father,85,88,79,70,Yes,Good,Under-7,M
xapi_edu_0217,train,M,Jordan,Jordan,lowerlevel,G-02,A,Arabic,F,Father,10,18,71,38,Yes,Good,Above-7,M
xapi_edu_0236,test,F,KW,KuwaIT,lowerlevel,G-04,A,History,S,Mum,21,27,52,34,Yes,Good,Above-7,M
xapi_edu_1933,train,M,Syria,Syria,MiddleSchool,G-07,A,Quran,F,Father,19,72,15,50,Yes,Good,Above-7,M
xapi_edu_0453,train,M,Jordan,Jordan,MiddleSchool,G-08,B,Arabic,S,Father,29,10,12,24,No,Bad,Above-7,L
xapi_edu_0666,valid,M,Palestine,Jordan,MiddleSchool,G-06,A,English,F,Mum,72,21,22,26,Yes,Good,Under-7,H
xapi_edu_0996,train,M,Jordan,Jordan,MiddleSchool,G-08,A,Geology,S,Mum,70,83,70,23,Yes,Good,Under-7,M
xapi_edu_1423,test,M,KW,KuwaIT,lowerlevel,G-04,A,English,S,Father,59,97,42,70,Yes,Good,Under-7,H
xapi_edu_1212,train,F,KW,KuwaIT,MiddleSchool,G-08,A,Arabic,F,Father,30,90,33,35,No,Bad,Under-7,M
xapi_edu_1674,train,M,Iran,Iran,HighSchool,G-09,A,IT,F,Mum,15,70,37,44,Yes,Good,Under-7,M
xapi_edu_0072,test,F,KW,USA,HighSchool,G-11,A,Quran,S,Mum,70,80,95,70,Yes,Good,Under-7,H
xapi_edu_0287,train,M,Jordan,Jordan,MiddleSchool,G-06,A,English,F,Father,42,21,2,16,No,Bad,Under-7,M
xapi_edu_1757,train,F,KW,KuwaIT,lowerlevel,G-04,A,IT,F,Father,42,30,13,70,Yes,Bad,Above-7,M
xapi_edu_0297,train,M,Jordan,Jordan,MiddleSchool,G-08,A,Geology,S,Mum,90,86,85,10,Yes,Good,Under-7,M
xapi_edu_0213,valid,M,Jordan,Jordan,MiddleSchool,G-08,A,Geology,F,Mum,77,82,74,79,Yes,Good,Under-7,M
xapi_edu_0882,train,M,KW,KuwaIT,MiddleSchool,G-08,A,Spanish,S,Mum,72,83,12,90,Yes,Good,Under-7,H
xapi_edu_0355,train,F,Jordan,Jordan,lowerlevel,G-02,B,French,F,Mum,14,97,15,14,No,Good,Under-7,H
xapi_edu_0493,train,F,Jordan,Jordan,lowerlevel,G-04,A,Science,F,Mum,98,87,86,84,No,Good,Under-7,H
xapi_edu_0521,test,M,Jordan,SaudiArabia,MiddleSchool,G-08,A,Chemistry,F,Father,10,0,2,41,No,Bad,Above-7,L
xapi_edu_0258,train,F,lebanon,lebanon,lowerlevel,G-02,B,French,S,Mum,80,42,33,13,Yes,Bad,Under-7,H
xapi_edu_1389,train,F,Jordan,lebanon,lowerlevel,G-04,B,Science,F,Mum,78,88,74,83,Yes,Good,Under-7,H
xapi_edu_1863,train,M,Jordan,Jordan,lowerlevel,G-02,B,French,S,Father,50,62,13,33,No,Bad,Above-7,L
xapi_edu_1855,train,M,Iraq,Iraq,MiddleSchool,G-07,B,Biology,S,Father,89,92,89,83,Yes,Good,Under-7,H
xapi_edu_0372,train,M,Iran,Iran,lowerlevel,G-02,B,French,S,Mum,20,22,53,13,No,Good,Above-7,L
xapi_edu_0146,valid,F,Palestine,Jordan,lowerlevel,G-02,A,French,F,Mum,70,90,20,21,No,Good,Under-7,M
xapi_edu_1104,test,F,Jordan,Jordan,lowerlevel,G-04,A,Science,F,Father,49,36,32,44,No,Bad,Above-7,L
xapi_edu_1574,train,M,Jordan,Jordan,lowerlevel,G-02,A,French,S,Father,35,2,29,33,No,Good,Above-7,L
xapi_edu_0070,train,M,Jordan,Jordan,lowerlevel,G-02,B,Arabic,F,Mum,20,90,50,61,Yes,Bad,Above-7,M
xapi_edu_0008,train,F,Tunis,USA,HighSchool,G-11,B,French,S,Father,70,50,30,49,Yes,Good,Under-7,M
xapi_edu_1676,train,M,Jordan,Jordan,lowerlevel,G-02,A,French,F,Mum,60,92,83,23,Yes,Good,Under-7,H
xapi_edu_1121,train,F,Iraq,Iraq,MiddleSchool,G-07,A,Biology,S,Mum,90,90,57,22,Yes,Good,Under-7,H
xapi_edu_0713,train,F,Jordan,lebanon,MiddleSchool,G-07,A,Quran,S,Mum,100,75,50,70,Yes,Bad,Under-7,H
xapi_edu_1746,train,M,KW,KuwaIT,MiddleSchool,G-08,A,Arabic,S,Mum,92,65,62,53,Yes,Good,Under-7,H
xapi_edu_0811,train,M,KW,KuwaIT,MiddleSchool,G-08,A,Arabic,S,Mum,92,65,62,53,Yes,Good,Under-7,H
xapi_edu_1100,valid,M,KW,KuwaIT,MiddleSchool,G-08,A,Spanish,S,Mum,72,83,12,90,Yes,Good,Under-7,H
xapi_edu_1090,valid,M,Jordan,Jordan,lowerlevel,G-02,C,IT,F,Father,80,42,20,50,Yes,Good,Under-7,M
xapi_edu_1552,train,F,Jordan,Jordan,MiddleSchool,G-06,A,English,F,Mum,90,84,52,30,No,Good,Under-7,H
xapi_edu_1631,test,M,Iraq,Iraq,lowerlevel,G-02,B,Arabic,F,Mum,69,82,20,28,Yes,Good,Under-7,H
xapi_edu_0677,train,M,Jordan,Jordan,lowerlevel,G-02,B,French,S,Father,25,87,21,27,Yes,Good,Under-7,M
xapi_edu_1027,valid,F,Jordan,Jordan,MiddleSchool,G-08,A,History,S,Father,39,88,43,72,Yes,Good,Under-7,M
xapi_edu_0719,test,M,KW,KuwaIT,lowerlevel,G-04,A,IT,F,Father,40,50,12,50,No,Bad,Above-7,M
xapi_edu_0843,train,M,KW,KuwaIT,MiddleSchool,G-08,A,Arabic,S,Mum,85,15,22,53,Yes,Good,Under-7,M
xapi_edu_1336,train,M,KW,KuwaIT,MiddleSchool,G-07,B,Science,S,Father,12,8,18,26,No,Bad,Above-7,L
xapi_edu_1771,train,M,Syria,Syria,lowerlevel,G-02,A,French,F,Father,24,35,18,31,No,Bad,Under-7,M
xapi_edu_0804,valid,M,KW,KuwaIT,MiddleSchool,G-08,C,Spanish,S,Father,5,21,42,14,No,Good,Above-7,L
xapi_edu_0631,train,F,Jordan,Jordan,lowerlevel,G-02,B,French,F,Mum,13,82,20,30,No,Good,Under-7,H
xapi_edu_0388,test,M,USA,USA,MiddleSchool,G-08,B,Math,F,Father,19,5,4,1,Yes,Good,Above-7,L
xapi_edu_1008,train,M,KW,KuwaIT,lowerlevel,G-02,B,French,S,Mum,60,52,23,33,No,Good,Under-7,M
xapi_edu_1995,train,F,KW,KuwaIT,HighSchool,G-12,A,English,F,Mum,13,80,40,88,Yes,Good,Under-7,H
xapi_edu_0966,train,M,Lybia,Lybia,lowerlevel,G-02,B,French,S,Mum,15,4,12,7,No,Good,Above-7,L
xapi_edu_0350,train,M,KW,KuwaIT,lowerlevel,G-02,C,IT,F,Father,12,10,20,16,No,Bad,Under-7,L
xapi_edu_1723,train,M,Jordan,Jordan,MiddleSchool,G-07,A,Biology,S,Father,85,82,59,63,Yes,Bad,Under-7,M
xapi_edu_1414,train,M,Palestine,Jordan,MiddleSchool,G-06,A,English,F,Mum,82,31,52,25,No,Good,Under-7,M
xapi_edu_1811,train,M,Jordan,SaudiArabia,MiddleSchool,G-08,A,Geology,F,Father,85,89,22,61,No,Bad,Under-7,H
xapi_edu_0768,train,F,KW,KuwaIT,lowerlevel,G-02,C,IT,F,Father,14,60,11,75,Yes,Good,Under-7,H
xapi_edu_1326,train,M,Jordan,Jordan,lowerlevel,G-02,A,Arabic,F,Father,10,17,50,21,No,Bad,Under-7,M
xapi_edu_0636,valid,M,Jordan,Jordan,lowerlevel,G-02,B,Arabic,S,Father,35,2,29,23,No,Bad,Above-7,L
xapi_edu_1971,train,F,KW,KuwaIT,lowerlevel,G-02,B,IT,F,Father,12,26,7,40,Yes,Good,Under-7,M
xapi_edu_0737,train,M,Egypt,Egypt,MiddleSchool,G-07,B,Science,S,Mum,92,80,88,76,Yes,Good,Under-7,H
xapi_edu_1711,train,M,KW,KuwaIT,MiddleSchool,G-07,A,Math,F,Father,11,2,2,8,No,Bad,Under-7,L
xapi_edu_1790,test,M,KW,KuwaIT,MiddleSchool,G-07,B,IT,F,Mum,70,50,40,99,Yes,Good,Under-7,H
xapi_edu_0609,train,M,Jordan,Jordan,lowerlevel,G-02,A,Arabic,F,Father,10,17,50,21,No,Bad,Under-7,M
xapi_edu_1185,valid,M,Jordan,Jordan,MiddleSchool,G-07,A,Biology,S,Father,35,80,34,22,No,Good,Above-7,M
xapi_edu_1625,train,F,KW,KuwaIT,HighSchool,G-11,A,Science,F,Mum,49,70,19,75,Yes,Good,Under-7,H
xapi_edu_1307,valid,F,Jordan,Jordan,MiddleSchool,G-08,A,Chemistry,S,Mum,89,96,45,92,Yes,Good,Under-7,H
xapi_edu_1530,train,M,Jordan,Jordan,MiddleSchool,G-07,A,Biology,S,Father,65,89,64,82,No,Good,Under-7,H
xapi_edu_1050,train,M,Tunis,Tunis,lowerlevel,G-02,B,French,S,Mum,80,92,83,43,Yes,Good,Under-7,H
xapi_edu_0305,valid,F,Jordan,Jordan,MiddleSchool,G-08,A,Geology,S,Father,29,78,40,12,Yes,Good,Above-7,M
xapi_edu_1094,train,M,Jordan,Jordan,MiddleSchool,G-08,A,Geology,F,Mum,77,82,74,79,Yes,Good,Under-7,M
xapi_edu_0353,test,M,Jordan,SaudiArabia,MiddleSchool,G-08,A,Chemistry,S,Father,11,2,9,49,No,Bad,Above-7,L
xapi_edu_0238,train,M,Jordan,Jordan,MiddleSchool,G-06,A,English,F,Father,19,80,12,17,Yes,Good,Above-7,M
xapi_edu_0286,test,M,Iran,Iran,MiddleSchool,G-08,C,Spanish,S,Mum,27,41,32,61,Yes,Bad,Above-7,M
xapi_edu_0004,test,M,KW,KuwaIT,lowerlevel,G-02,B,IT,F,Father,7,4,10,50,No,Good,Above-7,M
xapi_edu_1842,train,M,Jordan,Jordan,MiddleSchool,G-07,B,Biology,S,Father,53,88,9,33,No,Bad,Under-7,M
xapi_edu_0371,train,M,Palestine,Palestine,MiddleSchool,G-08,A,Geology,F,Father,80,87,74,68,Yes,Good,Under-7,M
xapi_edu_1729,train,M,Palestine,Jordan,MiddleSchool,G-06,A,English,S,Mum,92,31,42,27,Yes,Good,Under-7,H
xapi_edu_0017,train,M,KW,KuwaIT,MiddleSchool,G-08,A,Spanish,S,Mum,72,83,12,90,Yes,Good,Under-7,H
xapi_edu_0993,train,M,KW,KuwaIT,MiddleSchool,G-07,A,Math,F,Father,8,15,10,40,Yes,Bad,Under-7,L
xapi_edu_1156,train,F,KW,KuwaIT,MiddleSchool,G-07,A,Math,F,Father,12,21,16,50,Yes,Good,Under-7,M
xapi_edu_0298,train,F,KW,KuwaIT,lowerlevel,G-02,B,IT,F,Mum,70,92,50,7,Yes,Good,Under-7,H
xapi_edu_1168,train,M,KW,KuwaIT,MiddleSchool,G-07,A,Quran,F,Father,20,12,15,70,No,Good,Above-7,L
xapi_edu_1958,valid,M,KW,KuwaIT,lowerlevel,G-04,A,IT,F,Father,30,25,5,35,No,Bad,Above-7,L
xapi_edu_1197,train,M,Jordan,Jordan,lowerlevel,G-02,B,French,F,Father,32,88,32,25,Yes,Good,Under-7,M
xapi_edu_0779,test,F,Jordan,Jordan,MiddleSchool,G-08,A,Chemistry,S,Father,19,98,20,2,Yes,Good,Under-7,H
xapi_edu_1514,train,M,Jordan,Jordan,MiddleSchool,G-07,A,Biology,F,Father,80,80,46,61,Yes,Bad,Under-7,M
xapi_edu_1561,train,M,KW,KuwaIT,MiddleSchool,G-07,A,Math,F,Father,11,2,2,8,No,Bad,Under-7,L
xapi_edu_0979,train,F,KW,KuwaIT,lowerlevel,G-04,A,History,S,Mum,80,87,72,60,No,Good,Under-7,H
xapi_edu_0091,valid,M,KW,KuwaIT,MiddleSchool,G-08,A,Arabic,S,Father,15,25,37,13,Yes,Good,Above-7,L
xapi_edu_1446,train,M,Jordan,Jordan,MiddleSchool,G-07,A,Biology,F,Father,80,80,46,61,Yes,Bad,Under-7,M
xapi_edu_1198,test,M,KW,KuwaIT,lowerlevel,G-02,C,IT,F,Mum,0,4,8,30,No,Bad,Above-7,L
xapi_edu_0577,train,F,KW,KuwaIT,lowerlevel,G-02,C,IT,F,Father,10,3,0,30,No,Bad,Under-7,M
xapi_edu_0532,valid,M,Jordan,Jordan,MiddleSchool,G-07,B,Science,S,Mum,72,80,58,66,No,Bad,Under-7,M
xapi_edu_1288,train,M,KW,KuwaIT,lowerlevel,G-02,B,French,S,Mum,60,52,23,33,No,Good,Under-7,M
xapi_edu_0079,train,M,Jordan,Jordan,MiddleSchool,G-06,A,English,S,Father,11,70,32,29,Yes,Good,Above-7,M
xapi_edu_0443,test,F,Iraq,Iraq,lowerlevel,G-02,B,Arabic,S,Mum,79,93,49,23,Yes,Good,Under-7,H
xapi_edu_1006,train,M,KW,KuwaIT,MiddleSchool,G-07,A,Quran,S,Father,10,10,15,19,No,Bad,Above-7,L
xapi_edu_1668,train,F,KW,KuwaIT,MiddleSchool,G-07,B,Science,S,Mum,72,80,58,66,Yes,Good,Above-7,M
xapi_edu_1783,train,M,Tunis,Tunis,MiddleSchool,G-08,C,Spanish,S,Mum,87,81,42,19,Yes,Good,Under-7,H
xapi_edu_1372,test,F,KW,KuwaIT,lowerlevel,G-04,A,History,S,Mum,80,87,72,60,No,Good,Under-7,H
xapi_edu_0920,train,M,Jordan,Jordan,lowerlevel,G-04,A,Science,S,Father,22,34,15,9,No,Bad,Above-7,L
xapi_edu_1125,train,M,Jordan,Jordan,lowerlevel,G-02,A,Arabic,S,Father,10,98,41,38,Yes,Good,Above-7,M
xapi_edu_0933,train,M,KW,KuwaIT,lowerlevel,G-02,B,IT,F,Father,5,20,1,50,Yes,Good,Above-7,L
xapi_edu_0065,train,F,Jordan,Jordan,MiddleSchool,G-08,A,Chemistry,S,Father,5,4,5,8,No,Bad,Above-7,L
xapi_edu_0144,train,F,KW,KuwaIT,HighSchool,G-09,A,IT,F,Father,33,33,30,90,No,Bad,Under-7,M
xapi_edu_0279,train,F,Jordan,Jordan,MiddleSchool,G-07,B,Science,S,Mum,32,80,58,46,Yes,Good,Above-7,M
xapi_edu_0172,train,M,KW,KuwaIT,MiddleSchool,G-08,C,Spanish,S,Father,17,50,2,4,No,Bad,Above-7,L
xapi_edu_1996,train,M,KW,KuwaIT,MiddleSchool,G-08,A,Arabic,F,Father,25,15,12,33,No,Bad,Above-7,L
xapi_edu_1512,train,M,KW,KuwaIT,MiddleSchool,G-07,A,Math,F,Father,5,2,6,5,Yes,Good,Above-7,L
xapi_edu_1227,test,M,Iraq,Iraq,MiddleSchool,G-06,A,English,F,Mum,74,71,56,37,No,Good,Under-7,H
xapi_edu_0076,train,F,Jordan,Jordan,MiddleSchool,G-08,A,Geology,F,Father,25,82,52,20,Yes,Good,Above-7,M
xapi_edu_0675,train,M,KW,KuwaIT,MiddleSchool,G-08,C,Spanish,S,Father,17,21,42,14,Yes,Good,Under-7,M
xapi_edu_0436,train,M,KW,KuwaIT,lowerlevel,G-02,B,IT,F,Father,80,90,55,19,Yes,Good,Under-7,H
xapi_edu_0270,train,M,Jordan,Jordan,lowerlevel,G-02,B,Arabic,S,Mum,20,77,31,88,Yes,Good,Under-7,M
xapi_edu_1850,train,M,Jordan,Jordan,lowerlevel,G-04,B,Science,F,Mum,65,59,74,83,Yes,Good,Under-7,H
xapi_edu_1093,train,M,KW,KuwaIT,lowerlevel,G-02,A,IT,F,Father,8,25,1,70,No,Bad,Above-7,L
xapi_edu_1661,train,M,KW,KuwaIT,lowerlevel,G-02,B,IT,F,Father,50,7,9,50,Yes,Bad,Above-7,M
xapi_edu_1824,train,F,Jordan,Jordan,lowerlevel,G-05,A,English,F,Mum,21,10,28,20,No,Good,Above-7,L
xapi_edu_0306,train,M,Tunis,Tunis,lowerlevel,G-02,B,French,S,Mum,80,92,83,43,Yes,Good,Under-7,H
xapi_edu_1630,test,M,KW,KuwaIT,MiddleSchool,G-07,B,Science,F,Father,12,11,8,40,No,Bad,Above-7,L
xapi_edu_0031,train,M,Jordan,Jordan,lowerlevel,G-02,A,Arabic,S,Father,10,98,41,38,Yes,Good,Above-7,M
xapi_edu_0981,train,M,KW,KuwaIT,lowerlevel,G-02,B,IT,F,Father,7,4,10,50,No,Good,Above-7,M
xapi_edu_1432,train,F,Palestine,Jordan,lowerlevel,G-02,A,Arabic,F,Mum,98,88,60,31,No,Good,Under-7,H
xapi_edu_1889,train,M,Palestine,Jordan,MiddleSchool,G-08,A,History,S,Father,78,82,78,53,Yes,Good,Under-7,M
xapi_edu_0490,train,M,KW,KuwaIT,lowerlevel,G-02,B,IT,F,Father,12,30,0,17,No,Good,Above-7,L
xapi_edu_1912,train,M,Iran,Iran,MiddleSchool,G-08,A,Spanish,S,Mum,51,42,12,29,No,Bad,Above-7,M
xapi_edu_0045,train,M,KW,KuwaIT,MiddleSchool,G-07,B,IT,F,Father,19,19,25,40,Yes,Bad,Under-7,M
xapi_edu_1148,valid,M,KW,KuwaIT,HighSchool,G-10,A,IT,F,Father,17,13,16,12,Yes,Bad,Under-7,M
xapi_edu_1032,valid,M,Jordan,Jordan,lowerlevel,G-04,B,Science,F,Mum,65,59,74,83,Yes,Good,Under-7,H
xapi_edu_1142,train,M,Jordan,Jordan,lowerlevel,G-02,B,French,S,Mum,35,97,41,23,Yes,Good,Under-7,H
xapi_edu_1404,test,F,KW,KuwaIT,MiddleSchool,G-07,A,IT,F,Father,14,13,3,70,No,Bad,Above-7,L
xapi_edu_0820,train,M,KW,KuwaIT,MiddleSchool,G-07,A,IT,F,Father,19,20,16,50,No,Good,Under-7,M
xapi_edu_1529,valid,M,Syria,Syria,lowerlevel,G-02,A,French,S,Father,27,20,33,35,No,Bad,Under-7,M
xapi_edu_0069,test,M,KW,KuwaIT,lowerlevel,G-02,B,IT,F,Father,70,90,2,2,Yes,Good,Under-7,L
xapi_edu_0550,train,F,Jordan,Jordan,MiddleSchool,G-08,A,History,F,Father,30,17,14,57,No,Bad,Above-7,L
xapi_edu_0134,train,F,Jordan,Jordan,lowerlevel,G-04,B,Science,F,Mum,55,79,44,43,Yes,Good,Under-7,H
xapi_edu_1610,valid,M,KW,KuwaIT,lowerlevel,G-02,C,IT,F,Mum,21,12,0,50,Yes,Good,Under-7,M
xapi_edu_0855,train,F,Jordan,Jordan,lowerlevel,G-02,B,French,S,Mum,23,82,20,30,No,Good,Under-7,H
xapi_edu_0754,train,M,Jordan,Jordan,lowerlevel,G-02,A,Arabic,S,Father,10,98,41,38,Yes,Good,Above-7,M
xapi_edu_0540,train,M,lebanon,Jordan,MiddleSchool,G-08,A,Arabic,S,Mum,87,65,82,33,Yes,Good,Under-7,H
xapi_edu_0891,valid,F,Palestine,Palestine,lowerlevel,G-04,A,Science,S,Mum,62,64,72,84,Yes,Good,Under-7,H
xapi_edu_1564,train,F,Iraq,Iraq,lowerlevel,G-02,B,Arabic,F,Mum,89,92,40,28,Yes,Good,Under-7,H
xapi_edu_1618,train,F,Jordan,Jordan,MiddleSchool,G-08,A,Geology,S,Father,55,74,25,29,No,Bad,Under-7,M
xapi_edu_1941,train,F,Jordan,Jordan,MiddleSchool,G-07,B,Science,S,Mum,82,89,58,50,Yes,Good,Under-7,H
xapi_edu_1430,train,M,Jordan,Jordan,MiddleSchool,G-07,B,Science,S,Father,52,10,13,6,No,Bad,Above-7,L
xapi_edu_1246,valid,M,Palestine,Palestine,MiddleSchool,G-07,A,Biology,S,Father,89,92,89,83,Yes,Good,Under-7,H
xapi_edu_1508,train,F,Jordan,Jordan,MiddleSchool,G-07,A,Quran,S,Father,60,55,30,40,No,Bad,Under-7,M
xapi_edu_0420,train,F,Jordan,Jordan,lowerlevel,G-02,B,Arabic,S,Father,10,12,29,93,No,Bad,Above-7,L
xapi_edu_1581,train,F,SaudiArabia,USA,HighSchool,G-11,B,Science,S,Father,100,91,98,40,Yes,Bad,Under-7,H
xapi_edu_0668,train,M,Egypt,Egypt,MiddleSchool,G-07,B,Science,S,Father,72,80,58,86,Yes,Good,Under-7,M
xapi_edu_0171,train,M,USA,USA,lowerlevel,G-02,B,IT,F,Father,55,89,40,40,Yes,Good,Under-7,H
xapi_edu_1887,test,F,Jordan,Jordan,MiddleSchool,G-07,B,Science,S,Mum,32,80,58,46,Yes,Good,Above-7,M
xapi_edu_1325,test,F,KW,KuwaIT,MiddleSchool,G-07,A,IT,F,Father,60,60,33,90,No,Bad,Above-7,M
xapi_edu_1769,train,M,lebanon,lebanon,MiddleSchool,G-08,A,Arabic,S,Mum,10,35,30,13,No,Bad,Above-7,L
xapi_edu_0484,train,M,Jordan,Jordan,MiddleSchool,G-07,A,IT,F,Father,22,30,10,12,Yes,Good,Above-7,L
xapi_edu_0722,train,F,Jordan,Jordan,lowerlevel,G-02,B,Arabic,S,Father,10,12,29,93,No,Bad,Above-7,L
xapi_edu_0186,train,M,SaudiArabia,USA,HighSchool,G-11,A,Science,S,Father,23,63,71,89,Yes,Good,Under-7,M
xapi_edu_1038,train,M,Palestine,Palestine,MiddleSchool,G-08,A,Geology,F,Father,80,87,74,68,Yes,Good,Under-7,M
xapi_edu_1827,train,M,Jordan,SaudiArabia,MiddleSchool,G-08,C,Spanish,S,Mum,27,90,82,14,Yes,Good,Under-7,H
xapi_edu_1919,valid,F,Jordan,lebanon,lowerlevel,G-04,B,Science,F,Mum,78,88,74,83,Yes,Good,Under-7,H
xapi_edu_0759,test,F,KW,KuwaIT,HighSchool,G-09,A,IT,F,Father,33,33,30,90,No,Bad,Under-7,M
xapi_edu_0410,valid,M,Jordan,Jordan,MiddleSchool,G-08,A,Geology,F,Mum,80,81,71,30,Yes,Good,Under-7,M
xapi_edu_0380,test,M,Palestine,Jordan,MiddleSchool,G-06,A,English,S,Mum,72,41,46,27,No,Good,Under-7,M
xapi_edu_1902,valid,M,Jordan,Jordan,lowerlevel,G-02,B,Arabic,F,Father,10,10,40,51,No,Bad,Above-7,L
xapi_edu_1362,test,F,KW,KuwaIT,lowerlevel,G-02,C,IT,F,Father,10,3,0,30,No,Bad,Under-7,M
xapi_edu_1767,valid,F,Jordan,Jordan,lowerlevel,G-02,A,French,F,Mum,60,87,23,11,Yes,Good,Above-7,M
xapi_edu_1942,train,M,lebanon,lebanon,MiddleSchool,G-08,C,Spanish,S,Father,80,51,40,24,No,Good,Under-7,M
xapi_edu_0237,test,M,Jordan,SaudiArabia,MiddleSchool,G-08,C,Spanish,S,Mum,27,90,82,14,Yes,Good,Under-7,H
xapi_edu_1479,train,M,KW,KuwaIT,lowerlevel,G-02,B,IT,F,Father,70,90,41,33,Yes,Bad,Under-7,H
xapi_edu_0283,test,F,Jordan,Jordan,MiddleSchool,G-06,A,English,F,Mum,90,84,52,30,No,Good,Under-7,H
xapi_edu_0756,train,M,Jordan,SaudiArabia,lowerlevel,G-02,B,Arabic,F,Mum,4,10,11,7,No,Good,Above-7,L
xapi_edu_1202,train,M,KW,KuwaIT,MiddleSchool,G-08,A,Science,F,Father,75,85,52,43,Yes,Good,Under-7,M
xapi_edu_0080,train,M,KW,KuwaIT,MiddleSchool,G-08,B,Arabic,S,Mum,15,90,52,83,Yes,Bad,Under-7,H
xapi_edu_0140,test,F,KW,KuwaIT,MiddleSchool,G-06,A,IT,F,Father,30,40,22,66,Yes,Good,Under-7,M
xapi_edu_1606,train,F,KW,KuwaIT,HighSchool,G-12,A,English,F,Father,25,10,19,30,No,Bad,Above-7,M
xapi_edu_1451,train,M,USA,USA,lowerlevel,G-02,B,IT,F,Father,55,89,40,40,Yes,Good,Under-7,H
xapi_edu_1022,train,M,Egypt,Egypt,lowerlevel,G-02,B,French,F,Mum,5,13,6,6,No,Good,Above-7,L
xapi_edu_0329,valid,F,KW,KuwaIT,MiddleSchool,G-07,A,IT,F,Father,14,13,3,70,No,Bad,Above-7,L
xapi_edu_0111,train,F,Palestine,Jordan,lowerlevel,G-02,A,French,F,Mum,70,90,20,21,No,Good,Under-7,M
xapi_edu_1177,valid,M,Palestine,Palestine,MiddleSchool,G-07,A,Biology,S,Father,89,92,89,83,Yes,Good,Under-7,H
xapi_edu_0129,train,F,lebanon,lebanon,lowerlevel,G-02,B,French,S,Mum,80,42,33,13,Yes,Bad,Under-7,H
xapi_edu_0925,valid,M,Palestine,Jordan,MiddleSchool,G-07,B,Biology,S,Father,99,96,89,84,Yes,Good,Under-7,H
xapi_edu_0745,train,M,KW,KuwaIT,MiddleSchool,G-07,A,Math,F,Father,5,2,6,5,Yes,Good,Above-7,L
xapi_edu_0023,train,M,KW,KuwaIT,lowerlevel,G-02,B,IT,F,Father,7,5,2,80,Yes,Good,Above-7,L
xapi_edu_1734,train,M,Tunis,Tunis,MiddleSchool,G-07,A,Quran,S,Father,19,65,50,10,No,Bad,Above-7,L
xapi_edu_0427,test,M,Palestine,Jordan,lowerlevel,G-04,B,Science,F,Mum,95,57,74,89,Yes,Good,Above-7,M
xapi_edu_1829,train,M,KW,KuwaIT,MiddleSchool,G-07,B,IT,S,Mum,70,92,83,85,Yes,Bad,Under-7,H
xapi_edu_0348,train,F,Jordan,Jordan,lowerlevel,G-02,A,French,S,Mum,50,95,23,10,Yes,Good,Under-7,H
xapi_edu_0387,train,F,Jordan,Jordan,MiddleSchool,G-07,B,Biology,F,Mum,70,89,12,21,No,Good,Under-7,H
xapi_edu_1308,train,M,KW,KuwaIT,lowerlevel,G-02,B,IT,F,Father,50,7,9,50,Yes,Bad,Above-7,M
xapi_edu_0231,train,M,Jordan,Jordan,MiddleSchool,G-06,A,English,S,Father,41,39,35,39,Yes,Bad,Above-7,M
xapi_edu_1620,train,F,KW,KuwaIT,MiddleSchool,G-06,A,Quran,S,Father,70,40,2,16,No,Bad,Above-7,L
xapi_edu_0096,train,F,KW,KuwaIT,lowerlevel,G-02,B,IT,F,Mum,70,92,50,7,Yes,Good,Under-7,H
xapi_edu_0221,test,F,Jordan,Jordan,MiddleSchool,G-06,A,English,F,Mum,95,94,72,80,No,Good,Under-7,H
xapi_edu_0040,valid,M,KW,KuwaIT,MiddleSchool,G-08,A,Arabic,S,Mum,83,75,62,53,No,Bad,Under-7,H
xapi_edu_0829,train,M,KW,KuwaIT,MiddleSchool,G-07,A,IT,F,Father,19,20,16,50,No,Good,Under-7,M
xapi_edu_1062,train,F,KW,KuwaIT,lowerlevel,G-02,C,IT,F,Mum,25,29,40,17,No,Good,Under-7,H
xapi_edu_1470,train,F,USA,USA,lowerlevel,G-02,B,French,S,Mum,15,52,83,11,Yes,Bad,Under-7,M
xapi_edu_0425,train,M,Jordan,Jordan,lowerlevel,G-04,A,Science,S,Father,32,14,32,29,No,Good,Above-7,M
xapi_edu_1541,train,F,Jordan,Jordan,lowerlevel,G-02,A,French,F,Mum,60,97,13,3,Yes,Good,Under-7,H
xapi_edu_1311,test,M,Jordan,Jordan,MiddleSchool,G-07,A,Biology,F,Father,80,80,46,61,Yes,Bad,Under-7,M
xapi_edu_0434,train,M,KW,KuwaIT,lowerlevel,G-02,B,French,S,Mum,60,52,23,33,Yes,Good,Under-7,H
xapi_edu_0943,valid,F,Jordan,Jordan,lowerlevel,G-02,B,French,F,Mum,13,82,20,30,No,Good,Under-7,H
xapi_edu_0573,train,M,KW,KuwaIT,MiddleSchool,G-08,A,Arabic,S,Father,15,25,37,13,Yes,Good,Above-7,L
xapi_edu_0218,test,M,KW,KuwaIT,MiddleSchool,G-07,A,IT,F,Father,2,0,2,50,No,Bad,Above-7,L
xapi_edu_1934,train,M,KW,KuwaIT,lowerlevel,G-02,A,IT,F,Father,8,25,1,70,No,Bad,Above-7,L
xapi_edu_0998,test,F,Jordan,Jordan,lowerlevel,G-04,B,Science,F,Mum,11,20,21,23,No,Bad,Under-7,M
xapi_edu_0011,valid,M,Jordan,Jordan,MiddleSchool,G-08,A,Geology,S,Mum,90,86,85,10,Yes,Good,Under-7,M
xapi_edu_1981,train,F,Jordan,Jordan,lowerlevel,G-04,B,Science,S,Mum,62,64,69,49,Yes,Good,Under-7,H
xapi_edu_1165,valid,M,KW,KuwaIT,MiddleSchool,G-07,B,Science,S,Father,72,80,58,66,Yes,Good,Above-7,M
xapi_edu_1724,train,F,KW,KuwaIT,MiddleSchool,G-06,A,Science,S,Father,80,94,62,77,Yes,Good,Under-7,H
xapi_edu_1328,train,F,Jordan,Jordan,MiddleSchool,G-08,A,History,S,Father,39,88,43,72,Yes,Good,Under-7,M
xapi_edu_1043,train,M,Iraq,Iraq,MiddleSchool,G-08,A,Chemistry,F,Father,90,91,80,81,Yes,Good,Under-7,H
xapi_edu_0310,valid,M,KW,KuwaIT,lowerlevel,G-02,B,IT,F,Father,7,4,10,50,No,Good,Above-7,M
xapi_edu_0877,train,F,Jordan,Jordan,MiddleSchool,G-07,B,Science,S,Mum,32,80,58,46,Yes,Good,Above-7,M
xapi_edu_1405,train,F,Jordan,Jordan,MiddleSchool,G-07,B,Biology,F,Mum,70,89,12,21,No,Good,Under-7,H
xapi_edu_1924,train,F,KW,KuwaIT,HighSchool,G-12,A,English,F,Mum,13,80,40,88,Yes,Good,Under-7,H
xapi_edu_0796,test,M,KW,KuwaIT,MiddleSchool,G-07,B,Science,F,Mum,8,6,4,22,Yes,Good,Above-7,L
xapi_edu_0832,test,F,Iraq,Iraq,lowerlevel,G-02,B,Arabic,F,Mum,89,92,40,28,Yes,Good,Under-7,H
xapi_edu_0848,test,F,KW,KuwaIT,lowerlevel,G-02,C,IT,F,Mum,77,80,12,19,Yes,Good,Above-7,M
xapi_edu_1218,train,F,Jordan,Jordan,lowerlevel,G-04,A,Science,F,Father,49,36,32,44,No,Bad,Above-7,L
xapi_edu_1385,train,M,Egypt,Egypt,lowerlevel,G-02,B,French,S,Mum,7,9,11,10,No,Good,Above-7,L
xapi_edu_0321,train,M,KW,KuwaIT,MiddleSchool,G-07,B,Science,S,Father,72,80,58,66,Yes,Good,Above-7,M
xapi_edu_1736,train,M,Jordan,Jordan,MiddleSchool,G-08,A,History,F,Mum,69,77,76,75,Yes,Good,Above-7,M
xapi_edu_0953,train,M,KW,KuwaIT,MiddleSchool,G-08,C,Spanish,S,Father,70,81,39,84,No,Bad,Under-7,M
xapi_edu_1527,train,M,KW,KuwaIT,MiddleSchool,G-07,A,Math,F,Father,28,60,19,50,Yes,Good,Under-7,M
xapi_edu_0053,train,M,KW,KuwaIT,MiddleSchool,G-07,A,Quran,S,Father,10,10,15,19,No,Bad,Above-7,L
xapi_edu_1694,train,M,KW,KuwaIT,lowerlevel,G-05,A,English,F,Father,8,22,9,40,No,Bad,Above-7,L
xapi_edu_0990,test,M,Jordan,Jordan,MiddleSchool,G-07,A,Biology,F,Father,80,80,46,61,Yes,Bad,Under-7,M
xapi_edu_0643,train,M,KW,KuwaIT,MiddleSchool,G-07,B,IT,F,Father,19,19,25,40,Yes,Bad,Under-7,M
xapi_edu_1101,train,M,KW,KuwaIT,lowerlevel,G-02,B,French,S,Mum,30,12,29,23,No,Bad,Under-7,M
xapi_edu_1861,train,M,Jordan,Jordan,MiddleSchool,G-07,A,Biology,S,Mum,3,8,19,3,No,Bad,Above-7,L
xapi_edu_0558,train,F,KW,KuwaIT,lowerlevel,G-02,B,IT,F,Father,0,0,5,80,Yes,Good,Above-7,L
xapi_edu_1026,test,M,Palestine,Jordan,MiddleSchool,G-07,B,Biology,F,Father,78,80,66,51,Yes,Good,Under-7,M
xapi_edu_0531,train,M,Jordan,Jordan,lowerlevel,G-04,A,Science,S,Father,22,34,15,9,No,Bad,Above-7,L
xapi_edu_1458,train,M,lebanon,lebanon,MiddleSchool,G-08,A,Math,F,Father,20,14,12,19,No,Bad,Above-7,L
xapi_edu_0574,train,M,Palestine,Jordan,lowerlevel,G-02,A,Arabic,F,Father,90,98,41,38,Yes,Good,Under-7,H
xapi_edu_0671,train,F,Jordan,Jordan,MiddleSchool,G-08,A,Geology,S,Mum,84,77,79,68,Yes,Good,Under-7,H
xapi_edu_1999,train,M,KW,KuwaIT,lowerlevel,G-02,B,IT,F,Father,55,33,6,9,No,Bad,Above-7,L
xapi_edu_0265,train,M,KW,KuwaIT,MiddleSchool,G-08,A,Arabic,S,Father,15,43,42,33,Yes,Good,Under-7,M
xapi_edu_0718,train,M,KW,KuwaIT,lowerlevel,G-02,B,IT,F,Father,7,4,10,50,No,Good,Above-7,M
xapi_edu_0097,valid,F,KW,KuwaIT,HighSchool,G-11,A,Science,F,Mum,49,70,19,75,Yes,Good,Under-7,H
xapi_edu_1447,test,M,KW,KuwaIT,lowerlevel,G-02,B,IT,F,Father,12,30,0,17,No,Good,Above-7,L
xapi_edu_0968,valid,M,Jordan,Jordan,lowerlevel,G-02,A,Arabic,F,Father,10,17,50,21,No,Bad,Under-7,M
xapi_edu_0445,valid,F,KW,KuwaIT,MiddleSchool,G-07,B,IT,F,Father,70,80,25,70,Yes,Good,Under-7,M
xapi_edu_0674,test,M,Jordan,Jordan,MiddleSchool,G-07,B,Biology,S,Father,53,88,9,33,No,Bad,Under-7,M
xapi_edu_0342,valid,M,KW,KuwaIT,lowerlevel,G-02,B,French,S,Mum,60,52,23,33,No,Good,Under-7,M
xapi_edu_0268,train,F,Jordan,Jordan,lowerlevel,G-04,B,Science,S,Mum,62,64,69,49,Yes,Good,Under-7,H
xapi_edu_1483,train,F,Jordan,Jordan,lowerlevel,G-02,B,French,S,Mum,25,89,21,13,Yes,Good,Under-7,M
xapi_edu_0956,train,F,Palestine,Jordan,lowerlevel,G-02,B,French,F,Father,78,98,10,11,No,Good,Under-7,M
xapi_edu_1082,train,F,Jordan,Jordan,MiddleSchool,G-08,A,Geology,F,Mum,70,69,46,45,Yes,Good,Above-7,M
xapi_edu_0104,train,M,Palestine,Jordan,MiddleSchool,G-08,A,History,F,Father,81,86,86,41,Yes,Good,Under-7,M
xapi_edu_0094,test,M,KW,KuwaIT,MiddleSchool,G-08,A,Spanish,S,Mum,72,83,12,90,Yes,Good,Under-7,H
xapi_edu_1145,train,M,KW,KuwaIT,lowerlevel,G-05,A,English,F,Father,8,22,9,40,No,Bad,Above-7,L
xapi_edu_0108,valid,M,KW,KuwaIT,MiddleSchool,G-07,A,Quran,S,Father,10,10,15,19,No,Bad,Above-7,L
xapi_edu_1367,test,M,Jordan,Jordan,lowerlevel,G-04,B,Science,F,Father,25,29,34,33,No,Good,Above-7,M
xapi_edu_1206,test,M,Iraq,Iraq,lowerlevel,G-04,A,Science,S,Father,62,64,72,84,Yes,Good,Above-7,M
xapi_edu_0824,train,M,Jordan,Jordan,lowerlevel,G-04,B,Science,F,Father,25,29,34,33,No,Good,Above-7,M
xapi_edu_1635,train,F,KW,KuwaIT,lowerlevel,G-02,B,IT,F,Father,80,44,35,10,No,Good,Above-7,L
xapi_edu_1931,train,F,Jordan,Jordan,MiddleSchool,G-08,A,Chemistry,S,Father,19,98,20,2,Yes,Good,Under-7,H
xapi_edu_0693,train,M,Jordan,SaudiArabia,MiddleSchool,G-08,A,Geology,S,Father,87,79,73,98,No,Bad,Under-7,M
xapi_edu_1940,train,M,SaudiArabia,USA,HighSchool,G-11,B,English,S,Father,70,50,33,41,No,Bad,Above-7,M
xapi_edu_1422,train,M,SaudiArabia,USA,HighSchool,G-11,A,Science,S,Father,23,63,71,89,Yes,Good,Under-7,M
xapi_edu_1851,train,F,Iraq,Iraq,lowerlevel,G-02,B,French,S,Father,17,80,13,10,No,Good,Under-7,M
xapi_edu_0732,train,F,Jordan,Jordan,lowerlevel,G-04,B,Science,S,Mum,12,44,25,39,No,Bad,Under-7,M
xapi_edu_0989,train,M,Jordan,Jordan,lowerlevel,G-02,A,French,F,Mum,60,92,83,23,Yes,Good,Under-7,H
xapi_edu_0948,train,M,Jordan,Jordan,MiddleSchool,G-07,A,Biology,F,Father,76,81,80,86,No,Good,Under-7,H
xapi_edu_1543,valid,M,KW,KuwaIT,MiddleSchool,G-07,A,Math,F,Father,5,2,6,5,Yes,Good,Above-7,L
xapi_edu_0264,test,M,Jordan,Palestine,MiddleSchool,G-07,A,Biology,F,Mum,78,91,50,40,Yes,Good,Under-7,H
xapi_edu_0189,train,M,Iraq,Iraq,MiddleSchool,G-08,A,Chemistry,S,Father,80,90,80,83,Yes,Good,Under-7,H
xapi_edu_1691,train,M,KW,KuwaIT,lowerlevel,G-02,C,IT,F,Father,77,80,51,80,No,Good,Under-7,M
xapi_edu_0799,valid,M,KW,KuwaIT,MiddleSchool,G-08,A,Arabic,S,Mum,92,65,62,53,Yes,Good,Under-7,H
xapi_edu_1409,train,M,Jordan,Jordan,MiddleSchool,G-07,A,Biology,F,Mum,2,9,10,1,No,Bad,Above-7,L
xapi_edu_0249,valid,M,KW,KuwaIT,HighSchool,G-11,B,Math,S,Mum,73,84,77,81,Yes,Good,Above-7,H
xapi_edu_1684,valid,F,KW,KuwaIT,lowerlevel,G-02,B,IT,F,Father,2,6,2,8,No,Bad,Above-7,L
xapi_edu_0027,valid,M,KW,KuwaIT,MiddleSchool,G-08,B,Spanish,S,Father,62,61,82,40,Yes,Bad,Under-7,M
xapi_edu_0533,valid,F,KW,KuwaIT,HighSchool,G-12,A,English,F,Mum,13,80,40,88,Yes,Good,Under-7,H
xapi_edu_1799,train,M,Jordan,Jordan,MiddleSchool,G-08,A,History,S,Mum,81,84,77,85,Yes,Good,Under-7,H
xapi_edu_1477,train,M,Iraq,Iraq,MiddleSchool,G-08,A,History,F,Father,72,87,72,89,Yes,Good,Above-7,M
xapi_edu_1181,train,M,KW,KuwaIT,lowerlevel,G-04,A,IT,F,Father,40,50,12,50,No,Bad,Above-7,M
xapi_edu_1593,train,M,Palestine,Jordan,MiddleSchool,G-07,B,Biology,S,Father,79,72,79,83,Yes,Good,Under-7,M
xapi_edu_1097,train,F,Jordan,Jordan,MiddleSchool,G-07,A,Quran,S,Father,60,55,30,40,No,Bad,Under-7,M
xapi_edu_1689,train,M,KW,KuwaIT,MiddleSchool,G-07,B,Science,F,Mum,8,6,4,22,Yes,Good,Above-7,L
xapi_edu_0555,train,F,Jordan,Jordan,MiddleSchool,G-06,A,English,F,Mum,70,64,42,32,No,Bad,Under-7,M
xapi_edu_0930,train,M,KW,KuwaIT,MiddleSchool,G-08,B,Arabic,S,Father,45,95,12,13,No,Bad,Under-7,M
xapi_edu_0955,train,M,Syria,Syria,MiddleSchool,G-07,A,Quran,F,Father,19,72,15,50,Yes,Good,Above-7,M
xapi_edu_1594,train,M,KW,KuwaIT,MiddleSchool,G-08,A,Arabic,S,Father,23,25,32,53,No,Bad,Under-7,L
xapi_edu_1009,valid,M,KW,KuwaIT,MiddleSchool,G-07,A,Math,F,Father,50,10,15,22,Yes,Good,Under-7,M
xapi_edu_0406,test,F,Jordan,USA,lowerlevel,G-02,B,French,S,Mum,60,82,93,43,No,Bad,Above-7,M
xapi_edu_1761,train,M,KW,KuwaIT,lowerlevel,G-04,A,Arabic,S,Father,39,26,12,44,No,Bad,Above-7,L
xapi_edu_0001,train,M,Jordan,Jordan,lowerlevel,G-02,A,Arabic,F,Father,20,88,31,28,Yes,Good,Above-7,M
xapi_edu_0680,train,M,Jordan,Jordan,lowerlevel,G-02,B,Arabic,F,Father,10,10,40,51,No,Bad,Above-7,L
xapi_edu_1224,train,M,Iraq,Iraq,MiddleSchool,G-08,A,History,F,Father,72,87,72,89,Yes,Good,Above-7,M
xapi_edu_1411,train,M,KW,KuwaIT,MiddleSchool,G-08,A,Spanish,S,Mum,72,90,12,30,No,Bad,Under-7,M
xapi_edu_0932,train,F,Jordan,Jordan,MiddleSchool,G-08,A,Geology,S,Mum,87,93,63,60,Yes,Good,Under-7,H
xapi_edu_0982,test,M,KW,KuwaIT,MiddleSchool,G-08,B,Spanish,S,Father,62,61,82,40,Yes,Bad,Under-7,M
xapi_edu_1060,test,F,Jordan,Jordan,MiddleSchool,G-08,A,Chemistry,S,Father,5,4,5,8,No,Bad,Above-7,L
xapi_edu_1233,train,F,Jordan,Jordan,MiddleSchool,G-07,B,Science,S,Mum,82,89,58,50,Yes,Good,Under-7,H
xapi_edu_1770,train,F,KW,KuwaIT,MiddleSchool,G-07,A,IT,F,Father,14,13,3,70,No,Bad,Above-7,L
xapi_edu_1493,train,F,Iraq,Iraq,lowerlevel,G-02,B,Arabic,S,Mum,79,93,49,23,Yes,Good,Under-7,H
xapi_edu_0477,valid,M,Jordan,Jordan,MiddleSchool,G-07,A,Biology,F,Father,39,71,40,26,No,Good,Above-7,M
xapi_edu_0927,train,M,Jordan,Jordan,MiddleSchool,G-07,B,Biology,F,Father,50,79,10,31,No,Bad,Under-7,M
xapi_edu_1199,test,M,KW,KuwaIT,lowerlevel,G-02,B,IT,F,Father,1,0,1,12,No,Bad,Above-7,L
xapi_edu_0518,train,F,Jordan,Jordan,lowerlevel,G-02,A,French,F,Mum,60,87,23,11,Yes,Good,Above-7,M
xapi_edu_0462,train,M,Egypt,Egypt,lowerlevel,G-04,A,English,S,Mum,19,74,32,17,No,Good,Above-7,L
xapi_edu_1864,train,F,KW,KuwaIT,lowerlevel,G-02,B,IT,F,Father,100,80,2,70,No,Bad,Under-7,H
xapi_edu_0446,train,M,KW,KuwaIT,lowerlevel,G-04,A,IT,S,Father,65,86,62,40,No,Good,Above-7,M
xapi_edu_1953,train,M,Jordan,Jordan,MiddleSchool,G-08,A,Chemistry,S,Mum,72,76,66,40,Yes,Good,Above-7,L
xapi_edu_1437,train,F,Palestine,Jordan,lowerlevel,G-02,A,Arabic,S,Mum,75,81,51,34,No,Good,Under-7,H
xapi_edu_0391,train,F,Lybia,Lybia,MiddleSchool,G-07,B,Biology,F,Mum,10,9,2,1,No,Good,Above-7,L
xapi_edu_1696,valid,F,Jordan,Jordan,lowerlevel,G-02,B,IT,F,Mum,70,88,55,40,Yes,Good,Under-7,H
xapi_edu_0187,test,M,KW,KuwaIT,MiddleSchool,G-08,B,Spanish,S,Father,2,11,62,30,No,Bad,Under-7,L
xapi_edu_1928,test,M,Egypt,Egypt,lowerlevel,G-04,A,Math,S,Mum,49,94,42,7,No,Bad,Above-7,M
xapi_edu_0300,valid,F,Jordan,Jordan,MiddleSchool,G-06,A,English,F,Mum,51,79,85,89,Yes,Good,Under-7,H
xapi_edu_1386,test,M,KW,KuwaIT,HighSchool,G-09,A,IT,F,Father,10,12,7,33,Yes,Good,Above-7,L
xapi_edu_0458,test,F,KW,KuwaIT,lowerlevel,G-02,B,IT,F,Father,100,80,2,70,No,Bad,Under-7,H
xapi_edu_1586,train,F,SaudiArabia,SaudiArabia,MiddleSchool,G-07,B,Science,F,Father,50,90,37,70,Yes,Good,Under-7,M
xapi_edu_0908,train,M,Morocco,Morocco,MiddleSchool,G-08,A,Arabic,S,Mum,53,75,72,23,No,Bad,Under-7,M
xapi_edu_1597,valid,M,KW,KuwaIT,lowerlevel,G-02,B,IT,F,Father,1,7,6,10,No,Bad,Above-7,L
xapi_edu_1464,train,M,KW,KuwaIT,MiddleSchool,G-07,B,IT,F,Father,0,2,3,70,Yes,Good,Above-7,L
xapi_edu_1963,train,M,Jordan,Jordan,MiddleSchool,G-06,A,English,S,Father,18,28,40,20,Yes,Bad,Above-7,M
xapi_edu_0659,train,M,Lybia,Lybia,lowerlevel,G-02,A,French,F,Mum,10,8,9,3,No,Good,Above-7,L
xapi_edu_1193,train,F,KW,KuwaIT,MiddleSchool,G-07,B,Science,S,Father,62,68,48,80,Yes,Good,Under-7,M
xapi_edu_0879,valid,M,Iraq,Iraq,MiddleSchool,G-08,A,Geology,F,Father,80,83,82,71,Yes,Good,Above-7,M
xapi_edu_1991,valid,M,Palestine,Jordan,MiddleSchool,G-08,A,History,F,Father,81,86,86,41,Yes,Good,Under-7,M
xapi_edu_1223,train,F,Iraq,Iraq,lowerlevel,G-02,B,Arabic,S,Mum,79,93,49,23,Yes,Good,Under-7,H
xapi_edu_0601,train,M,Jordan,Jordan,MiddleSchool,G-08,A,Chemistry,S,Mum,72,76,66,40,Yes,Good,Above-7,L
xapi_edu_1540,train,M,Lybia,Lybia,lowerlevel,G-02,A,French,S,Mum,15,7,12,7,No,Good,Above-7,L
xapi_edu_1638,test,M,KW,KuwaIT,lowerlevel,G-05,A,English,F,Father,8,22,9,40,No,Bad,Above-7,L
xapi_edu_1986,train,M,Jordan,Jordan,lowerlevel,G-04,A,Science,F,Father,10,12,20,13,No,Bad,Above-7,L
xapi_edu_1619,valid,M,Jordan,Jordan,MiddleSchool,G-08,A,Chemistry,F,Mum,85,87,72,10,Yes,Good,Above-7,M
xapi_edu_0304,train,M,Jordan,SaudiArabia,MiddleSchool,G-08,A,Geology,S,Father,80,89,23,68,No,Bad,Under-7,H
xapi_edu_1341,train,F,KW,KuwaIT,lowerlevel,G-04,A,History,S,Father,80,97,86,95,Yes,Good,Under-7,M
xapi_edu_0449,train,M,KW,KuwaIT,lowerlevel,G-02,C,IT,F,Father,0,6,4,15,Yes,Bad,Under-7,L
xapi_edu_1607,train,M,KW,KuwaIT,MiddleSchool,G-07,A,IT,F,Father,19,20,16,50,No,Good,Under-7,M
xapi_edu_1821,train,F,KW,KuwaIT,lowerlevel,G-02,C,IT,F,Mum,25,29,40,17,No,Good,Under-7,H
xapi_edu_1798,test,M,Jordan,Jordan,lowerlevel,G-04,B,Science,S,Mum,72,64,59,89,Yes,Good,Under-7,H
xapi_edu_1118,train,M,KW,KuwaIT,lowerlevel,G-02,B,IT,F,Father,19,70,3,50,No,Bad,Under-7,L
xapi_edu_1254,valid,M,Jordan,Jordan,lowerlevel,G-02,B,French,S,Mum,55,72,83,14,Yes,Good,Above-7,M
xapi_edu_1476,test,M,Tunis,Tunis,lowerlevel,G-02,B,French,S,Mum,60,52,23,33,Yes,Bad,Under-7,H
xapi_edu_0945,valid,F,Jordan,Jordan,lowerlevel,G-02,B,Arabic,S,Father,10,12,29,93,No,Bad,Above-7,L
xapi_edu_0405,valid,M,KW,KuwaIT,HighSchool,G-12,A,English,F,Mum,12,50,8,30,No,Bad,Above-7,L
xapi_edu_0857,test,F,Palestine,Jordan,lowerlevel,G-02,A,Arabic,S,Mum,75,81,51,34,No,Good,Under-7,H
xapi_edu_0460,train,F,Jordan,Jordan,MiddleSchool,G-08,A,Geology,S,Father,29,78,40,12,Yes,Good,Above-7,M
xapi_edu_0292,test,F,KW,KuwaIT,lowerlevel,G-04,A,Science,S,Father,69,76,82,94,No,Bad,Under-7,M
xapi_edu_0018,train,F,Jordan,Jordan,MiddleSchool,G-08,A,Chemistry,S,Mum,84,92,29,43,Yes,Good,Under-7,H
xapi_edu_1395,train,M,KW,KuwaIT,lowerlevel,G-02,B,IT,F,Father,70,90,41,33,Yes,Bad,Under-7,H
xapi_edu_0389,valid,F,KW,KuwaIT,lowerlevel,G-02,C,IT,F,Mum,77,80,12,19,Yes,Good,Above-7,M
xapi_edu_0370,test,M,KW,KuwaIT,MiddleSchool,G-07,A,IT,F,Father,29,22,9,20,Yes,Good,Under-7,M
xapi_edu_1776,train,F,Jordan,Jordan,lowerlevel,G-04,A,Science,S,Mum,72,74,82,89,No,Good,Under-7,H
xapi_edu_0928,train,F,Jordan,Jordan,MiddleSchool,G-08,A,Chemistry,F,Father,2,7,4,8,No,Bad,Above-7,L
xapi_edu_1773,train,M,Palestine,Jordan,MiddleSchool,G-08,A,History,F,Father,81,86,86,41,Yes,Good,Under-7,M
xapi_edu_0688,train,F,SaudiArabia,SaudiArabia,MiddleSchool,G-08,B,Arabic,S,Mum,72,51,42,24,Yes,Bad,Above-7,H
xapi_edu_0455,train,M,KW,KuwaIT,MiddleSchool,G-07,B,Science,S,Mum,72,80,98,96,Yes,Bad,Under-7,H
xapi_edu_0662,train,M,KW,KuwaIT,MiddleSchool,G-08,A,Arabic,S,Father,15,43,42,33,Yes,Good,Under-7,M
xapi_edu_1664,train,M,KW,KuwaIT,HighSchool,G-10,A,IT,F,Father,17,13,16,12,Yes,Bad,Under-7,M
xapi_edu_1442,train,F,KW,KuwaIT,MiddleSchool,G-06,A,Science,S,Father,80,94,62,77,Yes,Good,Under-7,H
xapi_edu_0716,train,M,KW,KuwaIT,lowerlevel,G-02,C,IT,F,Father,12,10,20,16,No,Bad,Under-7,L
xapi_edu_1402,train,M,KW,KuwaIT,HighSchool,G-09,A,IT,F,Father,10,12,7,33,Yes,Good,Above-7,L
xapi_edu_0457,train,F,Jordan,Palestine,lowerlevel,G-02,A,French,S,Mum,75,85,73,80,Yes,Good,Under-7,M
xapi_edu_0875,train,M,Iraq,Iraq,MiddleSchool,G-08,A,History,S,Father,69,77,83,92,Yes,Good,Above-7,M
xapi_edu_1102,train,M,Jordan,Jordan,MiddleSchool,G-08,B,Arabic,S,Father,29,10,12,24,No,Bad,Above-7,L
xapi_edu_0974,train,M,Iraq,Iraq,MiddleSchool,G-06,A,English,F,Mum,74,71,56,37,No,Good,Under-7,H
xapi_edu_1896,train,M,lebanon,Jordan,MiddleSchool,G-08,A,Arabic,S,Mum,87,65,82,33,Yes,Good,Under-7,H
xapi_edu_1710,train,M,KW,KuwaIT,MiddleSchool,G-08,A,Arabic,S,Mum,85,75,62,53,Yes,Bad,Under-7,H
xapi_edu_1355,train,M,Iran,Iran,HighSchool,G-09,A,IT,F,Mum,15,70,37,44,Yes,Good,Under-7,M
xapi_edu_0782,valid,M,Jordan,Jordan,MiddleSchool,G-06,A,English,F,Father,40,38,32,36,No,Bad,Above-7,M
xapi_edu_1944,train,M,KW,KuwaIT,MiddleSchool,G-08,C,Spanish,S,Father,17,21,42,14,Yes,Good,Under-7,M
xapi_edu_0215,train,M,Iran,Iran,lowerlevel,G-02,B,French,S,Mum,20,22,53,13,No,Good,Above-7,L
xapi_edu_0439,train,F,KW,KuwaIT,MiddleSchool,G-06,A,Math,S,Father,87,48,82,96,No,Bad,Above-7,M
xapi_edu_1702,valid,M,Iran,Iran,MiddleSchool,G-08,C,Spanish,S,Mum,27,41,32,61,Yes,Bad,Above-7,M
xapi_edu_1410,train,M,KW,KuwaIT,lowerlevel,G-04,A,Math,S,Father,15,6,32,40,Yes,Good,Under-7,H
xapi_edu_0178,train,F,lebanon,lebanon,MiddleSchool,G-07,A,Quran,S,Father,10,79,30,30,No,Bad,Under-7,M
xapi_edu_1381,train,F,KW,KuwaIT,HighSchool,G-12,A,English,F,Mum,70,4,39,90,Yes,Good,Under-7,H
xapi_edu_1659,valid,F,Iraq,Iraq,lowerlevel,G-02,B,Arabic,S,Mum,79,93,49,23,Yes,Good,Under-7,H
xapi_edu_0234,train,F,Jordan,USA,lowerlevel,G-02,B,French,S,Mum,60,82,93,43,No,Bad,Above-7,M
xapi_edu_1175,test,F,KW,KuwaIT,HighSchool,G-09,A,IT,F,Father,33,33,30,90,No,Bad,Under-7,M
xapi_edu_1210,valid,M,KW,KuwaIT,MiddleSchool,G-08,B,Spanish,S,Mum,87,81,22,70,Yes,Bad,Under-7,H
xapi_edu_1617,test,F,Egypt,Egypt,MiddleSchool,G-07,A,IT,F,Father,45,54,26,90,Yes,Good,Under-7,M
xapi_edu_0637,valid,F,Palestine,Jordan,lowerlevel,G-02,A,French,F,Mum,70,90,20,21,No,Good,Under-7,M
xapi_edu_0375,train,M,KW,KuwaIT,MiddleSchool,G-07,A,Quran,F,Father,20,12,15,70,No,Good,Above-7,L
xapi_edu_0474,train,M,KW,KuwaIT,MiddleSchool,G-08,A,Arabic,S,Mum,75,71,72,53,Yes,Good,Under-7,H
xapi_edu_0534,train,F,Jordan,Jordan,lowerlevel,G-02,A,French,F,Mum,10,90,30,21,No,Good,Under-7,M
xapi_edu_1460,train,F,Jordan,Jordan,MiddleSchool,G-07,B,Science,S,Mum,82,89,58,50,Yes,Good,Under-7,H
xapi_edu_1644,train,F,Jordan,Jordan,MiddleSchool,G-08,A,Geology,S,Father,29,78,40,12,Yes,Good,Above-7,M
xapi_edu_1045,train,M,Palestine,Palestine,MiddleSchool,G-08,A,Geology,S,Father,85,88,79,70,Yes,Good,Under-7,M
xapi_edu_1024,train,M,Egypt,Egypt,MiddleSchool,G-07,B,Science,S,Father,72,80,58,86,Yes,Good,Under-7,M
xapi_edu_0203,test,F,KW,USA,HighSchool,G-11,A,Quran,F,Mum,60,80,50,40,No,Bad,Under-7,M
xapi_edu_0433,train,F,Egypt,Egypt,MiddleSchool,G-07,A,IT,F,Father,45,54,26,90,Yes,Good,Under-7,M
xapi_edu_1645,test,F,Jordan,Jordan,MiddleSchool,G-08,A,History,S,Father,35,14,23,62,No,Bad,Above-7,L
xapi_edu_0030,test,F,KW,KuwaIT,lowerlevel,G-02,C,IT,F,Mum,24,35,23,22,Yes,Good,Above-7,M
xapi_edu_0282,train,F,Jordan,Jordan,MiddleSchool,G-08,A,Chemistry,S,Mum,84,92,29,43,Yes,Good,Under-7,H
xapi_edu_1366,train,F,KW,KuwaIT,MiddleSchool,G-06,A,Math,S,Father,87,48,82,96,No,Bad,Above-7,M
xapi_edu_1320,train,M,KW,KuwaIT,MiddleSchool,G-07,A,English,F,Father,10,12,17,30,No,Bad,Above-7,L
xapi_edu_1939,train,F,lebanon,lebanon,MiddleSchool,G-08,A,Arabic,S,Mum,45,58,52,43,Yes,Good,Under-7,H
xapi_edu_1677,train,F,lebanon,lebanon,MiddleSchool,G-08,A,Arabic,S,Father,25,15,32,53,No,Bad,Under-7,M
xapi_edu_0874,test,M,Jordan,Jordan,lowerlevel,G-02,A,French,S,Father,35,2,29,33,No,Good,Above-7,L
xapi_edu_1788,valid,M,Jordan,SaudiArabia,MiddleSchool,G-08,A,Geology,F,Father,95,87,62,81,No,Bad,Under-7,M
xapi_edu_1189,train,F,Jordan,Jordan,MiddleSchool,G-08,A,Chemistry,F,Father,85,90,52,30,Yes,Good,Under-7,H
xapi_edu_0184,train,M,KW,KuwaIT,MiddleSchool,G-07,A,IT,F,Father,2,0,2,50,No,Bad,Above-7,L
xapi_edu_0867,train,F,SaudiArabia,SaudiArabia,MiddleSchool,G-08,B,Arabic,S,Mum,72,51,42,24,Yes,Bad,Above-7,H
xapi_edu_1872,train,M,Iraq,Iraq,MiddleSchool,G-06,A,English,S,Mum,74,60,56,37,No,Good,Under-7,H
xapi_edu_1742,train,M,Palestine,Jordan,MiddleSchool,G-06,A,English,S,Mum,75,71,76,80,Yes,Good,Under-7,M
xapi_edu_1225,valid,M,Morocco,Morocco,MiddleSchool,G-08,A,Arabic,S,Mum,81,75,62,53,No,Bad,Under-7,M
xapi_edu_0345,train,F,Jordan,lebanon,MiddleSchool,G-07,A,Quran,S,Mum,100,75,50,70,Yes,Bad,Under-7,H
xapi_edu_1335,train,F,Jordan,Jordan,MiddleSchool,G-06,A,English,F,Mum,51,79,85,89,Yes,Good,Under-7,H
xapi_edu_1744,train,M,Jordan,Jordan,MiddleSchool,G-07,B,Biology,S,Father,53,88,9,33,No,Bad,Under-7,M
xapi_edu_0495,test,F,Syria,Syria,MiddleSchool,G-07,A,Biology,S,Mum,80,91,87,72,Yes,Good,Under-7,H
xapi_edu_1632,train,M,KW,KuwaIT,MiddleSchool,G-07,A,Quran,F,Father,20,12,15,70,No,Good,Above-7,L
xapi_edu_1765,test,M,Palestine,Jordan,MiddleSchool,G-06,A,English,F,Mum,82,31,52,25,No,Good,Under-7,M
xapi_edu_1949,train,M,Jordan,Jordan,MiddleSchool,G-07,A,Quran,F,Mum,50,90,29,60,Yes,Good,Under-7,M
xapi_edu_0559,train,M,Palestine,Jordan,MiddleSchool,G-07,B,Biology,S,Father,79,72,79,83,Yes,Good,Under-7,M
xapi_edu_1264,test,M,Jordan,Jordan,lowerlevel,G-02,B,Arabic,S,Mum,32,82,59,63,Yes,Bad,Above-7,M
xapi_edu_1626,train,M,Lybia,Lybia,lowerlevel,G-02,B,French,F,Mum,20,3,9,3,No,Good,Above-7,L
xapi_edu_0658,train,M,KW,KuwaIT,MiddleSchool,G-07,B,Science,F,Mum,8,6,4,22,Yes,Good,Above-7,L
xapi_edu_0938,train,M,Egypt,Egypt,lowerlevel,G-02,B,French,S,Mum,7,9,11,10,No,Good,Above-7,L
xapi_edu_1278,train,M,Palestine,Palestine,MiddleSchool,G-07,A,Biology,F,Father,88,90,86,81,Yes,Good,Under-7,H
xapi_edu_0277,train,M,KW,KuwaIT,lowerlevel,G-04,A,IT,F,Father,40,50,12,50,No,Bad,Above-7,M
xapi_edu_1011,train,F,Jordan,Jordan,lowerlevel,G-02,A,Arabic,S,Father,5,9,19,98,No,Bad,Above-7,L
xapi_edu_1964,train,F,Tunis,USA,HighSchool,G-11,B,French,S,Father,70,50,30,49,Yes,Good,Under-7,M
xapi_edu_1672,train,F,Syria,Syria,MiddleSchool,G-07,A,Biology,F,Mum,96,95,70,70,Yes,Good,Under-7,H
xapi_edu_1681,test,F,Jordan,Jordan,lowerlevel,G-02,B,French,F,Mum,10,94,40,11,Yes,Good,Under-7,M
xapi_edu_0432,train,M,KW,KuwaIT,MiddleSchool,G-08,B,Spanish,S,Mum,87,81,22,70,Yes,Bad,Under-7,H
xapi_edu_1675,train,F,Iran,Iran,lowerlevel,G-02,C,IT,F,Father,2,9,7,55,Yes,Good,Under-7,M
xapi_edu_0738,train,F,KW,KuwaIT,MiddleSchool,G-07,A,English,F,Father,19,30,26,19,Yes,Bad,Above-7,M
xapi_edu_0730,train,F,Jordan,Jordan,lowerlevel,G-02,B,French,S,Father,50,62,73,43,Yes,Bad,Above-7,M
xapi_edu_0315,train,F,KW,KuwaIT,HighSchool,G-12,A,English,F,Father,55,90,16,40,No,Bad,Under-7,M
xapi_edu_1417,train,M,Jordan,Jordan,MiddleSchool,G-06,A,English,S,Father,22,20,6,26,No,Bad,Under-7,H
xapi_edu_1976,test,M,lebanon,lebanon,lowerlevel,G-02,B,French,S,Mum,40,51,20,33,No,Bad,Under-7,M
xapi_edu_1973,train,F,Jordan,Jordan,MiddleSchool,G-06,A,English,S,Mum,92,81,32,36,No,Good,Under-7,M
xapi_edu_0567,train,M,KW,KuwaIT,lowerlevel,G-02,C,IT,F,Father,0,6,4,15,Yes,Bad,Under-7,L
xapi_edu_1135,train,M,KW,KuwaIT,MiddleSchool,G-07,A,IT,F,Father,2,0,2,50,No,Bad,Above-7,L
xapi_edu_0394,train,M,Jordan,Jordan,MiddleSchool,G-08,A,Geology,S,Mum,90,86,85,10,Yes,Good,Under-7,M
xapi_edu_0893,valid,M,Jordan,Jordan,lowerlevel,G-02,B,French,S,Mum,35,97,41,23,Yes,Good,Under-7,H
xapi_edu_0223,train,M,Palestine,Jordan,MiddleSchool,G-07,B,Biology,F,Father,88,90,76,81,Yes,Good,Under-7,H
xapi_edu_0591,test,M,Jordan,SaudiArabia,lowerlevel,G-02,B,Arabic,S,Mum,5,0,1,8,No,Good,Above-7,L
xapi_edu_1152,test,F,KW,KuwaIT,HighSchool,G-09,A,IT,F,Father,33,33,30,90,No,Bad,Under-7,M
xapi_edu_1154,valid,M,KW,KuwaIT,MiddleSchool,G-07,A,Quran,S,Father,80,80,15,70,Yes,Good,Under-7,H
xapi_edu_1604,valid,M,Morocco,Morocco,MiddleSchool,G-08,B,Arabic,S,Father,27,15,42,53,No,Bad,Above-7,L
xapi_edu_1129,test,M,Palestine,Jordan,lowerlevel,G-02,A,Arabic,S,Father,80,88,51,39,Yes,Good,Under-7,H
xapi_edu_1613,train,F,KW,KuwaIT,lowerlevel,G-04,A,History,S,Father,80,97,86,95,Yes,Good,Under-7,M
xapi_edu_1275,train,F,KW,KuwaIT,lowerlevel,G-02,C,IT,F,Father,10,3,0,30,No,Bad,Under-7,M
xapi_edu_0788,train,M,KW,KuwaIT,MiddleSchool,G-07,A,Math,F,Father,5,2,6,5,Yes,Good,Above-7,L
xapi_edu_1455,test,M,KW,KuwaIT,MiddleSchool,G-07,A,Math,F,Father,11,2,2,8,No,Bad,Under-7,L
xapi_edu_0630,train,M,KW,KuwaIT,lowerlevel,G-04,A,IT,F,Father,15,16,2,20,Yes,Good,Under-7,M
xapi_edu_0386,train,M,Jordan,Jordan,MiddleSchool,G-08,A,Chemistry,S,Mum,70,82,75,29,Yes,Good,Under-7,M
xapi_edu_0913,valid,M,Jordan,Jordan,lowerlevel,G-02,B,Arabic,S,Mum,32,82,59,63,Yes,Bad,Above-7,M
xapi_edu_1860,train,M,Jordan,Jordan,lowerlevel,G-04,B,Science,F,Father,25,29,34,33,No,Good,Above-7,M
xapi_edu_1048,train,F,KW,KuwaIT,MiddleSchool,G-06,A,IT,S,Father,50,40,52,66,Yes,Bad,Under-7,M
xapi_edu_1400,train,M,KW,KuwaIT,lowerlevel,G-02,B,IT,F,Father,50,7,9,50,Yes,Bad,Above-7,M
xapi_edu_0556,valid,M,Iran,Iran,MiddleSchool,G-08,C,Spanish,S,Mum,27,41,32,61,Yes,Bad,Above-7,M
xapi_edu_1319,test,M,Tunis,Tunis,MiddleSchool,G-08,C,Spanish,S,Mum,27,41,49,14,No,Bad,Under-7,M
xapi_edu_0028,train,M,KW,KuwaIT,lowerlevel,G-04,A,IT,F,Father,40,50,12,50,No,Bad,Above-7,M
xapi_edu_1349,test,M,Palestine,Jordan,MiddleSchool,G-07,B,Biology,F,Father,78,80,66,51,Yes,Good,Under-7,M
xapi_edu_0603,valid,M,Palestine,Jordan,MiddleSchool,G-08,A,History,F,Father,81,86,86,41,Yes,Good,Under-7,M
xapi_edu_0367,train,M,USA,USA,lowerlevel,G-02,B,IT,F,Father,55,89,40,40,Yes,Good,Under-7,H
xapi_edu_0066,train,F,KW,KuwaIT,lowerlevel,G-02,C,IT,F,Father,7,9,5,30,No,Bad,Above-7,L
xapi_edu_0212,train,F,KW,KuwaIT,MiddleSchool,G-06,A,Quran,S,Father,70,40,2,16,No,Bad,Above-7,L
xapi_edu_1353,train,M,Iraq,Iraq,lowerlevel,G-02,A,Arabic,F,Father,80,95,21,28,Yes,Good,Under-7,H
xapi_edu_0664,train,F,Syria,Syria,MiddleSchool,G-07,A,Biology,F,Mum,96,95,70,70,Yes,Good,Under-7,H
xapi_edu_0583,train,F,Jordan,Palestine,lowerlevel,G-02,A,French,F,Mum,80,77,63,83,Yes,Good,Under-7,M
xapi_edu_0535,valid,M,Tunis,SaudiArabia,MiddleSchool,G-07,A,Quran,S,Father,70,75,55,11,Yes,Bad,Under-7,M
xapi_edu_1563,valid,F,Jordan,Jordan,lowerlevel,G-02,B,French,F,Mum,13,82,20,30,No,Good,Under-7,H
xapi_edu_1868,train,F,KW,KuwaIT,lowerlevel,G-02,B,IT,F,Father,0,0,5,80,Yes,Good,Above-7,L
xapi_edu_0191,train,F,lebanon,lebanon,MiddleSchool,G-07,A,Quran,S,Mum,100,75,50,70,Yes,Good,Under-7,H
xapi_edu_1880,valid,F,KW,KuwaIT,MiddleSchool,G-06,A,IT,S,Father,50,40,52,66,Yes,Bad,Under-7,M
xapi_edu_0904,train,M,KW,KuwaIT,lowerlevel,G-02,B,IT,F,Father,1,0,1,12,No,Bad,Above-7,L
xapi_edu_0578,train,F,Morocco,Morocco,lowerlevel,G-02,B,French,S,Mum,72,65,73,66,Yes,Good,Under-7,H
xapi_edu_0416,train,F,lebanon,lebanon,MiddleSchool,G-07,A,Quran,S,Father,10,79,30,30,No,Bad,Under-7,M
xapi_edu_0423,train,M,Jordan,Jordan,MiddleSchool,G-07,B,Science,S,Mum,72,80,58,66,No,Bad,Under-7,M
xapi_edu_1484,train,M,KW,KuwaIT,lowerlevel,G-04,A,Math,S,Father,15,6,32,40,Yes,Good,Under-7,H
xapi_edu_0408,train,F,lebanon,lebanon,MiddleSchool,G-08,A,Arabic,S,Mum,45,58,52,43,Yes,Good,Under-7,H
xapi_edu_0694,train,F,Jordan,USA,lowerlevel,G-02,B,French,S,Mum,60,82,93,43,No,Bad,Above-7,M
xapi_edu_1500,valid,F,Palestine,Jordan,lowerlevel,G-02,A,Arabic,S,Mum,75,81,51,34,No,Good,Under-7,H
xapi_edu_1549,train,F,Jordan,lebanon,lowerlevel,G-04,B,Science,S,Mum,72,84,89,89,Yes,Good,Under-7,H
xapi_edu_1304,valid,F,Jordan,Jordan,MiddleSchool,G-08,A,History,F,Father,45,87,57,80,Yes,Good,Under-7,M
xapi_edu_1983,train,M,Jordan,Jordan,lowerlevel,G-02,A,Arabic,F,Father,10,17,50,21,No,Bad,Under-7,M
xapi_edu_0224,test,M,Jordan,Jordan,MiddleSchool,G-08,A,Geology,S,Mum,90,86,85,10,Yes,Good,Under-7,M
xapi_edu_0159,train,M,Iran,Iran,lowerlevel,G-02,B,French,S,Mum,20,22,53,13,No,Good,Above-7,L
xapi_edu_1054,train,M,KW,KuwaIT,lowerlevel,G-02,A,IT,S,Father,12,60,0,70,Yes,Good,Above-7,L
xapi_edu_1269,train,M,KW,KuwaIT,lowerlevel,G-02,C,IT,F,Father,12,10,20,16,No,Bad,Under-7,L
xapi_edu_1602,train,M,KW,KuwaIT,MiddleSchool,G-07,B,Science,S,Mum,32,60,58,66,Yes,Good,Above-7,M
xapi_edu_0384,train,M,KW,KuwaIT,lowerlevel,G-02,B,IT,F,Father,70,90,2,2,Yes,Good,Under-7,L
xapi_edu_1359,train,M,Jordan,Jordan,lowerlevel,G-02,B,French,F,Father,32,88,32,25,Yes,Good,Under-7,M
xapi_edu_1822,train,M,SaudiArabia,USA,HighSchool,G-11,A,Science,S,Father,23,63,71,89,Yes,Good,Under-7,M
xapi_edu_1436,train,F,Jordan,Jordan,MiddleSchool,G-08,A,Chemistry,F,Mum,85,99,42,90,Yes,Good,Under-7,H
xapi_edu_0193,train,F,KW,KuwaIT,lowerlevel,G-02,B,IT,F,Father,66,90,55,12,Yes,Good,Above-7,M
xapi_edu_1901,train,M,KW,KuwaIT,lowerlevel,G-02,B,IT,F,Father,50,7,9,50,Yes,Bad,Above-7,M
xapi_edu_0873,train,F,USA,USA,HighSchool,G-12,A,English,F,Mum,65,75,23,80,Yes,Good,Under-7,H
xapi_edu_1670,test,F,Iran,Iran,lowerlevel,G-02,C,IT,F,Father,2,9,7,55,Yes,Good,Under-7,M
xapi_edu_0825,train,F,lebanon,lebanon,MiddleSchool,G-06,A,English,S,Mum,90,62,80,60,Yes,Good,Under-7,H
xapi_edu_0170,train,M,Jordan,Jordan,lowerlevel,G-04,A,Science,F,Father,18,17,26,34,No,Good,Above-7,M
xapi_edu_1138,train,F,Iraq,Iraq,lowerlevel,G-02,B,French,F,Father,16,90,15,11,No,Good,Under-7,M
xapi_edu_1725,train,F,Jordan,Jordan,lowerlevel,G-02,B,Arabic,S,Father,10,12,29,93,No,Bad,Above-7,L
xapi_edu_1052,train,M,Iraq,Iraq,MiddleSchool,G-08,A,Geology,S,Father,71,81,83,72,Yes,Good,Above-7,M
xapi_edu_0899,train,F,Jordan,Jordan,MiddleSchool,G-08,A,Geology,S,Mum,84,77,79,68,Yes,Good,Under-7,H
xapi_edu_0235,train,F,KW,KuwaIT,lowerlevel,G-02,C,IT,F,Father,10,3,0,30,No,Bad,Under-7,M
xapi_edu_0610,test,M,KW,KuwaIT,lowerlevel,G-02,B,IT,F,Father,7,4,10,50,No,Good,Above-7,M
xapi_edu_0973,train,F,Jordan,Jordan,MiddleSchool,G-08,A,Chemistry,S,Father,9,6,15,85,No,Bad,Above-7,L
xapi_edu_0074,train,F,KW,KuwaIT,MiddleSchool,G-06,A,Quran,S,Father,70,40,2,16,No,Bad,Above-7,L
xapi_edu_0977,train,M,Jordan,Jordan,lowerlevel,G-02,B,Arabic,F,Father,10,30,50,91,Yes,Bad,Above-7,L
xapi_edu_1044,train,M,Jordan,Jordan,lowerlevel,G-02,A,French,S,Father,30,10,20,5,No,Bad,Above-7,L
xapi_edu_0612,valid,M,Jordan,Jordan,lowerlevel,G-02,A,Arabic,F,Father,10,17,50,21,No,Bad,Under-7,M
xapi_edu_1967,test,M,USA,USA,MiddleSchool,G-08,B,Math,F,Father,19,5,4,1,Yes,Good,Above-7,L
xapi_edu_0736,train,M,Egypt,Egypt,lowerlevel,G-02,B,French,F,Mum,5,13,6,6,No,Good,Above-7,L
xapi_edu_1140,train,F,Jordan,Jordan,lowerlevel,G-04,A,Science,S,Father,42,24,12,24,No,Bad,Above-7,L
xapi_edu_0055,train,M,KW,KuwaIT,lowerlevel,G-02,B,IT,F,Father,25,27,0,69,No,Bad,Above-7,L
xapi_edu_1583,train,F,lebanon,lebanon,lowerlevel,G-02,B,IT,F,Father,70,98,7,5,Yes,Good,Under-7,M
xapi_edu_0885,test,M,KW,KuwaIT,lowerlevel,G-02,B,French,S,Mum,60,52,23,33,Yes,Good,Under-7,H
xapi_edu_0746,test,M,Lybia,Lybia,lowerlevel,G-02,A,French,S,Mum,15,7,12,7,No,Good,Above-7,L
xapi_edu_0508,train,F,Jordan,Jordan,MiddleSchool,G-08,A,Geology,F,Father,50,77,14,28,No,Bad,Under-7,M
xapi_edu_0509,train,F,Palestine,Jordan,lowerlevel,G-02,B,French,F,Father,78,98,10,11,No,Good,Under-7,M
xapi_edu_1856,train,M,KW,KuwaIT,lowerlevel,G-02,B,IT,F,Father,12,30,0,17,No,Good,Above-7,L
xapi_edu_1970,train,M,KW,KuwaIT,lowerlevel,G-02,B,IT,F,Father,1,0,1,12,No,Bad,Above-7,L
xapi_edu_0376,train,M,KW,KuwaIT,lowerlevel,G-04,A,Arabic,S,Father,39,26,12,44,No,Bad,Above-7,L
xapi_edu_0741,train,M,Jordan,Jordan,lowerlevel,G-02,B,French,S,Mum,55,72,83,14,Yes,Good,Above-7,M
xapi_edu_0325,train,M,SaudiArabia,USA,HighSchool,G-11,A,Science,S,Father,23,63,71,89,Yes,Good,Under-7,M
xapi_edu_1857,train,F,Jordan,Jordan,MiddleSchool,G-07,A,Biology,S,Mum,90,88,54,12,Yes,Good,Above-7,M
xapi_edu_1642,train,M,KW,KuwaIT,lowerlevel,G-02,C,IT,F,Father,77,80,51,80,No,Good,Under-7,M
xapi_edu_0957,train,F,KW,KuwaIT,lowerlevel,G-02,B,IT,F,Father,3,12,4,33,No,Bad,Under-7,L
xapi_edu_1294,valid,M,Syria,Syria,MiddleSchool,G-07,A,Quran,F,Father,19,72,15,50,Yes,Good,Above-7,M
xapi_edu_1843,train,M,KW,KuwaIT,MiddleSchool,G-08,A,Arabic,S,Mum,92,65,62,53,Yes,Good,Under-7,H
xapi_edu_1399,test,F,Jordan,Jordan,lowerlevel,G-02,B,Arabic,F,Father,11,20,20,98,No,Bad,Above-7,L
xapi_edu_1382,valid,F,Palestine,Jordan,lowerlevel,G-02,A,French,S,Mum,75,80,15,20,No,Good,Under-7,M
xapi_edu_1020,test,F,Syria,Syria,MiddleSchool,G-07,A,Biology,S,Mum,80,91,87,72,Yes,Good,Under-7,H
xapi_edu_0512,test,F,Jordan,Jordan,MiddleSchool,G-08,A,Chemistry,F,Father,15,97,22,10,Yes,Good,Under-7,H
xapi_edu_1513,train,F,Jordan,Jordan,MiddleSchool,G-07,A,Biology,S,Mum,90,88,54,12,Yes,Good,Above-7,M
xapi_edu_1553,train,F,KW,KuwaIT,lowerlevel,G-04,A,History,S,Mum,80,87,72,60,No,Good,Under-7,H
xapi_edu_1603,train,F,KW,KuwaIT,MiddleSchool,G-06,A,Math,S,Father,87,48,82,96,No,Bad,Above-7,M
xapi_edu_0068,train,M,KW,KuwaIT,lowerlevel,G-02,B,IT,F,Father,19,70,3,50,No,Bad,Under-7,L
xapi_edu_1921,valid,M,Egypt,Egypt,lowerlevel,G-04,A,Math,S,Mum,49,94,42,7,No,Bad,Above-7,M
xapi_edu_0890,train,F,Jordan,Jordan,MiddleSchool,G-08,A,Chemistry,S,Mum,84,92,29,43,Yes,Good,Under-7,H
xapi_edu_0083,train,M,USA,USA,MiddleSchool,G-08,B,Math,F,Father,19,5,4,1,Yes,Good,Above-7,L
xapi_edu_1119,valid,M,KW,KuwaIT,lowerlevel,G-02,C,IT,F,Father,12,10,20,16,No,Bad,Under-7,L
xapi_edu_0351,test,M,KW,KuwaIT,MiddleSchool,G-07,A,English,F,Father,10,12,17,30,No,Bad,Above-7,L
xapi_edu_0769,valid,M,KW,KuwaIT,lowerlevel,G-02,B,IT,F,Father,50,70,50,10,Yes,Good,Above-7,H
xapi_edu_0175,test,M,Egypt,KuwaIT,MiddleSchool,G-07,B,Science,S,Father,12,20,38,46,No,Bad,Above-7,M
xapi_edu_1571,train,F,Jordan,lebanon,lowerlevel,G-04,B,Science,S,Mum,72,84,89,89,Yes,Good,Under-7,H
xapi_edu_1707,train,F,Jordan,lebanon,lowerlevel,G-04,B,Science,S,Mum,72,84,89,89,Yes,Good,Under-7,H
xapi_edu_0902,train,F,Jordan,Jordan,MiddleSchool,G-08,A,Chemistry,F,Father,2,7,4,8,No,Bad,Above-7,L
xapi_edu_1314,train,F,Egypt,Egypt,MiddleSchool,G-07,A,Quran,S,Mum,70,80,95,70,Yes,Good,Under-7,H
xapi_edu_0870,train,M,Palestine,Jordan,MiddleSchool,G-07,B,Biology,S,Father,99,96,89,84,Yes,Good,Under-7,H
xapi_edu_0705,train,F,KW,USA,HighSchool,G-11,A,Quran,S,Mum,70,80,95,70,Yes,Good,Under-7,H
xapi_edu_1615,test,M,Jordan,Jordan,lowerlevel,G-02,B,French,S,Father,25,87,21,27,Yes,Good,Under-7,M
xapi_edu_1892,valid,M,Jordan,Jordan,MiddleSchool,G-08,A,Chemistry,S,Mum,79,88,79,20,Yes,Good,Above-7,M
xapi_edu_1893,train,M,Jordan,Jordan,MiddleSchool,G-06,A,English,F,Father,19,80,12,17,Yes,Good,Above-7,M
xapi_edu_0907,train,M,Jordan,Jordan,lowerlevel,G-02,B,Arabic,S,Mum,32,82,59,63,Yes,Bad,Above-7,M
xapi_edu_0958,train,M,KW,KuwaIT,MiddleSchool,G-08,C,Spanish,S,Father,70,81,39,84,No,Bad,Under-7,M
xapi_edu_0095,train,F,KW,KuwaIT,lowerlevel,G-02,C,IT,F,Mum,25,29,40,17,No,Good,Under-7,H
xapi_edu_1903,train,F,Iraq,Iraq,lowerlevel,G-02,B,Arabic,F,Mum,89,92,40,28,Yes,Good,Under-7,H
xapi_edu_0356,valid,F,KW,KuwaIT,lowerlevel,G-02,C,IT,F,Mum,77,80,12,19,Yes,Good,Above-7,M
xapi_edu_0778,train,F,Jordan,Jordan,lowerlevel,G-02,A,Arabic,S,Father,5,9,19,98,No,Bad,Above-7,L
xapi_edu_1579,train,M,lebanon,lebanon,MiddleSchool,G-08,C,Spanish,S,Father,80,51,40,24,No,Good,Under-7,M
xapi_edu_1600,test,M,Jordan,Jordan,lowerlevel,G-02,B,French,S,Father,25,87,21,27,Yes,Good,Under-7,M
xapi_edu_1123,train,F,Jordan,Jordan,MiddleSchool,G-08,A,Geology,F,Father,50,77,14,28,No,Bad,Under-7,M
xapi_edu_1877,train,M,KW,KuwaIT,MiddleSchool,G-07,B,Science,S,Mum,32,60,58,66,Yes,Good,Above-7,M
xapi_edu_1086,valid,M,KW,KuwaIT,lowerlevel,G-02,B,IT,F,Father,7,4,10,50,No,Good,Above-7,M
xapi_edu_0679,train,M,Jordan,Jordan,MiddleSchool,G-07,A,Biology,S,Father,35,80,34,22,No,Good,Above-7,M
xapi_edu_0211,valid,M,SaudiArabia,USA,HighSchool,G-11,B,English,S,Father,70,50,33,41,No,Bad,Above-7,M
xapi_edu_0951,train,M,SaudiArabia,USA,HighSchool,G-11,A,Science,S,Father,23,63,71,89,Yes,Good,Under-7,M
xapi_edu_1406,valid,F,Jordan,Jordan,MiddleSchool,G-08,A,History,F,Father,45,87,57,80,Yes,Good,Under-7,M
xapi_edu_1584,train,F,KW,KuwaIT,MiddleSchool,G-07,A,IT,F,Mum,69,15,36,96,Yes,Good,Under-7,M
xapi_edu_0697,train,M,Jordan,Jordan,lowerlevel,G-02,A,French,F,Father,10,15,10,21,No,Bad,Above-7,L
xapi_edu_0613,train,M,Jordan,Jordan,lowerlevel,G-02,B,Arabic,S,Mum,20,77,31,88,Yes,Good,Under-7,M
xapi_edu_1216,test,F,Jordan,Jordan,MiddleSchool,G-08,A,Geology,S,Father,29,78,40,12,Yes,Good,Above-7,M
xapi_edu_1637,valid,F,KW,KuwaIT,lowerlevel,G-02,B,IT,F,Father,100,80,2,70,No,Bad,Under-7,H
xapi_edu_1915,train,M,KW,KuwaIT,MiddleSchool,G-08,C,Spanish,S,Mum,96,61,42,94,Yes,Bad,Under-7,H
xapi_edu_1503,test,M,Jordan,Jordan,MiddleSchool,G-08,A,Geology,F,Mum,77,82,74,79,Yes,Good,Under-7,M
xapi_edu_1641,train,M,Iraq,Iraq,MiddleSchool,G-08,A,History,F,Father,72,87,72,89,Yes,Good,Above-7,M
xapi_edu_1519,train,M,Jordan,Jordan,MiddleSchool,G-06,A,English,S,Father,11,70,32,29,Yes,Good,Above-7,M
xapi_edu_0965,test,M,Jordan,SaudiArabia,MiddleSchool,G-08,C,Spanish,S,Mum,27,90,82,14,Yes,Good,Under-7,H
xapi_edu_1869,train,F,Jordan,Jordan,MiddleSchool,G-07,A,Biology,F,Mum,88,81,50,10,Yes,Good,Above-7,M
xapi_edu_1756,test,M,Iraq,Iraq,MiddleSchool,G-06,A,English,F,Mum,74,71,56,37,No,Good,Under-7,H
xapi_edu_0594,train,M,KW,KuwaIT,lowerlevel,G-02,B,IT,F,Father,2,5,3,50,No,Bad,Above-7,L
xapi_edu_0762,valid,M,Jordan,Jordan,lowerlevel,G-02,A,French,S,Father,30,10,20,5,No,Bad,Above-7,L
xapi_edu_1852,train,F,Jordan,Jordan,lowerlevel,G-02,B,IT,F,Mum,70,88,55,40,Yes,Good,Under-7,H
xapi_edu_1525,valid,M,Jordan,SaudiArabia,MiddleSchool,G-08,A,Chemistry,S,Father,11,2,9,49,No,Bad,Above-7,L
xapi_edu_1554,train,M,SaudiArabia,USA,HighSchool,G-11,B,English,S,Father,70,50,33,41,No,Bad,Above-7,M
xapi_edu_1085,train,M,Jordan,Jordan,MiddleSchool,G-08,A,History,F,Mum,87,92,74,89,Yes,Good,Under-7,H
xapi_edu_0324,train,F,Jordan,Jordan,lowerlevel,G-02,B,Arabic,F,Father,11,20,20,98,No,Bad,Above-7,L
xapi_edu_1977,train,F,KW,KuwaIT,lowerlevel,G-04,A,History,S,Father,70,99,66,65,No,Good,Under-7,M
xapi_edu_1510,test,M,Iran,Iran,MiddleSchool,G-08,C,Spanish,S,Mum,27,41,32,61,Yes,Bad,Above-7,M
xapi_edu_0901,train,F,KW,KuwaIT,lowerlevel,G-02,C,IT,F,Father,7,9,5,30,No,Bad,Above-7,L
xapi_edu_0261,train,M,Palestine,Jordan,MiddleSchool,G-06,A,English,F,Mum,72,21,22,26,Yes,Good,Under-7,H
xapi_edu_0507,valid,F,USA,USA,HighSchool,G-12,A,IT,F,Mum,70,69,35,30,Yes,Good,Under-7,H
xapi_edu_0669,train,M,KW,KuwaIT,MiddleSchool,G-07,A,Math,F,Father,50,10,15,22,Yes,Good,Under-7,M
xapi_edu_1957,train,M,Syria,Syria,lowerlevel,G-02,A,French,F,Father,24,35,18,31,No,Bad,Under-7,M
xapi_edu_1215,train,M,Palestine,Jordan,MiddleSchool,G-06,A,English,S,Mum,75,71,76,80,Yes,Good,Under-7,M
xapi_edu_1779,train,M,Morocco,Morocco,MiddleSchool,G-08,B,Arabic,S,Father,27,15,42,53,No,Bad,Above-7,L
xapi_edu_0006,train,M,Palestine,Jordan,MiddleSchool,G-07,B,Biology,F,Father,88,90,76,81,Yes,Good,Under-7,H
xapi_edu_0921,train,F,Jordan,Jordan,MiddleSchool,G-08,A,Chemistry,F,Father,2,7,4,8,No,Bad,Above-7,L
xapi_edu_0247,test,M,KW,KuwaIT,lowerlevel,G-04,A,History,S,Father,61,97,82,64,Yes,Bad,Above-7,M
xapi_edu_1845,train,M,Jordan,Jordan,lowerlevel,G-02,A,Arabic,S,Father,10,58,51,48,Yes,Good,Above-7,M
xapi_edu_1678,train,F,Syria,Syria,MiddleSchool,G-07,A,Biology,F,Mum,96,95,70,70,Yes,Good,Under-7,H
xapi_edu_1515,train,M,KW,KuwaIT,MiddleSchool,G-08,B,Arabic,S,Mum,15,90,52,83,Yes,Bad,Under-7,H
xapi_edu_0407,train,M,Jordan,Jordan,MiddleSchool,G-07,A,Biology,S,Father,85,82,59,63,Yes,Bad,Under-7,M
xapi_edu_0444,train,M,Palestine,Jordan,MiddleSchool,G-06,A,English,S,Mum,75,71,76,80,Yes,Good,Under-7,M
xapi_edu_0808,train,M,SaudiArabia,SaudiArabia,lowerlevel,G-02,B,IT,F,Father,7,12,5,3,No,Bad,Above-7,M
xapi_edu_0352,train,M,Morocco,Morocco,MiddleSchool,G-08,B,Arabic,S,Father,27,15,42,53,No,Bad,Above-7,L
xapi_edu_1344,train,M,Iran,Iran,MiddleSchool,G-08,A,Spanish,S,Mum,51,42,12,29,No,Bad,Above-7,M
xapi_edu_0308,train,F,KW,KuwaIT,lowerlevel,G-04,A,History,S,Father,70,99,66,65,No,Good,Under-7,M
xapi_edu_1023,test,M,KW,KuwaIT,MiddleSchool,G-08,C,Spanish,S,Father,5,21,42,14,No,Good,Above-7,L
xapi_edu_0644,valid,F,Jordan,Jordan,MiddleSchool,G-07,B,Science,S,Mum,82,89,58,50,Yes,Good,Under-7,H
xapi_edu_1000,valid,F,KW,KuwaIT,MiddleSchool,G-07,B,Science,S,Father,62,68,48,80,Yes,Good,Under-7,M
xapi_edu_1170,test,M,KW,KuwaIT,lowerlevel,G-02,C,IT,S,Father,0,3,10,3,No,Bad,Above-7,L
xapi_edu_0335,train,M,Tunis,SaudiArabia,MiddleSchool,G-07,A,Quran,S,Father,70,75,55,11,Yes,Bad,Under-7,M
xapi_edu_1984,train,F,lebanon,lebanon,lowerlevel,G-02,B,French,F,Mum,72,98,52,15,Yes,Good,Under-7,H
xapi_edu_0926,train,F,KW,KuwaIT,lowerlevel,G-02,B,IT,F,Father,80,44,35,10,No,Good,Above-7,L
xapi_edu_1498,test,M,KW,KuwaIT,MiddleSchool,G-06,A,IT,F,Father,0,0,0,4,No,Bad,Above-7,L
xapi_edu_0381,train,M,Jordan,Jordan,lowerlevel,G-02,A,French,F,Father,10,15,10,21,No,Bad,Above-7,L
xapi_edu_1867,train,M,lebanon,lebanon,MiddleSchool,G-08,A,Arabic,S,Mum,10,35,30,13,No,Bad,Above-7,L
xapi_edu_1550,train,F,Iraq,Iraq,lowerlevel,G-02,B,Arabic,S,Mum,79,93,49,23,Yes,Good,Under-7,H
xapi_edu_0363,train,M,Iran,Iran,MiddleSchool,G-08,C,Spanish,S,Mum,27,41,32,61,Yes,Bad,Above-7,M
xapi_edu_0519,train,F,KW,KuwaIT,HighSchool,G-12,A,English,F,Father,55,90,16,40,No,Bad,Under-7,M
xapi_edu_1997,train,M,Jordan,Jordan,lowerlevel,G-04,A,Science,S,Father,22,34,15,9,No,Bad,Above-7,L
xapi_edu_1871,train,F,Palestine,Jordan,lowerlevel,G-02,A,French,F,Mum,70,90,20,21,No,Good,Under-7,M
xapi_edu_0295,train,M,Jordan,Jordan,lowerlevel,G-02,B,French,S,Mum,35,97,41,23,Yes,Good,Under-7,H
xapi_edu_0383,train,M,KW,KuwaIT,HighSchool,G-11,B,Math,S,Mum,73,84,77,81,Yes,Good,Above-7,H
xapi_edu_0889,train,F,Jordan,Jordan,lowerlevel,G-02,B,Arabic,F,Father,11,20,20,98,No,Bad,Above-7,L
xapi_edu_0692,train,M,USA,USA,MiddleSchool,G-08,B,Math,F,Father,19,5,4,1,Yes,Good,Above-7,L
xapi_edu_1267,train,F,KW,KuwaIT,lowerlevel,G-04,A,History,S,Father,70,99,66,65,No,Good,Under-7,M
xapi_edu_1467,train,M,Palestine,Jordan,MiddleSchool,G-07,B,Biology,F,Father,78,80,66,51,Yes,Good,Under-7,M
xapi_edu_1029,train,M,Palestine,Palestine,MiddleSchool,G-08,A,Geology,F,Father,80,87,74,68,Yes,Good,Under-7,M
xapi_edu_1914,train,M,Palestine,Jordan,lowerlevel,G-02,A,Arabic,F,Father,90,98,41,38,Yes,Good,Under-7,H
xapi_edu_1544,valid,F,Jordan,Jordan,MiddleSchool,G-07,B,Biology,S,Mum,59,90,19,43,No,Good,Under-7,H
xapi_edu_1088,valid,M,lebanon,Jordan,MiddleSchool,G-08,A,Arabic,S,Mum,87,65,82,33,Yes,Good,Under-7,H
xapi_edu_0251,train,F,KW,KuwaIT,MiddleSchool,G-07,B,Science,S,Father,62,68,48,80,Yes,Good,Under-7,M
xapi_edu_0333,train,M,KW,KuwaIT,MiddleSchool,G-07,A,IT,F,Father,29,22,9,20,Yes,Good,Under-7,M
xapi_edu_0442,test,M,Jordan,Jordan,lowerlevel,G-02,B,French,F,Mum,30,98,42,21,Yes,Good,Under-7,H
xapi_edu_1743,train,M,Tunis,Tunis,MiddleSchool,G-07,A,Quran,S,Father,19,65,50,10,No,Bad,Above-7,L
xapi_edu_1669,train,M,KW,KuwaIT,MiddleSchool,G-08,A,Spanish,S,Father,5,17,21,10,No,Bad,Above-7,L
xapi_edu_1738,valid,M,Jordan,Jordan,MiddleSchool,G-08,A,Chemistry,S,Mum,81,82,69,13,Yes,Good,Above-7,M
xapi_edu_0293,test,M,KW,KuwaIT,MiddleSchool,G-08,C,Spanish,S,Father,17,21,42,14,Yes,Good,Under-7,M
xapi_edu_0122,train,M,KW,KuwaIT,MiddleSchool,G-08,C,Spanish,S,Father,5,21,42,14,No,Good,Above-7,L
xapi_edu_0435,train,M,Jordan,Jordan,MiddleSchool,G-08,A,Geology,F,Mum,89,87,86,15,Yes,Good,Under-7,M
xapi_edu_1657,test,M,Jordan,Jordan,lowerlevel,G-04,B,Science,F,Mum,65,59,74,83,Yes,Good,Under-7,H
xapi_edu_0492,train,F,KW,KuwaIT,lowerlevel,G-04,A,History,S,Mum,80,87,72,60,No,Good,Under-7,H
xapi_edu_1810,test,M,Jordan,Jordan,lowerlevel,G-02,B,Arabic,S,Mum,20,77,31,88,Yes,Good,Under-7,M
xapi_edu_1753,train,F,Jordan,Jordan,lowerlevel,G-02,A,French,S,Mum,50,80,20,15,Yes,Good,Above-7,M
xapi_edu_1195,test,M,KW,KuwaIT,lowerlevel,G-02,B,IT,F,Father,2,5,3,50,No,Bad,Above-7,L
xapi_edu_0520,train,F,Jordan,Jordan,MiddleSchool,G-08,A,Chemistry,S,Father,79,91,49,22,Yes,Good,Under-7,H
xapi_edu_0523,train,M,KW,KuwaIT,MiddleSchool,G-07,A,Math,F,Father,35,12,0,17,No,Bad,Above-7,L
xapi_edu_1299,train,M,KW,KuwaIT,MiddleSchool,G-07,B,Science,F,Father,12,11,8,40,No,Bad,Above-7,L
xapi_edu_0544,train,M,KW,KuwaIT,lowerlevel,G-04,A,IT,F,Father,5,1,0,11,No,Bad,Above-7,L
xapi_edu_1482,train,F,Jordan,lebanon,MiddleSchool,G-07,A,Quran,S,Mum,100,75,50,70,Yes,Bad,Under-7,H
xapi_edu_0805,valid,M,KW,KuwaIT,lowerlevel,G-02,A,IT,S,Father,12,60,0,70,Yes,Good,Above-7,L
xapi_edu_1337,valid,F,Iraq,Iraq,lowerlevel,G-02,B,Arabic,F,Mum,89,92,40,28,Yes,Good,Under-7,H
xapi_edu_0865,train,M,KW,KuwaIT,lowerlevel,G-02,B,French,S,Mum,30,12,29,23,No,Bad,Under-7,M
xapi_edu_1506,train,F,Iraq,Iraq,lowerlevel,G-02,B,Arabic,F,Mum,89,92,40,28,Yes,Good,Under-7,H
xapi_edu_0466,train,M,Jordan,Jordan,lowerlevel,G-02,A,French,F,Father,40,7,50,41,No,Good,Above-7,L
xapi_edu_1457,train,M,Iran,Iran,MiddleSchool,G-08,A,Spanish,S,Mum,51,42,12,29,No,Bad,Above-7,M
xapi_edu_0806,train,M,KW,KuwaIT,HighSchool,G-11,A,Quran,F,Father,13,3,11,9,No,Bad,Above-7,L
xapi_edu_1874,train,M,KW,KuwaIT,lowerlevel,G-02,B,IT,F,Father,50,70,50,10,Yes,Good,Above-7,H
xapi_edu_1259,test,F,Jordan,Jordan,lowerlevel,G-04,A,Science,S,Father,42,24,12,24,No,Bad,Above-7,L
xapi_edu_0656,train,M,Palestine,Jordan,MiddleSchool,G-06,A,English,S,Mum,92,31,42,27,Yes,Good,Under-7,H
xapi_edu_1682,train,F,KW,KuwaIT,HighSchool,G-12,A,English,F,Father,25,10,19,30,No,Bad,Above-7,M
xapi_edu_0359,train,M,KW,KuwaIT,lowerlevel,G-02,B,French,S,Father,40,62,83,33,Yes,Good,Under-7,H
xapi_edu_1373,test,F,Jordan,Jordan,lowerlevel,G-04,A,Science,S,Mum,72,74,82,89,No,Good,Under-7,H
xapi_edu_0256,test,M,Jordan,Jordan,lowerlevel,G-02,B,French,S,Father,50,62,13,33,No,Bad,Above-7,L
xapi_edu_1155,train,F,KW,KuwaIT,MiddleSchool,G-08,A,Arabic,S,Father,80,71,52,51,Yes,Good,Under-7,M
xapi_edu_0252,train,F,Jordan,Jordan,lowerlevel,G-02,A,French,S,Mum,50,95,23,10,Yes,Good,Under-7,H
xapi_edu_0649,train,M,KW,KuwaIT,MiddleSchool,G-08,A,Arabic,S,Father,23,25,32,53,No,Bad,Under-7,L
xapi_edu_0169,valid,M,KW,KuwaIT,MiddleSchool,G-08,A,Arabic,S,Father,15,25,37,13,Yes,Good,Above-7,L
xapi_edu_1036,train,M,KW,KuwaIT,MiddleSchool,G-07,A,IT,F,Father,15,21,2,90,No,Bad,Under-7,M
xapi_edu_1397,valid,F,Jordan,Jordan,lowerlevel,G-02,B,French,S,Mum,25,89,21,13,Yes,Good,Under-7,M
xapi_edu_1826,train,M,KW,KuwaIT,MiddleSchool,G-08,B,Spanish,S,Mum,87,81,22,70,Yes,Bad,Under-7,H
xapi_edu_0906,train,F,Jordan,Jordan,lowerlevel,G-04,B,Science,F,Father,15,50,24,43,Yes,Bad,Under-7,M
xapi_edu_1421,train,F,KW,KuwaIT,lowerlevel,G-02,B,IT,F,Father,66,90,55,12,Yes,Good,Above-7,M
xapi_edu_0121,test,F,Jordan,KuwaIT,MiddleSchool,G-08,C,Spanish,S,Father,87,88,40,10,Yes,Good,Under-7,M
xapi_edu_0057,train,F,Palestine,Palestine,lowerlevel,G-04,A,Science,F,Mum,90,86,82,74,Yes,Good,Under-7,H
xapi_edu_0717,valid,F,KW,KuwaIT,HighSchool,G-12,A,English,F,Father,20,14,12,70,No,Bad,Above-7,L
xapi_edu_1596,train,M,KW,KuwaIT,MiddleSchool,G-07,A,IT,F,Father,2,0,2,50,No,Bad,Above-7,L
xapi_edu_1357,valid,M,KW,KuwaIT,MiddleSchool,G-08,B,Arabic,S,Father,45,95,12,13,No,Bad,Under-7,M
xapi_edu_1994,train,M,Jordan,Jordan,lowerlevel,G-02,B,Arabic,F,Mum,15,90,21,97,Yes,Good,Under-7,M
xapi_edu_1205,train,M,Jordan,Jordan,MiddleSchool,G-08,A,Geology,F,Mum,77,82,74,79,Yes,Good,Under-7,M
xapi_edu_1303,valid,M,Jordan,SaudiArabia,MiddleSchool,G-08,A,Geology,S,Father,80,89,23,68,No,Bad,Under-7,H
xapi_edu_0868,train,M,lebanon,lebanon,lowerlevel,G-02,B,French,S,Mum,40,51,20,33,No,Bad,Under-7,M
xapi_edu_0232,train,F,Jordan,Jordan,MiddleSchool,G-08,A,Geology,F,Mum,70,69,46,45,Yes,Good,Above-7,M
xapi_edu_1128,test,F,lebanon,lebanon,MiddleSchool,G-06,A,English,F,Mum,95,82,82,70,Yes,Good,Under-7,H
xapi_edu_0748,train,M,KW,KuwaIT,lowerlevel,G-04,A,History,S,Father,61,97,82,64,Yes,Bad,Above-7,M
xapi_edu_0946,train,F,Jordan,lebanon,lowerlevel,G-04,B,Science,F,Mum,78,88,74,83,Yes,Good,Under-7,H
xapi_edu_0143,train,M,KW,KuwaIT,HighSchool,G-10,A,IT,F,Father,0,5,7,2,No,Bad,Above-7,L
xapi_edu_0311,valid,M,KW,KuwaIT,MiddleSchool,G-08,A,Spanish,S,Mum,72,83,12,90,Yes,Good,Under-7,H
xapi_edu_1962,train,M,Jordan,Jordan,MiddleSchool,G-07,B,Science,S,Mum,72,80,58,66,No,Bad,Under-7,M
xapi_edu_1686,test,F,Iraq,Iraq,MiddleSchool,G-07,A,Biology,F,Mum,86,98,50,20,Yes,Good,Under-7,H
xapi_edu_0582,train,F,KW,KuwaIT,MiddleSchool,G-06,A,Quran,S,Father,70,40,2,16,No,Bad,Above-7,L
xapi_edu_0711,train,F,Jordan,Jordan,MiddleSchool,G-08,A,Chemistry,F,Mum,85,99,42,90,Yes,Good,Under-7,H
xapi_edu_0895,train,M,KW,KuwaIT,MiddleSchool,G-07,A,Math,F,Father,11,2,2,8,No,Bad,Under-7,L
xapi_edu_0010,train,M,KW,KuwaIT,MiddleSchool,G-07,A,Math,F,Father,11,2,2,8,No,Bad,Under-7,L
xapi_edu_0676,train,M,Tunis,Tunis,lowerlevel,G-02,B,French,S,Mum,80,92,83,43,Yes,Good,Under-7,H
xapi_edu_0202,train,F,Jordan,Jordan,MiddleSchool,G-08,A,Chemistry,F,Mum,82,89,22,31,Yes,Good,Under-7,H
xapi_edu_0625,train,F,Lybia,Lybia,MiddleSchool,G-07,B,Biology,S,Mum,9,7,9,3,No,Good,Above-7,L
xapi_edu_1947,train,M,KW,KuwaIT,MiddleSchool,G-08,A,Arabic,S,Mum,95,91,62,53,Yes,Good,Under-7,M
xapi_edu_0715,train,M,KW,KuwaIT,lowerlevel,G-02,B,IT,F,Father,0,12,3,3,Yes,Good,Above-7,M
xapi_edu_0147,test,F,Palestine,Jordan,lowerlevel,G-02,A,French,S,Mum,75,80,15,20,No,Good,Under-7,M
xapi_edu_1778,train,M,KW,KuwaIT,lowerlevel,G-02,C,IT,F,Father,60,60,3,60,No,Bad,Under-7,M
xapi_edu_1327,train,M,Egypt,Egypt,lowerlevel,G-04,A,English,S,Mum,19,74,32,17,No,Good,Above-7,L
xapi_edu_0721,test,F,lebanon,lebanon,MiddleSchool,G-06,A,English,F,Mum,95,82,82,70,Yes,Good,Under-7,H
xapi_edu_1693,train,M,Jordan,Jordan,MiddleSchool,G-06,A,English,F,Father,10,8,10,10,Yes,Bad,Above-7,M
xapi_edu_1932,test,M,KW,KuwaIT,MiddleSchool,G-07,B,IT,F,Father,0,2,3,70,Yes,Good,Above-7,L
xapi_edu_1587,train,M,Palestine,Jordan,lowerlevel,G-04,B,Science,S,Mum,82,84,79,79,Yes,Good,Above-7,M
xapi_edu_1894,valid,M,Jordan,Jordan,lowerlevel,G-02,A,Arabic,S,Father,10,98,41,38,Yes,Good,Above-7,M
xapi_edu_0089,train,M,Jordan,Jordan,MiddleSchool,G-06,A,English,F,Father,19,80,12,17,Yes,Good,Above-7,M
xapi_edu_1907,train,M,KW,KuwaIT,lowerlevel,G-02,B,IT,F,Father,80,90,55,19,Yes,Good,Under-7,H
xapi_edu_0365,train,F,KW,KuwaIT,lowerlevel,G-02,B,IT,F,Father,100,80,2,70,No,Bad,Under-7,H
xapi_edu_1391,test,M,Palestine,Jordan,MiddleSchool,G-08,A,History,S,Father,78,82,78,53,Yes,Good,Under-7,M
xapi_edu_1671,train,F,KW,KuwaIT,MiddleSchool,G-06,A,IT,F,Father,30,40,22,66,Yes,Good,Under-7,M
xapi_edu_1318,train,M,KW,KuwaIT,MiddleSchool,G-07,B,Science,S,Father,12,8,18,26,No,Bad,Above-7,L
xapi_edu_1253,valid,F,KW,KuwaIT,MiddleSchool,G-07,B,Science,S,Mum,72,80,58,66,Yes,Good,Above-7,M
xapi_edu_0452,valid,F,Jordan,Jordan,lowerlevel,G-02,A,French,F,Mum,10,90,30,21,No,Good,Under-7,M
xapi_edu_1112,train,M,Syria,Syria,lowerlevel,G-02,B,French,S,Mum,20,52,23,33,Yes,Good,Above-7,L
xapi_edu_0078,valid,M,Jordan,Jordan,lowerlevel,G-04,B,Science,S,Father,42,34,29,39,No,Good,Above-7,M
xapi_edu_1236,train,F,Jordan,Jordan,lowerlevel,G-02,B,French,F,Mum,10,94,40,11,Yes,Good,Under-7,M
xapi_edu_0369,valid,M,Egypt,Egypt,lowerlevel,G-02,B,French,S,Mum,7,9,11,10,No,Good,Above-7,L
xapi_edu_0830,train,F,Jordan,Jordan,lowerlevel,G-02,A,French,F,Mum,60,87,23,11,Yes,Good,Above-7,M
xapi_edu_1621,train,M,Tunis,Tunis,MiddleSchool,G-07,A,Quran,F,Father,10,60,5,20,Yes,Bad,Above-7,L
xapi_edu_0900,train,F,KW,KuwaIT,HighSchool,G-12,A,English,F,Father,20,14,12,70,No,Bad,Above-7,L
xapi_edu_1061,valid,M,KW,KuwaIT,HighSchool,G-11,A,Quran,F,Father,13,3,11,9,No,Bad,Above-7,L
xapi_edu_0579,train,M,Palestine,Jordan,MiddleSchool,G-07,B,Biology,F,Father,88,90,76,81,Yes,Good,Under-7,H
xapi_edu_0576,train,F,KW,KuwaIT,lowerlevel,G-04,A,History,S,Father,70,99,66,65,No,Good,Under-7,M
xapi_edu_1531,test,F,KW,KuwaIT,lowerlevel,G-04,A,Science,S,Father,69,76,82,94,No,Bad,Under-7,M
xapi_edu_0450,test,F,Jordan,Jordan,MiddleSchool,G-07,B,Biology,F,Mum,70,89,12,21,No,Good,Under-7,H
xapi_edu_0723,train,F,Jordan,Jordan,lowerlevel,G-04,A,Science,S,Father,42,24,12,24,No,Bad,Above-7,L
xapi_edu_0537,test,M,KW,KuwaIT,lowerlevel,G-02,B,IT,F,Father,5,20,1,50,Yes,Good,Above-7,L
xapi_edu_0204,train,F,Jordan,Jordan,MiddleSchool,G-08,A,Geology,F,Father,25,82,52,20,Yes,Good,Above-7,M
xapi_edu_0892,train,M,KW,KuwaIT,MiddleSchool,G-08,A,Arabic,S,Father,15,25,37,13,Yes,Good,Above-7,L
xapi_edu_0826,train,M,Palestine,Jordan,MiddleSchool,G-06,A,English,S,Mum,72,41,46,27,No,Good,Under-7,M
xapi_edu_1471,train,F,Jordan,Jordan,lowerlevel,G-02,B,Arabic,F,Father,11,20,20,98,No,Bad,Above-7,L
xapi_edu_0665,test,M,Egypt,Egypt,lowerlevel,G-04,A,English,S,Mum,19,74,32,17,No,Good,Above-7,L
xapi_edu_0618,train,F,KW,KuwaIT,MiddleSchool,G-08,A,Arabic,F,Father,35,80,50,70,Yes,Good,Under-7,H
xapi_edu_1775,valid,F,Palestine,Palestine,lowerlevel,G-04,A,Science,F,Mum,90,86,82,74,Yes,Good,Under-7,H
xapi_edu_0464,train,M,KW,KuwaIT,MiddleSchool,G-08,A,Arabic,S,Father,23,25,32,53,No,Bad,Under-7,L
xapi_edu_0044,train,M,Lybia,Lybia,lowerlevel,G-02,B,French,F,Mum,20,3,9,3,No,Good,Above-7,L
xapi_edu_1080,valid,M,Tunis,Tunis,MiddleSchool,G-08,C,Spanish,S,Mum,87,81,42,19,Yes,Good,Under-7,H
xapi_edu_0183,train,M,Jordan,Jordan,lowerlevel,G-02,B,Arabic,F,Father,10,30,50,91,Yes,Bad,Above-7,L
xapi_edu_0343,train,M,KW,KuwaIT,lowerlevel,G-04,A,IT,F,Father,20,20,3,25,Yes,Good,Under-7,M
xapi_edu_0047,train,M,KW,KuwaIT,MiddleSchool,G-08,C,Spanish,S,Father,17,50,2,4,No,Bad,Above-7,L
xapi_edu_1229,valid,M,KW,KuwaIT,lowerlevel,G-02,B,IT,F,Father,0,8,11,70,Yes,Good,Above-7,L
xapi_edu_1777,train,M,Jordan,Jordan,MiddleSchool,G-08,A,Chemistry,S,Mum,81,82,69,13,Yes,Good,Above-7,M
xapi_edu_1752,train,M,KW,KuwaIT,lowerlevel,G-04,A,Arabic,S,Father,39,26,12,44,No,Bad,Above-7,L
xapi_edu_0785,train,M,Palestine,Jordan,lowerlevel,G-04,B,Science,F,Mum,95,57,74,89,Yes,Good,Above-7,M
xapi_edu_0964,test,M,Jordan,Jordan,lowerlevel,G-02,B,French,F,Mum,40,87,50,41,No,Bad,Under-7,M
xapi_edu_0802,train,M,Jordan,Jordan,lowerlevel,G-02,A,French,F,Mum,60,92,83,23,Yes,Good,Under-7,H
xapi_edu_0635,train,F,KW,KuwaIT,lowerlevel,G-02,B,IT,F,Father,100,80,2,70,No,Bad,Under-7,H
xapi_edu_1475,train,M,KW,KuwaIT,MiddleSchool,G-08,B,Arabic,S,Father,67,31,42,14,Yes,Good,Under-7,M
xapi_edu_0565,train,M,Jordan,Jordan,MiddleSchool,G-08,A,Chemistry,F,Mum,75,72,64,39,Yes,Good,Above-7,L
xapi_edu_0429,train,M,KW,KuwaIT,lowerlevel,G-02,B,French,S,Mum,30,12,29,23,No,Bad,Under-7,M
xapi_edu_0309,train,M,Jordan,Jordan,lowerlevel,G-04,B,Science,S,Father,42,34,29,39,No,Good,Above-7,M
xapi_edu_1906,train,M,KW,KuwaIT,MiddleSchool,G-07,B,Science,S,Father,22,20,18,6,No,Bad,Above-7,L
xapi_edu_1260,train,M,Jordan,Jordan,MiddleSchool,G-06,A,English,S,Father,18,28,40,20,Yes,Bad,Above-7,M
xapi_edu_1578,test,M,Palestine,Jordan,MiddleSchool,G-06,A,English,S,Mum,92,31,42,27,Yes,Good,Under-7,H
