row_id,split,code_module,code_presentation,id_student,gender,region,highest_education,imd_band,age_band,num_of_prev_attempts,studied_credits,disability,target
oulad_final_result_1682,test,BBB,2013B,514140,M,Wales,Lower Than A Level,50-60%,35-55,0,120,N,Pass
oulad_final_result_0854,valid,FFF,2013B,466582,F,North Western Region,Lower Than A Level,10-20,35-55,0,60,N,Withdrawn
oulad_final_result_1271,valid,DDD,2014J,680293,F,North Region,A Level or Equivalent,,0-35,0,60,N,Withdrawn
oulad_final_result_0986,train,FFF,2013B,473789,M,South Region,Lower Than A Level,80-90%,35-55,0,90,N,Pass
oulad_final_result_1058,train,GGG,2014B,146192,F,West Midlands Region,Lower Than A Level,20-30%,0-35,1,60,N,Fail
oulad_final_result_0106,train,GGG,2014B,606707,F,West Midlands Region,A Level or Equivalent,40-50%,0-35,0,30,N,Distinction
oulad_final_result_0371,test,GGG,2014B,2649914,F,North Western Region,A Level or Equivalent,60-70%,35-55,0,30,N,Distinction
oulad_final_result_1205,train,CCC,2014B,593305,M,Wales,A Level or Equivalent,10-20,0-35,0,60,N,Pass
oulad_final_result_0453,train,BBB,2014B,554004,M,East Midlands Region,HE Qualification,20-30%,35-55,1,120,N,Pass
oulad_final_result_0189,valid,FFF,2013B,529412,M,East Midlands Region,Lower Than A Level,80-90%,0-35,1,180,N,Fail
oulad_final_result_1571,train,DDD,2013J,2479086,F,Scotland,Lower Than A Level,20-30%,0-35,1,60,N,Fail
oulad_final_result_0534,train,DDD,2014J,508859,F,North Region,A Level or Equivalent,50-60%,0-35,0,60,N,Pass
oulad_final_result_1065,train,BBB,2013B,434646,F,London Region,HE Qualification,20-30%,0-35,1,270,N,Pass
oulad_final_result_0825,valid,FFF,2014J,258245,F,North Western Region,Lower Than A Level,0-10%,0-35,0,60,Y,Pass
oulad_final_result_1069,train,FFF,2013B,1397662,F,West Midlands Region,Lower Than A Level,30-40%,35-55,0,60,N,Fail
oulad_final_result_1415,train,DDD,2013B,546654,M,East Midlands Region,A Level or Equivalent,80-90%,0-35,0,60,Y,Withdrawn
oulad_final_result_0799,test,CCC,2014B,577035,M,South Region,HE Qualification,90-100%,35-55,0,90,N,Distinction
oulad_final_result_1219,train,FFF,2013B,539219,M,London Region,A Level or Equivalent,30-40%,0-35,0,120,N,Fail
oulad_final_result_0086,test,FFF,2013J,589948,M,London Region,Lower Than A Level,20-30%,0-35,0,120,N,Pass
oulad_final_result_0766,train,BBB,2014J,510068,F,Scotland,HE Qualification,0-10%,0-35,1,120,N,Fail
oulad_final_result_0521,valid,BBB,2013J,282038,F,North Western Region,Lower Than A Level,70-80%,0-35,0,120,N,Withdrawn
oulad_final_result_0789,train,FFF,2013J,610746,M,North Region,HE Qualification,,35-55,0,60,N,Pass
oulad_final_result_1852,train,CCC,2014J,2026585,M,Ireland,HE Qualification,,35-55,0,60,N,Pass
oulad_final_result_1881,train,EEE,2014B,619887,M,East Midlands Region,Lower Than A Level,50-60%,0-35,0,180,N,Withdrawn
oulad_final_result_0509,valid,CCC,2014J,587550,M,West Midlands Region,HE Qualification,90-100%,0-35,0,60,N,Withdrawn
oulad_final_result_0219,test,FFF,2013J,313206,M,Wales,Lower Than A Level,20-30%,0-35,1,60,Y,Fail
oulad_final_result_0995,test,BBB,2014J,681752,F,Scotland,HE Qualification,50-60%,35-55,0,120,N,Fail
oulad_final_result_0528,train,FFF,2014B,533140,M,East Anglian Region,Lower Than A Level,90-100%,0-35,0,60,N,Withdrawn
oulad_final_result_1340,train,EEE,2014J,549922,M,South East Region,A Level or Equivalent,80-90%,0-35,0,120,N,Fail
oulad_final_result_1411,train,EEE,2014J,611971,M,North Western Region,A Level or Equivalent,30-40%,0-35,1,60,N,Withdrawn
oulad_final_result_1734,train,AAA,2013J,2529279,F,North Western Region,HE Qualification,60-70%,35-55,0,60,N,Pass
oulad_final_result_1028,train,CCC,2014J,612179,F,Scotland,HE Qualification,30-40%,0-35,0,60,N,Pass
oulad_final_result_0925,train,BBB,2014J,637388,F,South Region,Lower Than A Level,60-70%,0-35,0,60,N,Fail
oulad_final_result_0691,train,BBB,2013B,39655,F,Scotland,Lower Than A Level,50-60%,0-35,0,120,N,Distinction
oulad_final_result_1590,train,GGG,2014B,633464,M,South East Region,Lower Than A Level,90-100%,0-35,0,30,N,Distinction
oulad_final_result_0599,train,BBB,2013B,558092,F,Yorkshire Region,A Level or Equivalent,0-10%,0-35,0,60,Y,Fail
oulad_final_result_0933,train,AAA,2014J,2404408,F,South West Region,Lower Than A Level,40-50%,35-55,0,60,N,Fail
oulad_final_result_1796,train,DDD,2014B,625902,F,Scotland,A Level or Equivalent,60-70%,0-35,0,60,N,Withdrawn
oulad_final_result_1293,train,DDD,2013J,1766513,M,South East Region,Lower Than A Level,80-90%,35-55,1,60,N,Pass
oulad_final_result_1060,train,CCC,2014B,543417,M,East Midlands Region,A Level or Equivalent,0-10%,0-35,0,60,N,Withdrawn
oulad_final_result_0978,valid,FFF,2013J,582842,M,South West Region,A Level or Equivalent,40-50%,0-35,0,120,Y,Withdrawn
oulad_final_result_1650,valid,CCC,2014J,677323,F,Yorkshire Region,Lower Than A Level,10-20,0-35,0,60,N,Withdrawn
oulad_final_result_1765,valid,GGG,2013J,579020,F,Yorkshire Region,A Level or Equivalent,70-80%,0-35,0,30,N,Pass
oulad_final_result_1622,train,CCC,2014J,486877,M,South East Region,A Level or Equivalent,60-70%,0-35,0,30,N,Withdrawn
oulad_final_result_0659,train,FFF,2013J,424437,F,London Region,A Level or Equivalent,40-50%,0-35,0,120,N,Pass
oulad_final_result_1210,train,BBB,2013J,471434,F,London Region,A Level or Equivalent,10-20,35-55,0,60,N,Withdrawn
oulad_final_result_0571,train,GGG,2014B,621755,F,South East Region,Lower Than A Level,20-30%,0-35,0,30,Y,Pass
oulad_final_result_0164,test,BBB,2013B,502872,F,North Western Region,A Level or Equivalent,20-30%,0-35,0,180,N,Fail
oulad_final_result_0103,train,BBB,2013B,541727,F,South East Region,A Level or Equivalent,20-30%,0-35,0,60,N,Withdrawn
oulad_final_result_1903,train,DDD,2014B,522363,F,London Region,HE Qualification,20-30%,35-55,1,120,N,Withdrawn
oulad_final_result_0890,train,BBB,2014B,622766,M,Wales,Lower Than A Level,30-40%,0-35,0,120,N,Fail
oulad_final_result_1480,test,FFF,2013J,548693,M,South West Region,Lower Than A Level,50-60%,0-35,0,60,N,Withdrawn
oulad_final_result_0185,train,FFF,2013J,586477,M,London Region,A Level or Equivalent,10-20,0-35,0,120,Y,Pass
oulad_final_result_1921,valid,DDD,2013J,604072,F,South Region,A Level or Equivalent,60-70%,0-35,0,120,N,Pass
oulad_final_result_0552,train,DDD,2014J,309350,M,Yorkshire Region,Lower Than A Level,0-10%,35-55,0,120,Y,Withdrawn
oulad_final_result_0311,train,FFF,2014B,2463282,M,South West Region,Lower Than A Level,70-80%,35-55,1,240,Y,Withdrawn
oulad_final_result_1642,train,BBB,2014B,631442,M,South Region,Lower Than A Level,20-30%,0-35,0,60,Y,Fail
oulad_final_result_0015,valid,GGG,2013J,1516666,F,East Anglian Region,Lower Than A Level,20-30%,35-55,0,30,N,Fail
oulad_final_result_0965,valid,FFF,2013J,603030,M,Wales,HE Qualification,80-90%,0-35,0,60,N,Fail
oulad_final_result_0924,valid,FFF,2013J,581614,M,East Anglian Region,A Level or Equivalent,90-100%,0-35,0,120,N,Pass
oulad_final_result_1838,train,AAA,2014J,275792,F,East Anglian Region,HE Qualification,50-60%,0-35,0,60,N,Pass
oulad_final_result_1472,train,FFF,2013B,80886,M,North Western Region,Lower Than A Level,70-80%,35-55,0,60,N,Withdrawn
oulad_final_result_1828,valid,DDD,2013B,549872,M,North Western Region,Lower Than A Level,0-10%,35-55,0,60,N,Pass
oulad_final_result_0664,valid,EEE,2014B,592080,M,Scotland,Lower Than A Level,10-20,35-55,0,60,N,Withdrawn
oulad_final_result_1027,train,FFF,2014B,624499,M,Ireland,Lower Than A Level,30-40%,0-35,0,90,N,Fail
oulad_final_result_1189,train,GGG,2014J,621485,F,West Midlands Region,A Level or Equivalent,40-50%,0-35,0,30,N,Pass
oulad_final_result_0694,train,CCC,2014J,622384,M,Scotland,A Level or Equivalent,80-90%,0-35,1,90,Y,Fail
oulad_final_result_0231,train,DDD,2014J,135999,M,South East Region,A Level or Equivalent,90-100%,0-35,0,60,N,Withdrawn
oulad_final_result_0348,test,DDD,2013J,444317,F,London Region,Lower Than A Level,50-60%,35-55,0,60,N,Pass
oulad_final_result_1916,train,CCC,2014J,596860,M,North Western Region,HE Qualification,30-40%,35-55,0,90,N,Withdrawn
oulad_final_result_1557,train,BBB,2014B,630561,F,South West Region,A Level or Equivalent,90-100%,0-35,0,60,N,Pass
oulad_final_result_0894,test,BBB,2014B,629040,F,South Region,A Level or Equivalent,80-90%,0-35,0,60,N,Withdrawn
oulad_final_result_0232,train,BBB,2014J,649686,F,London Region,Lower Than A Level,0-10%,0-35,0,60,N,Withdrawn
oulad_final_result_1929,train,GGG,2013J,582709,F,East Anglian Region,Lower Than A Level,60-70%,35-55,0,30,N,Distinction
oulad_final_result_1671,valid,FFF,2013B,542987,M,South Region,Lower Than A Level,80-90%,0-35,0,120,N,Fail
oulad_final_result_1435,valid,FFF,2013J,596296,M,North Western Region,A Level or Equivalent,70-80%,0-35,0,90,Y,Fail
oulad_final_result_1647,train,AAA,2013J,603861,M,North Region,HE Qualification,,55<=,0,60,N,Withdrawn
oulad_final_result_0776,train,DDD,2014J,1774297,M,North Western Region,HE Qualification,20-30%,35-55,0,120,N,Pass
oulad_final_result_0498,train,BBB,2013J,48503,F,West Midlands Region,Lower Than A Level,10-20,0-35,0,60,N,Pass
oulad_final_result_0107,train,CCC,2014J,609235,M,Scotland,HE Qualification,30-40%,0-35,0,90,N,Distinction
oulad_final_result_0158,train,BBB,2014B,626123,F,South West Region,Lower Than A Level,50-60%,0-35,0,60,Y,Distinction
oulad_final_result_1259,valid,EEE,2014J,681001,F,Scotland,HE Qualification,40-50%,35-55,0,60,Y,Distinction
oulad_final_result_0471,train,CCC,2014J,591891,M,South East Region,A Level or Equivalent,50-60%,35-55,0,60,Y,Pass
oulad_final_result_1250,train,FFF,2014J,653372,M,North Western Region,A Level or Equivalent,10-20,0-35,0,60,N,Withdrawn
oulad_final_result_0129,train,DDD,2013B,440499,M,London Region,HE Qualification,30-40%,55<=,0,60,N,Pass
oulad_final_result_1208,train,BBB,2013B,426838,F,East Anglian Region,Lower Than A Level,10-20,0-35,0,60,N,Pass
oulad_final_result_0559,train,CCC,2014J,2613225,M,Scotland,A Level or Equivalent,80-90%,0-35,0,30,N,Withdrawn
oulad_final_result_1055,train,CCC,2014B,2488713,M,North Western Region,HE Qualification,60-70%,35-55,0,30,N,Withdrawn
oulad_final_result_1970,train,BBB,2013B,557594,F,East Midlands Region,A Level or Equivalent,80-90%,35-55,0,60,N,Pass
oulad_final_result_0720,train,CCC,2014B,635034,M,South Region,HE Qualification,90-100%,0-35,0,90,N,Withdrawn
oulad_final_result_1196,test,FFF,2014J,653773,M,London Region,A Level or Equivalent,20-30%,0-35,0,60,Y,Pass
oulad_final_result_0529,train,FFF,2013B,537394,M,Yorkshire Region,A Level or Equivalent,70-80%,0-35,0,60,N,Withdrawn
oulad_final_result_0868,test,CCC,2014J,546634,F,North Region,A Level or Equivalent,10-20,0-35,0,60,N,Withdrawn
oulad_final_result_1156,train,FFF,2014J,419081,F,North Western Region,A Level or Equivalent,0-10%,0-35,0,90,N,Fail
oulad_final_result_1015,train,EEE,2013J,501918,M,London Region,A Level or Equivalent,0-10%,0-35,0,60,N,Fail
oulad_final_result_1421,test,BBB,2013B,536270,F,Scotland,Lower Than A Level,70-80%,0-35,0,60,N,Withdrawn
oulad_final_result_0713,valid,BBB,2014J,483508,F,Ireland,Lower Than A Level,50-60%,35-55,0,60,N,Distinction
oulad_final_result_1912,train,GGG,2014B,164211,F,East Anglian Region,A Level or Equivalent,70-80%,35-55,0,30,N,Distinction
oulad_final_result_0827,test,BBB,2013B,466800,F,Scotland,Lower Than A Level,60-70%,0-35,1,60,N,Withdrawn
oulad_final_result_0387,valid,GGG,2013J,588391,F,East Midlands Region,Lower Than A Level,40-50%,35-55,0,30,N,Pass
oulad_final_result_0553,valid,FFF,2013B,502512,M,East Midlands Region,HE Qualification,10-20,0-35,1,180,N,Pass
oulad_final_result_1565,test,FFF,2013J,447374,M,South West Region,HE Qualification,50-60%,35-55,0,60,N,Withdrawn
oulad_final_result_0141,train,BBB,2014J,647126,F,North Region,Lower Than A Level,10-20,0-35,0,60,N,Withdrawn
oulad_final_result_0119,train,DDD,2014B,470555,M,South West Region,Lower Than A Level,20-30%,0-35,0,60,Y,Withdrawn
oulad_final_result_0966,train,DDD,2014J,526352,F,Wales,A Level or Equivalent,10-20,0-35,2,90,N,Pass
oulad_final_result_1950,train,DDD,2013J,570896,M,West Midlands Region,A Level or Equivalent,30-40%,0-35,0,120,N,Pass
oulad_final_result_1323,train,EEE,2013J,965763,M,North Western Region,A Level or Equivalent,50-60%,35-55,0,90,N,Pass
oulad_final_result_1218,train,BBB,2014B,607953,F,Yorkshire Region,Lower Than A Level,0-10%,35-55,0,60,N,Fail
oulad_final_result_1290,train,CCC,2014J,694361,M,Scotland,A Level or Equivalent,60-70%,0-35,0,90,N,Withdrawn
oulad_final_result_1869,test,BBB,2014J,642405,F,South West Region,A Level or Equivalent,70-80%,35-55,0,60,N,Distinction
oulad_final_result_0714,train,CCC,2014J,617341,F,South East Region,A Level or Equivalent,50-60%,0-35,0,90,N,Withdrawn
oulad_final_result_0151,valid,BBB,2014J,230383,F,Yorkshire Region,A Level or Equivalent,60-70%,0-35,0,60,N,Pass
oulad_final_result_0758,train,CCC,2014B,229499,M,East Midlands Region,A Level or Equivalent,50-60%,0-35,0,90,N,Fail
oulad_final_result_0624,train,FFF,2014J,489493,F,North Western Region,A Level or Equivalent,0-10%,0-35,0,60,N,Withdrawn
oulad_final_result_1529,test,BBB,2014B,601862,F,Wales,Lower Than A Level,60-70%,0-35,0,60,N,Pass
oulad_final_result_1476,valid,DDD,2013J,492740,F,Scotland,HE Qualification,50-60%,0-35,0,60,N,Pass
oulad_final_result_1173,train,BBB,2013B,270399,F,South West Region,Lower Than A Level,10-20,0-35,0,60,N,Fail
oulad_final_result_0780,train,GGG,2013J,601581,F,East Anglian Region,A Level or Equivalent,40-50%,35-55,0,30,N,Fail
oulad_final_result_0075,train,GGG,2014J,386180,F,East Anglian Region,Lower Than A Level,40-50%,0-35,0,30,N,Pass
oulad_final_result_1857,train,GGG,2014J,648528,M,North Western Region,A Level or Equivalent,0-10%,0-35,0,90,Y,Pass
oulad_final_result_1874,train,EEE,2014B,1828112,M,West Midlands Region,A Level or Equivalent,10-20,35-55,0,60,N,Fail
oulad_final_result_1744,train,BBB,2014B,477779,F,London Region,A Level or Equivalent,10-20,0-35,0,120,N,Fail
oulad_final_result_1605,train,DDD,2014J,645710,M,West Midlands Region,HE Qualification,40-50%,0-35,0,120,N,Withdrawn
oulad_final_result_1026,train,EEE,2014J,586474,M,East Anglian Region,A Level or Equivalent,90-100%,0-35,0,30,N,Pass
oulad_final_result_1637,train,DDD,2014B,588182,M,South Region,Lower Than A Level,40-50%,0-35,0,60,N,Fail
oulad_final_result_1236,test,EEE,2013J,40508,M,West Midlands Region,A Level or Equivalent,40-50%,35-55,0,90,N,Withdrawn
oulad_final_result_0740,train,BBB,2013J,597255,F,East Midlands Region,A Level or Equivalent,20-30%,0-35,0,60,Y,Withdrawn
oulad_final_result_1326,valid,FFF,2013J,598761,F,South Region,A Level or Equivalent,70-80%,0-35,0,120,N,Distinction
oulad_final_result_0126,train,DDD,2013J,589875,M,South Region,Lower Than A Level,80-90%,0-35,0,60,N,Pass
oulad_final_result_0469,valid,DDD,2014B,583348,M,West Midlands Region,A Level or Equivalent,10-20,35-55,0,120,N,Withdrawn
oulad_final_result_0096,train,BBB,2014J,593583,M,Wales,Lower Than A Level,90-100%,35-55,0,120,N,Withdrawn
oulad_final_result_1703,valid,DDD,2014B,539451,M,London Region,Lower Than A Level,10-20,55<=,0,60,N,Pass
oulad_final_result_0479,train,CCC,2014B,2146277,F,East Anglian Region,A Level or Equivalent,80-90%,35-55,0,90,N,Pass
oulad_final_result_0021,valid,DDD,2013J,390690,F,Scotland,Lower Than A Level,0-10%,0-35,0,60,N,Pass
oulad_final_result_0065,test,CCC,2014B,524295,F,West Midlands Region,A Level or Equivalent,40-50%,0-35,0,60,N,Pass
oulad_final_result_1215,train,FFF,2013B,360726,M,Scotland,A Level or Equivalent,20-30%,0-35,0,60,N,Pass
oulad_final_result_0530,valid,BBB,2014J,689147,F,Ireland,A Level or Equivalent,30-40%,0-35,0,60,N,Pass
oulad_final_result_1770,train,CCC,2014J,291156,F,London Region,A Level or Equivalent,70-80%,0-35,0,90,N,Withdrawn
oulad_final_result_0980,train,BBB,2013B,554795,F,South West Region,A Level or Equivalent,0-10%,35-55,0,60,N,Distinction
oulad_final_result_0764,train,FFF,2013J,594814,M,Yorkshire Region,A Level or Equivalent,50-60%,0-35,0,60,N,Pass
oulad_final_result_0188,train,FFF,2013J,2170320,M,North Western Region,Lower Than A Level,50-60%,0-35,0,60,N,Fail
oulad_final_result_1463,train,DDD,2013B,556713,M,London Region,Lower Than A Level,20-30%,0-35,0,120,N,Withdrawn
oulad_final_result_0804,train,DDD,2013J,442589,F,London Region,Lower Than A Level,30-40%,0-35,0,90,N,Pass
oulad_final_result_1067,valid,DDD,2013J,601263,M,East Anglian Region,Lower Than A Level,40-50%,0-35,0,60,N,Pass
oulad_final_result_0435,valid,FFF,2013B,302924,F,London Region,HE Qualification,10-20,0-35,0,60,N,Pass
oulad_final_result_0440,train,FFF,2013B,428932,F,South West Region,A Level or Equivalent,30-40%,0-35,0,120,Y,Distinction
oulad_final_result_0007,valid,CCC,2014J,630467,M,London Region,HE Qualification,60-70%,35-55,0,60,N,Distinction
oulad_final_result_1758,train,DDD,2014B,2210989,M,London Region,A Level or Equivalent,70-80%,0-35,0,60,N,Distinction
oulad_final_result_1413,valid,EEE,2014J,581238,M,Yorkshire Region,Lower Than A Level,70-80%,35-55,0,60,N,Pass
oulad_final_result_1109,train,DDD,2014B,2636552,F,South East Region,Lower Than A Level,80-90%,0-35,0,90,Y,Withdrawn
oulad_final_result_0828,train,DDD,2014J,2031234,M,South Region,HE Qualification,50-60%,35-55,2,60,N,Withdrawn
oulad_final_result_1564,valid,CCC,2014B,509029,F,North Region,A Level or Equivalent,0-10%,0-35,0,60,N,Pass
oulad_final_result_1048,train,FFF,2014J,643653,F,South Region,A Level or Equivalent,50-60%,0-35,0,60,Y,Pass
oulad_final_result_0310,train,DDD,2013J,548027,F,North Western Region,A Level or Equivalent,0-10%,0-35,0,60,N,Pass
oulad_final_result_1232,valid,FFF,2014J,1514245,M,East Midlands Region,Lower Than A Level,0-10%,35-55,1,90,N,Withdrawn
oulad_final_result_0217,valid,FFF,2013B,553727,M,East Midlands Region,Lower Than A Level,50-60%,0-35,0,90,N,Fail
oulad_final_result_1020,valid,EEE,2013J,584553,M,North Western Region,A Level or Equivalent,50-60%,0-35,0,30,N,Pass
oulad_final_result_0765,valid,DDD,2014J,350361,F,North Western Region,Lower Than A Level,80-90%,0-35,0,150,N,Withdrawn
oulad_final_result_0958,train,FFF,2013J,565608,F,North Western Region,Lower Than A Level,0-10%,35-55,0,60,N,Withdrawn
oulad_final_result_0268,valid,CCC,2014B,59541,M,East Anglian Region,A Level or Equivalent,40-50%,0-35,0,30,Y,Withdrawn
oulad_final_result_0261,train,FFF,2013B,465312,F,North Region,A Level or Equivalent,,0-35,1,120,N,Pass
oulad_final_result_1422,train,BBB,2013B,549261,F,East Anglian Region,HE Qualification,40-50%,35-55,0,60,N,Pass
oulad_final_result_1908,train,EEE,2014J,567681,M,Wales,Lower Than A Level,60-70%,0-35,0,90,N,Withdrawn
oulad_final_result_0410,train,DDD,2014B,327449,M,Wales,Lower Than A Level,50-60%,0-35,0,90,N,Fail
oulad_final_result_0626,train,BBB,2013B,478317,F,Scotland,Lower Than A Level,0-10%,0-35,1,120,N,Withdrawn
oulad_final_result_1888,train,CCC,2014J,1301103,M,East Midlands Region,A Level or Equivalent,60-70%,35-55,0,240,N,Pass
oulad_final_result_1581,train,CCC,2014B,338604,M,Scotland,A Level or Equivalent,80-90%,0-35,0,210,N,Pass
oulad_final_result_0034,test,BBB,2014B,626046,F,Yorkshire Region,Lower Than A Level,10-20,35-55,0,60,N,Distinction
oulad_final_result_0517,train,EEE,2014B,635041,M,East Midlands Region,A Level or Equivalent,50-60%,35-55,0,60,N,Pass
oulad_final_result_0345,train,BBB,2013J,613200,F,Ireland,Lower Than A Level,30-40%,0-35,0,60,N,Pass
oulad_final_result_0843,train,DDD,2014J,647920,M,South East Region,HE Qualification,80-90%,35-55,0,60,N,Withdrawn
oulad_final_result_1745,valid,DDD,2013J,547378,M,Wales,A Level or Equivalent,0-10%,0-35,1,120,N,Withdrawn
oulad_final_result_0821,valid,GGG,2014B,608907,F,South Region,Lower Than A Level,30-40%,35-55,1,60,N,Pass
oulad_final_result_1154,valid,BBB,2014B,625214,F,East Midlands Region,Lower Than A Level,50-60%,0-35,0,60,N,Withdrawn
oulad_final_result_1394,train,BBB,2013B,492946,F,London Region,A Level or Equivalent,20-30%,0-35,1,120,N,Fail
oulad_final_result_0253,valid,BBB,2014B,611475,F,South East Region,Lower Than A Level,70-80%,35-55,0,60,N,Pass
oulad_final_result_1390,test,FFF,2014J,650054,F,London Region,A Level or Equivalent,20-30%,0-35,0,120,N,Withdrawn
oulad_final_result_0793,train,FFF,2013J,594547,M,South Region,A Level or Equivalent,50-60%,0-35,0,60,N,Pass
oulad_final_result_0020,valid,DDD,2013B,476637,M,North Region,HE Qualification,80-90%,35-55,1,240,N,Distinction
oulad_final_result_1076,train,FFF,2013B,422280,F,South Region,A Level or Equivalent,60-70%,35-55,0,120,N,Withdrawn
oulad_final_result_0836,test,FFF,2014J,159947,M,Wales,HE Qualification,10-20,35-55,0,120,N,Fail
oulad_final_result_1889,test,BBB,2013B,500719,M,North Region,Lower Than A Level,0-10%,0-35,0,60,N,Withdrawn
oulad_final_result_0148,valid,DDD,2013J,572688,M,London Region,A Level or Equivalent,0-10%,0-35,0,120,N,Pass
oulad_final_result_1775,test,BBB,2013J,508422,M,Ireland,Lower Than A Level,40-50%,35-55,1,60,N,Fail
oulad_final_result_1677,train,EEE,2014J,682414,M,London Region,A Level or Equivalent,20-30%,0-35,0,120,N,Withdrawn
oulad_final_result_1942,train,DDD,2013J,586536,M,London Region,A Level or Equivalent,0-10%,0-35,0,60,N,Withdrawn
oulad_final_result_1090,train,DDD,2014B,627071,M,Wales,A Level or Equivalent,20-30%,35-55,0,60,Y,Withdrawn
oulad_final_result_0818,train,FFF,2014J,636408,F,Wales,A Level or Equivalent,10-20,35-55,0,60,N,Pass
oulad_final_result_1498,train,BBB,2014B,320661,F,North Region,A Level or Equivalent,20-30%,0-35,0,180,N,Withdrawn
oulad_final_result_0909,train,AAA,2014J,1268696,M,South West Region,HE Qualification,80-90%,35-55,0,60,N,Pass
oulad_final_result_0224,train,DDD,2014J,420560,F,South West Region,A Level or Equivalent,40-50%,0-35,0,120,N,Pass
oulad_final_result_0916,train,FFF,2013B,522479,M,London Region,Lower Than A Level,20-30%,0-35,1,120,N,Fail
oulad_final_result_0782,test,CCC,2014B,570872,F,London Region,A Level or Equivalent,30-40%,0-35,0,90,Y,Pass
oulad_final_result_0931,train,BBB,2014B,571223,F,East Anglian Region,Lower Than A Level,30-40%,0-35,0,60,N,Pass
oulad_final_result_1184,train,BBB,2013J,409930,F,East Anglian Region,A Level or Equivalent,50-60%,0-35,0,120,N,Pass
oulad_final_result_1610,train,EEE,2013J,603455,M,Ireland,Lower Than A Level,30-40%,35-55,0,60,N,Pass
oulad_final_result_1832,train,CCC,2014J,594627,M,North Western Region,A Level or Equivalent,30-40%,0-35,0,120,N,Withdrawn
oulad_final_result_0643,train,GGG,2014B,627764,F,East Anglian Region,Lower Than A Level,20-30%,35-55,0,30,Y,Pass
oulad_final_result_1255,train,BBB,2013J,542562,F,South East Region,A Level or Equivalent,60-70%,0-35,1,270,Y,Withdrawn
oulad_final_result_1004,train,DDD,2014J,654341,M,South Region,Lower Than A Level,40-50%,35-55,0,120,N,Pass
oulad_final_result_0102,train,DDD,2014B,598102,M,London Region,HE Qualification,0-10%,0-35,0,60,N,Pass
oulad_final_result_1402,train,BBB,2013B,388360,F,South West Region,A Level or Equivalent,30-40%,0-35,0,60,N,Fail
oulad_final_result_1706,test,BBB,2013B,1413989,F,Scotland,HE Qualification,80-90%,35-55,2,60,N,Withdrawn
oulad_final_result_1848,train,FFF,2014J,575685,M,London Region,A Level or Equivalent,10-20,0-35,1,60,N,Fail
oulad_final_result_1280,train,CCC,2014J,196189,F,Scotland,HE Qualification,30-40%,0-35,0,60,N,Pass
oulad_final_result_0921,test,BBB,2014J,258840,F,London Region,A Level or Equivalent,30-40%,0-35,1,60,N,Pass
oulad_final_result_1424,train,BBB,2013B,368439,F,London Region,Lower Than A Level,10-20,0-35,1,60,N,Fail
oulad_final_result_1457,valid,EEE,2014J,689288,M,East Midlands Region,Lower Than A Level,10-20,0-35,0,60,N,Pass
oulad_final_result_1278,train,BBB,2014J,2426442,F,North Region,A Level or Equivalent,10-20,35-55,0,60,N,Withdrawn
oulad_final_result_1632,test,BBB,2014J,398071,F,Yorkshire Region,A Level or Equivalent,60-70%,0-35,0,60,N,Withdrawn
oulad_final_result_0536,train,CCC,2014J,694914,M,London Region,HE Qualification,10-20,35-55,0,210,N,Withdrawn
oulad_final_result_1222,train,CCC,2014J,619472,F,Yorkshire Region,A Level or Equivalent,40-50%,0-35,0,120,N,Withdrawn
oulad_final_result_0186,train,BBB,2013J,352339,F,Yorkshire Region,Lower Than A Level,0-10%,0-35,0,90,Y,Withdrawn
oulad_final_result_0640,train,DDD,2013B,375300,F,North Region,HE Qualification,0-10%,0-35,0,60,N,Distinction
oulad_final_result_1840,train,FFF,2013J,1515509,M,East Midlands Region,Lower Than A Level,60-70%,35-55,0,90,N,Pass
oulad_final_result_1813,train,FFF,2014J,1603549,M,London Region,HE Qualification,70-80%,35-55,0,60,N,Pass
oulad_final_result_1545,valid,CCC,2014J,543953,F,South East Region,Lower Than A Level,50-60%,35-55,0,90,N,Withdrawn
oulad_final_result_1470,train,DDD,2014B,623210,M,East Midlands Region,A Level or Equivalent,10-20,0-35,0,60,N,Fail
oulad_final_result_1345,train,FFF,2014J,655852,M,East Anglian Region,A Level or Equivalent,50-60%,0-35,0,60,N,Withdrawn
oulad_final_result_0324,test,CCC,2014B,630471,M,Yorkshire Region,A Level or Equivalent,40-50%,0-35,0,60,N,Fail
oulad_final_result_0481,train,FFF,2014B,278155,F,South Region,Lower Than A Level,90-100%,35-55,0,90,N,Distinction
oulad_final_result_0543,test,BBB,2013B,540614,F,East Anglian Region,A Level or Equivalent,30-40%,0-35,0,120,N,Pass
oulad_final_result_1531,train,CCC,2014B,623667,M,South East Region,A Level or Equivalent,30-40%,0-35,0,60,N,Pass
oulad_final_result_0196,test,FFF,2013B,167759,M,Yorkshire Region,A Level or Equivalent,50-60%,35-55,1,180,N,Fail
oulad_final_result_0791,train,CCC,2014J,600796,F,Ireland,Lower Than A Level,80-90%,0-35,0,60,N,Pass
oulad_final_result_0541,train,GGG,2014J,649194,M,South Region,A Level or Equivalent,70-80%,0-35,0,30,N,Distinction
oulad_final_result_0824,test,FFF,2014J,294929,M,North Western Region,A Level or Equivalent,50-60%,35-55,0,90,N,Pass
oulad_final_result_0711,train,FFF,2014J,230656,M,North Region,Lower Than A Level,0-10%,0-35,0,240,N,Withdrawn
oulad_final_result_1144,train,BBB,2013J,564245,F,Scotland,Post Graduate Qualification,50-60%,0-35,0,60,N,Pass
oulad_final_result_1542,train,DDD,2014J,600502,M,London Region,Lower Than A Level,70-80%,0-35,0,150,N,Fail
oulad_final_result_1406,train,BBB,2014J,2333415,F,Scotland,A Level or Equivalent,80-90%,35-55,0,120,N,Pass
oulad_final_result_1116,train,GGG,2013J,607849,F,South West Region,Lower Than A Level,90-100%,0-35,0,30,N,Distinction
oulad_final_result_0429,train,FFF,2013B,550246,M,South East Region,Lower Than A Level,80-90%,35-55,0,120,N,Withdrawn
oulad_final_result_1068,train,DDD,2013J,574873,M,North Western Region,A Level or Equivalent,30-40%,35-55,0,60,N,Pass
oulad_final_result_1365,train,BBB,2013J,577965,F,Yorkshire Region,A Level or Equivalent,40-50%,0-35,0,120,N,Withdrawn
oulad_final_result_0499,valid,DDD,2014J,654110,M,Scotland,Lower Than A Level,80-90%,35-55,0,60,N,Pass
oulad_final_result_1106,test,FFF,2013B,2436089,M,London Region,Lower Than A Level,20-30%,0-35,0,60,N,Fail
oulad_final_result_1367,train,BBB,2014B,2444501,F,East Anglian Region,A Level or Equivalent,60-70%,35-55,0,120,Y,Withdrawn
oulad_final_result_1484,train,BBB,2013B,143741,F,London Region,A Level or Equivalent,50-60%,0-35,0,120,Y,Distinction
oulad_final_result_1202,train,EEE,2014J,2258124,M,South Region,A Level or Equivalent,60-70%,0-35,0,30,N,Distinction
oulad_final_result_0437,train,GGG,2013J,551545,M,South West Region,Lower Than A Level,30-40%,0-35,0,30,N,Fail
oulad_final_result_0572,train,FFF,2014B,621909,M,East Midlands Region,A Level or Equivalent,70-80%,0-35,0,120,N,Withdrawn
oulad_final_result_0690,train,GGG,2014B,613616,M,London Region,Lower Than A Level,10-20,35-55,0,30,Y,Fail
oulad_final_result_0326,train,BBB,2013J,520002,F,East Anglian Region,Lower Than A Level,70-80%,0-35,0,120,N,Pass
oulad_final_result_0992,train,BBB,2013B,556959,F,South West Region,A Level or Equivalent,60-70%,0-35,0,60,N,Pass
oulad_final_result_0125,test,CCC,2014B,412284,M,East Midlands Region,A Level or Equivalent,80-90%,0-35,0,150,Y,Fail
oulad_final_result_1264,test,DDD,2013J,598052,M,South East Region,HE Qualification,40-50%,0-35,0,60,N,Pass
oulad_final_result_1287,test,DDD,2014J,684663,M,Scotland,Lower Than A Level,70-80%,0-35,0,120,Y,Fail
oulad_final_result_0815,valid,CCC,2014J,611255,M,Ireland,A Level or Equivalent,,35-55,0,60,N,Pass
oulad_final_result_1537,valid,CCC,2014B,205425,M,East Anglian Region,A Level or Equivalent,50-60%,0-35,0,60,N,Distinction
oulad_final_result_0601,train,FFF,2014J,685128,M,North Western Region,A Level or Equivalent,0-10%,0-35,0,120,N,Pass
oulad_final_result_0050,train,CCC,2014J,634600,M,Scotland,Lower Than A Level,0-10%,0-35,0,60,N,Fail
oulad_final_result_0270,train,DDD,2014J,689050,M,South Region,HE Qualification,80-90%,0-35,0,120,N,Pass
oulad_final_result_1057,valid,CCC,2014B,2530985,M,London Region,HE Qualification,50-60%,0-35,0,30,N,Withdrawn
oulad_final_result_1943,test,CCC,2014B,581745,M,North Region,Lower Than A Level,20-30%,0-35,0,60,N,Withdrawn
oulad_final_result_0067,valid,BBB,2014J,623376,F,South West Region,A Level or Equivalent,20-30%,0-35,0,60,N,Pass
oulad_final_result_1137,train,EEE,2013J,146125,M,Yorkshire Region,Lower Than A Level,80-90%,0-35,0,60,N,Withdrawn
oulad_final_result_0783,train,BBB,2014J,573131,F,Ireland,A Level or Equivalent,0-10%,0-35,0,60,N,Fail
oulad_final_result_1451,valid,FFF,2014J,679189,M,South East Region,A Level or Equivalent,30-40%,0-35,0,60,N,Pass
oulad_final_result_1553,train,CCC,2014J,647887,F,London Region,No Formal quals,0-10%,0-35,0,60,N,Withdrawn
oulad_final_result_1103,train,DDD,2014J,509998,F,East Midlands Region,A Level or Equivalent,20-30%,0-35,0,120,N,Withdrawn
oulad_final_result_1450,train,CCC,2014J,551158,M,Scotland,HE Qualification,40-50%,35-55,0,30,N,Withdrawn
oulad_final_result_0882,train,BBB,2014J,680732,F,North Western Region,Lower Than A Level,10-20,0-35,0,180,N,Withdrawn
oulad_final_result_0354,valid,FFF,2014B,626349,M,Scotland,A Level or Equivalent,30-40%,0-35,0,90,N,Withdrawn
oulad_final_result_0739,train,FFF,2013B,514969,M,North Region,A Level or Equivalent,10-20,0-35,1,300,N,Pass
oulad_final_result_1124,train,BBB,2014J,391937,F,South West Region,A Level or Equivalent,60-70%,35-55,0,60,N,Pass
oulad_final_result_0247,train,CCC,2014J,651187,M,London Region,A Level or Equivalent,20-30%,0-35,0,150,N,Withdrawn
oulad_final_result_0675,valid,CCC,2014B,605144,M,Scotland,HE Qualification,80-90%,0-35,0,90,N,Pass
oulad_final_result_1989,train,BBB,2013J,364871,F,South West Region,A Level or Equivalent,50-60%,0-35,0,60,N,Pass
oulad_final_result_1318,valid,FFF,2013J,591008,M,East Midlands Region,Lower Than A Level,50-60%,0-35,0,60,N,Withdrawn
oulad_final_result_1872,test,CCC,2014J,682259,M,Wales,A Level or Equivalent,20-30%,0-35,0,60,N,Fail
oulad_final_result_0023,valid,BBB,2014B,424659,F,South Region,HE Qualification,90-100%,35-55,0,60,N,Withdrawn
oulad_final_result_1248,train,CCC,2014B,383311,M,North Region,A Level or Equivalent,60-70%,0-35,0,60,N,Fail
oulad_final_result_0808,train,CCC,2014J,597052,F,East Anglian Region,A Level or Equivalent,30-40%,35-55,0,90,Y,Pass
oulad_final_result_1596,train,EEE,2014B,601386,M,South East Region,A Level or Equivalent,40-50%,0-35,0,30,N,Pass
oulad_final_result_0728,train,DDD,2013B,540758,F,South Region,Lower Than A Level,80-90%,0-35,0,90,N,Fail
oulad_final_result_1497,train,FFF,2014B,541281,F,London Region,Lower Than A Level,50-60%,35-55,0,60,N,Withdrawn
oulad_final_result_0027,train,FFF,2014B,623542,M,North Western Region,Lower Than A Level,0-10%,0-35,0,90,Y,Fail
oulad_final_result_1206,train,GGG,2014J,681532,F,East Midlands Region,Lower Than A Level,90-100%,0-35,0,90,N,Fail
oulad_final_result_1959,train,BBB,2014B,619288,F,South West Region,Lower Than A Level,20-30%,35-55,0,60,N,Pass
oulad_final_result_1991,train,DDD,2013B,445573,F,South Region,A Level or Equivalent,50-60%,0-35,0,60,Y,Fail
oulad_final_result_1330,train,AAA,2014J,2375975,F,East Anglian Region,A Level or Equivalent,60-70%,35-55,0,60,Y,Pass
oulad_final_result_0967,train,BBB,2013B,2569163,F,Yorkshire Region,HE Qualification,40-50%,35-55,0,120,N,Distinction
oulad_final_result_1167,train,AAA,2013J,572652,M,West Midlands Region,HE Qualification,70-80%,0-35,0,120,N,Pass
oulad_final_result_1335,test,DDD,2013B,541260,M,West Midlands Region,A Level or Equivalent,0-10%,0-35,0,120,N,Fail
oulad_final_result_0526,train,CCC,2014J,657048,M,Scotland,HE Qualification,0-10%,0-35,0,120,N,Withdrawn
oulad_final_result_1534,valid,FFF,2014J,648903,M,London Region,Lower Than A Level,70-80%,0-35,0,120,N,Pass
oulad_final_result_0443,valid,BBB,2014J,656129,F,South East Region,A Level or Equivalent,50-60%,0-35,0,120,N,Withdrawn
oulad_final_result_0421,train,FFF,2014B,574663,M,Yorkshire Region,Lower Than A Level,30-40%,0-35,0,240,N,Withdrawn
oulad_final_result_0262,valid,BBB,2014J,686703,F,Yorkshire Region,Lower Than A Level,0-10%,0-35,0,120,N,Withdrawn
oulad_final_result_1576,train,DDD,2013J,1592048,M,Wales,HE Qualification,30-40%,55<=,0,120,N,Withdrawn
oulad_final_result_0831,train,FFF,2014B,2523915,M,Yorkshire Region,HE Qualification,40-50%,0-35,1,120,N,Pass
oulad_final_result_0656,valid,FFF,2013B,522743,M,South West Region,Lower Than A Level,50-60%,0-35,0,60,N,Pass
oulad_final_result_1898,test,EEE,2014B,595992,M,Yorkshire Region,Lower Than A Level,40-50%,0-35,0,60,N,Pass
oulad_final_result_1756,train,BBB,2013B,2446144,F,South West Region,A Level or Equivalent,60-70%,35-55,0,60,N,Pass
oulad_final_result_0913,valid,FFF,2014J,644871,M,North Region,A Level or Equivalent,10-20,0-35,0,60,N,Withdrawn
oulad_final_result_0408,train,FFF,2013B,490195,M,Yorkshire Region,A Level or Equivalent,30-40%,0-35,0,60,N,Pass
oulad_final_result_1369,test,DDD,2014J,643230,F,Wales,A Level or Equivalent,40-50%,0-35,0,120,N,Withdrawn
oulad_final_result_1923,train,AAA,2014J,648130,M,Yorkshire Region,A Level or Equivalent,80-90%,0-35,0,240,N,Withdrawn
oulad_final_result_1743,train,AAA,2014J,294496,M,North Western Region,A Level or Equivalent,10-20,35-55,0,60,Y,Pass
oulad_final_result_0549,train,FFF,2014B,544140,M,Wales,Lower Than A Level,10-20,0-35,0,60,N,Fail
oulad_final_result_1866,train,FFF,2014J,648040,M,Scotland,Lower Than A Level,10-20,0-35,0,60,N,Pass
oulad_final_result_0888,train,CCC,2014J,621300,M,London Region,A Level or Equivalent,30-40%,0-35,1,60,N,Pass
oulad_final_result_0927,valid,FFF,2014B,101634,M,Yorkshire Region,No Formal quals,0-10%,0-35,0,90,N,Fail
oulad_final_result_1277,train,EEE,2013J,32553,M,North Western Region,A Level or Equivalent,60-70%,0-35,0,60,N,Withdrawn
oulad_final_result_1440,train,DDD,2013B,422768,F,East Midlands Region,A Level or Equivalent,60-70%,0-35,0,60,N,Pass
oulad_final_result_0292,train,AAA,2013J,365244,F,London Region,A Level or Equivalent,0-10%,0-35,0,120,N,Pass
oulad_final_result_0190,valid,BBB,2013J,603035,F,Yorkshire Region,Lower Than A Level,50-60%,35-55,0,60,N,Pass
oulad_final_result_1522,train,BBB,2013B,549204,F,Yorkshire Region,Lower Than A Level,10-20,0-35,0,60,N,Fail
oulad_final_result_1312,train,BBB,2014J,683120,F,Wales,HE Qualification,60-70%,0-35,0,60,N,Pass
oulad_final_result_1543,train,FFF,2013B,495776,M,South West Region,Lower Than A Level,10-20,0-35,1,180,N,Fail
oulad_final_result_1616,train,BBB,2014J,126800,F,East Midlands Region,A Level or Equivalent,60-70%,35-55,0,120,N,Pass
oulad_final_result_0606,train,BBB,2014B,624604,F,Scotland,A Level or Equivalent,20-30%,35-55,0,60,N,Fail
oulad_final_result_1709,train,AAA,2013J,2641155,M,East Midlands Region,Lower Than A Level,50-60%,35-55,0,60,N,Pass
oulad_final_result_0756,test,CCC,2014B,441540,M,South East Region,Lower Than A Level,80-90%,0-35,0,60,N,Withdrawn
oulad_final_result_1245,train,CCC,2014B,609450,M,Scotland,HE Qualification,40-50%,0-35,0,60,N,Withdrawn
oulad_final_result_0800,valid,GGG,2013J,2679694,F,South West Region,A Level or Equivalent,30-40%,35-55,0,30,N,Fail
oulad_final_result_0547,train,CCC,2014J,626878,M,South West Region,A Level or Equivalent,50-60%,0-35,0,60,N,Fail
oulad_final_result_1981,train,FFF,2013J,599464,M,London Region,Lower Than A Level,20-30%,0-35,0,120,N,Withdrawn
oulad_final_result_0697,train,CCC,2014B,632017,F,North Region,HE Qualification,,35-55,0,60,N,Pass
oulad_final_result_0861,train,DDD,2013J,391537,M,East Anglian Region,A Level or Equivalent,50-60%,0-35,2,60,N,Pass
oulad_final_result_1904,train,CCC,2014J,561208,M,East Anglian Region,A Level or Equivalent,60-70%,0-35,0,60,N,Pass
oulad_final_result_0257,train,DDD,2014J,486244,F,South Region,A Level or Equivalent,20-30%,0-35,1,60,Y,Withdrawn
oulad_final_result_0940,train,BBB,2013B,553520,F,East Anglian Region,A Level or Equivalent,90-100%,0-35,0,60,N,Withdrawn
oulad_final_result_0398,test,DDD,2014J,607110,M,South Region,A Level or Equivalent,70-80%,0-35,1,60,N,Fail
oulad_final_result_0312,train,BBB,2014B,627549,F,South East Region,A Level or Equivalent,60-70%,0-35,0,60,N,Distinction
oulad_final_result_0177,test,EEE,2014B,629081,M,Scotland,HE Qualification,40-50%,0-35,0,60,N,Fail
oulad_final_result_1961,train,FFF,2013J,2286574,M,Yorkshire Region,A Level or Equivalent,30-40%,35-55,0,60,N,Fail
oulad_final_result_0848,valid,DDD,2014J,468720,M,East Midlands Region,Lower Than A Level,60-70%,35-55,0,60,N,Pass
oulad_final_result_1425,train,BBB,2013B,545001,F,West Midlands Region,A Level or Equivalent,20-30%,0-35,0,60,N,Withdrawn
oulad_final_result_1295,train,CCC,2014B,622430,M,London Region,Lower Than A Level,0-10%,0-35,0,120,N,Withdrawn
oulad_final_result_0220,train,FFF,2014J,682098,M,East Anglian Region,A Level or Equivalent,70-80%,0-35,0,60,N,Withdrawn
oulad_final_result_1391,train,FFF,2014B,610272,M,North Region,Lower Than A Level,,0-35,0,60,N,Pass
oulad_final_result_0131,train,FFF,2014J,643591,M,South West Region,A Level or Equivalent,30-40%,0-35,0,60,N,Distinction
oulad_final_result_1501,train,DDD,2013J,605476,M,South Region,A Level or Equivalent,90-100%,0-35,0,120,N,Pass
oulad_final_result_1701,valid,CCC,2014J,284741,M,East Anglian Region,A Level or Equivalent,80-90%,0-35,0,120,N,Withdrawn
oulad_final_result_0018,train,BBB,2013B,508537,F,South West Region,A Level or Equivalent,10-20,0-35,0,60,N,Pass
oulad_final_result_1452,valid,FFF,2013J,576512,M,South Region,A Level or Equivalent,50-60%,0-35,0,90,N,Fail
oulad_final_result_0577,train,DDD,2013J,567417,M,South Region,Lower Than A Level,90-100%,35-55,0,60,N,Pass
oulad_final_result_0073,valid,BBB,2013J,1340766,F,South Region,A Level or Equivalent,60-70%,35-55,0,60,N,Distinction
oulad_final_result_1549,train,CCC,2014J,599452,M,North Region,HE Qualification,,0-35,1,90,N,Pass
oulad_final_result_0306,train,EEE,2013J,601157,M,West Midlands Region,Lower Than A Level,40-50%,0-35,0,60,N,Withdrawn
oulad_final_result_1044,test,BBB,2014J,654043,F,Yorkshire Region,A Level or Equivalent,50-60%,0-35,0,180,N,Pass
oulad_final_result_1675,train,DDD,2013J,2416024,M,East Anglian Region,Lower Than A Level,70-80%,35-55,0,60,N,Fail
oulad_final_result_1341,train,CCC,2014J,698359,F,Ireland,HE Qualification,,0-35,0,90,N,Pass
oulad_final_result_0968,test,FFF,2014B,626320,M,North Region,Lower Than A Level,10-20,0-35,0,60,N,Withdrawn
oulad_final_result_0513,valid,AAA,2014J,514526,M,London Region,Lower Than A Level,10-20,0-35,0,120,Y,Withdrawn
oulad_final_result_1157,train,AAA,2013J,307866,M,West Midlands Region,A Level or Equivalent,70-80%,0-35,0,60,N,Pass
oulad_final_result_0686,train,FFF,2014J,647525,M,South West Region,Lower Than A Level,90-100%,0-35,0,60,N,Withdrawn
oulad_final_result_0790,train,BBB,2013B,553716,F,West Midlands Region,A Level or Equivalent,0-10%,0-35,0,60,N,Pass
oulad_final_result_0819,train,CCC,2014B,2603195,M,South West Region,A Level or Equivalent,60-70%,0-35,0,60,N,Pass
oulad_final_result_0743,train,FFF,2013B,528662,M,East Midlands Region,Lower Than A Level,20-30%,0-35,0,60,N,Fail
oulad_final_result_1022,train,BBB,2013J,584238,F,West Midlands Region,Lower Than A Level,10-20,0-35,0,60,N,Fail
oulad_final_result_1094,test,DDD,2014B,630935,M,London Region,Lower Than A Level,60-70%,35-55,0,60,N,Pass
oulad_final_result_0361,train,FFF,2014B,626128,M,East Anglian Region,A Level or Equivalent,80-90%,0-35,0,60,N,Distinction
oulad_final_result_0228,valid,GGG,2014J,679373,F,East Midlands Region,Lower Than A Level,20-30%,0-35,0,30,Y,Withdrawn
oulad_final_result_1291,train,BBB,2014B,549087,F,Yorkshire Region,Lower Than A Level,20-30%,0-35,0,90,N,Fail
oulad_final_result_1393,train,FFF,2014J,690832,M,Scotland,A Level or Equivalent,20-30%,35-55,0,120,N,Fail
oulad_final_result_1035,train,BBB,2013J,306964,F,Scotland,Lower Than A Level,20-30%,0-35,0,60,Y,Pass
oulad_final_result_0083,train,FFF,2014J,442725,M,Wales,A Level or Equivalent,70-80%,35-55,0,120,N,Fail
oulad_final_result_1260,valid,FFF,2013B,529870,M,North Region,A Level or Equivalent,60-70%,35-55,1,120,N,Distinction
oulad_final_result_1400,train,CCC,2014B,544839,M,Wales,A Level or Equivalent,40-50%,35-55,0,60,N,Distinction
oulad_final_result_1469,train,EEE,2014J,605125,M,West Midlands Region,Lower Than A Level,80-90%,35-55,0,30,N,Pass
oulad_final_result_1175,valid,BBB,2013B,559458,F,South Region,A Level or Equivalent,70-80%,35-55,0,120,N,Pass
oulad_final_result_1645,train,EEE,2013J,434759,M,North Western Region,A Level or Equivalent,60-70%,0-35,0,40,N,Distinction
oulad_final_result_1351,train,BBB,2013B,558654,F,North Region,A Level or Equivalent,10-20,0-35,0,60,N,Withdrawn
oulad_final_result_1641,train,DDD,2014B,632469,F,South West Region,Lower Than A Level,20-30%,0-35,0,60,N,Withdrawn
oulad_final_result_1229,train,FFF,2014J,650052,F,West Midlands Region,HE Qualification,60-70%,0-35,0,120,N,Withdrawn
oulad_final_result_1518,train,BBB,2014B,578574,F,East Midlands Region,Lower Than A Level,20-30%,0-35,1,120,N,Pass
oulad_final_result_0794,test,CCC,2014B,618514,M,West Midlands Region,A Level or Equivalent,0-10%,0-35,0,60,N,Withdrawn
oulad_final_result_1388,test,BBB,2013B,512924,F,East Anglian Region,Lower Than A Level,20-30%,0-35,1,240,N,Withdrawn
oulad_final_result_1833,valid,FFF,2013B,526980,M,East Anglian Region,Lower Than A Level,50-60%,0-35,0,60,N,Fail
oulad_final_result_0099,train,BBB,2013J,556738,F,East Anglian Region,Lower Than A Level,70-80%,0-35,0,120,N,Fail
oulad_final_result_1570,train,BBB,2014B,511901,F,Yorkshire Region,A Level or Equivalent,20-30%,0-35,0,120,N,Pass
oulad_final_result_0806,test,AAA,2014J,1456619,M,South West Region,A Level or Equivalent,90-100%,35-55,1,60,N,Withdrawn
oulad_final_result_0406,valid,BBB,2013J,1866742,F,South West Region,Lower Than A Level,40-50%,0-35,0,120,N,Withdrawn
oulad_final_result_1216,train,CCC,2014J,573153,M,Yorkshire Region,Lower Than A Level,0-10%,0-35,1,120,N,Withdrawn
oulad_final_result_1008,train,FFF,2013J,364974,M,North Region,Lower Than A Level,40-50%,35-55,1,180,N,Pass
oulad_final_result_1284,train,EEE,2013J,2588201,M,South Region,Lower Than A Level,30-40%,0-35,0,60,N,Pass
oulad_final_result_1304,train,FFF,2014J,678127,F,Yorkshire Region,Lower Than A Level,0-10%,35-55,0,60,N,Withdrawn
oulad_final_result_0036,train,CCC,2014B,536261,M,West Midlands Region,A Level or Equivalent,40-50%,0-35,0,60,N,Pass
oulad_final_result_0393,train,DDD,2014J,627236,F,Yorkshire Region,A Level or Equivalent,50-60%,35-55,0,60,N,Pass
oulad_final_result_0175,test,FFF,2014B,624556,M,West Midlands Region,Lower Than A Level,80-90%,0-35,0,60,N,Fail
oulad_final_result_0923,train,EEE,2013J,417724,M,East Anglian Region,Lower Than A Level,70-80%,0-35,0,30,Y,Distinction
oulad_final_result_0132,train,DDD,2014J,647373,F,East Midlands Region,A Level or Equivalent,90-100%,0-35,0,60,N,Pass
oulad_final_result_0558,train,CCC,2014B,445917,M,North Western Region,HE Qualification,90-100%,0-35,0,90,N,Distinction
oulad_final_result_0424,valid,EEE,2014J,656929,F,London Region,A Level or Equivalent,10-20,0-35,0,210,N,Fail
oulad_final_result_1407,train,FFF,2013J,607613,M,West Midlands Region,HE Qualification,20-30%,0-35,0,120,N,Withdrawn
oulad_final_result_0355,valid,GGG,2014B,623495,F,South Region,Lower Than A Level,70-80%,0-35,0,30,N,Pass
oulad_final_result_0334,train,GGG,2014J,687028,F,Scotland,A Level or Equivalent,80-90%,35-55,0,30,N,Fail
oulad_final_result_1918,train,BBB,2013J,506185,F,London Region,Lower Than A Level,60-70%,0-35,0,60,N,Fail
oulad_final_result_0907,train,EEE,2013J,528961,F,Scotland,A Level or Equivalent,80-90%,0-35,0,30,N,Fail
oulad_final_result_1368,train,BBB,2013J,2528352,F,West Midlands Region,Lower Than A Level,10-20,0-35,2,60,N,Fail
oulad_final_result_0329,train,DDD,2014J,642139,M,London Region,Lower Than A Level,50-60%,0-35,0,60,N,Pass
oulad_final_result_1200,train,FFF,2014B,584571,F,London Region,A Level or Equivalent,20-30%,0-35,0,90,N,Fail
oulad_final_result_0742,train,BBB,2013J,542296,F,Wales,Lower Than A Level,30-40%,35-55,1,60,N,Pass
oulad_final_result_0258,train,CCC,2014B,606663,M,South West Region,A Level or Equivalent,60-70%,35-55,0,60,N,Withdrawn
oulad_final_result_0658,train,CCC,2014B,616831,M,North Western Region,Lower Than A Level,0-10%,0-35,0,60,N,Pass
oulad_final_result_0233,test,EEE,2014J,650849,F,Scotland,HE Qualification,70-80%,0-35,0,60,N,Withdrawn
oulad_final_result_1321,train,CCC,2014J,609527,M,South East Region,HE Qualification,70-80%,0-35,0,60,N,Withdrawn
oulad_final_result_1897,train,CCC,2014J,597560,M,East Midlands Region,Lower Than A Level,60-70%,35-55,1,60,N,Withdrawn
oulad_final_result_0905,train,BBB,2013J,502452,F,South West Region,A Level or Equivalent,90-100%,35-55,0,120,N,Withdrawn
oulad_final_result_0565,train,CCC,2014B,379406,F,London Region,A Level or Equivalent,40-50%,0-35,0,90,N,Withdrawn
oulad_final_result_0639,train,DDD,2014B,634596,F,East Midlands Region,A Level or Equivalent,80-90%,0-35,0,60,N,Pass
oulad_final_result_1254,train,GGG,2014J,647850,F,Yorkshire Region,Lower Than A Level,40-50%,0-35,0,30,N,Pass
oulad_final_result_1760,train,BBB,2014B,629835,M,Wales,Lower Than A Level,60-70%,0-35,0,60,N,Pass
oulad_final_result_1846,train,CCC,2014B,581328,M,London Region,Lower Than A Level,10-20,0-35,0,90,N,Withdrawn
oulad_final_result_0368,train,FFF,2014J,125063,M,London Region,Lower Than A Level,60-70%,35-55,0,60,N,Fail
oulad_final_result_1996,train,GGG,2014J,682123,F,South West Region,A Level or Equivalent,50-60%,0-35,0,30,N,Distinction
oulad_final_result_1539,train,CCC,2014B,441606,M,East Midlands Region,Lower Than A Level,10-20,0-35,0,180,N,Withdrawn
oulad_final_result_1777,test,BBB,2013J,595103,F,Scotland,Lower Than A Level,10-20,35-55,0,60,N,Pass
oulad_final_result_0230,valid,FFF,2013J,601783,F,Scotland,HE Qualification,60-70%,0-35,0,60,N,Withdrawn
oulad_final_result_0695,train,DDD,2014B,88490,M,Scotland,Post Graduate Qualification,90-100%,35-55,0,60,N,Distinction
oulad_final_result_1511,valid,FFF,2013J,518937,M,East Midlands Region,Lower Than A Level,90-100%,0-35,0,60,N,Pass
oulad_final_result_0736,test,CCC,2014J,584711,M,London Region,HE Qualification,10-20,35-55,0,60,N,Withdrawn
oulad_final_result_0394,train,BBB,2014B,630920,F,Scotland,Lower Than A Level,70-80%,0-35,0,60,N,Withdrawn
oulad_final_result_1070,train,CCC,2014J,689190,F,South East Region,A Level or Equivalent,10-20,0-35,0,90,N,Pass
oulad_final_result_1710,train,CCC,2014J,631491,M,London Region,Post Graduate Qualification,20-30%,35-55,0,90,N,Distinction
oulad_final_result_1354,train,AAA,2013J,1620151,M,South Region,HE Qualification,90-100%,35-55,0,60,N,Fail
oulad_final_result_1895,train,BBB,2013B,532500,F,West Midlands Region,A Level or Equivalent,0-10%,0-35,0,60,N,Fail
oulad_final_result_0993,train,BBB,2013J,542574,F,East Midlands Region,Lower Than A Level,10-20,0-35,0,60,N,Distinction
oulad_final_result_1334,test,DDD,2014B,407115,M,South Region,A Level or Equivalent,50-60%,0-35,3,120,N,Fail
oulad_final_result_0564,train,BBB,2013J,599475,F,Wales,HE Qualification,80-90%,0-35,0,60,N,Withdrawn
oulad_final_result_1842,train,DDD,2014B,543789,F,Yorkshire Region,A Level or Equivalent,50-60%,0-35,0,60,N,Distinction
oulad_final_result_1780,train,DDD,2014J,652531,F,Scotland,A Level or Equivalent,80-90%,0-35,0,150,Y,Withdrawn
oulad_final_result_1409,train,DDD,2014J,447644,F,South West Region,A Level or Equivalent,80-90%,0-35,0,90,Y,Pass
oulad_final_result_1386,test,CCC,2014B,234068,M,East Anglian Region,Lower Than A Level,80-90%,35-55,0,90,N,Fail
oulad_final_result_1427,train,FFF,2014J,622934,M,Wales,Lower Than A Level,70-80%,35-55,0,60,N,Pass
oulad_final_result_1485,train,BBB,2014J,648262,F,East Anglian Region,Lower Than A Level,50-60%,0-35,0,60,N,Pass
oulad_final_result_0317,train,BBB,2014B,381917,F,East Anglian Region,A Level or Equivalent,10-20,0-35,0,60,N,Distinction
oulad_final_result_0670,train,FFF,2014B,544593,M,Ireland,A Level or Equivalent,10-20,35-55,0,120,N,Fail
oulad_final_result_0199,valid,DDD,2014B,623932,M,Yorkshire Region,A Level or Equivalent,20-30%,0-35,0,60,N,Fail
oulad_final_result_0276,train,FFF,2014B,634946,M,London Region,A Level or Equivalent,30-40%,0-35,0,60,N,Withdrawn
oulad_final_result_0750,test,FFF,2013J,530159,M,East Anglian Region,A Level or Equivalent,10-20,0-35,1,60,N,Pass
oulad_final_result_0194,train,DDD,2013J,361243,F,South Region,Lower Than A Level,70-80%,0-35,0,90,N,Pass
oulad_final_result_0202,train,CCC,2014B,45664,M,Yorkshire Region,HE Qualification,60-70%,0-35,0,60,N,Withdrawn
oulad_final_result_1487,train,FFF,2014B,2674773,M,East Anglian Region,HE Qualification,60-70%,35-55,0,90,N,Pass
oulad_final_result_0234,train,CCC,2014J,437482,M,East Anglian Region,A Level or Equivalent,90-100%,0-35,0,60,N,Pass
oulad_final_result_0307,train,BBB,2013B,549873,F,North Western Region,A Level or Equivalent,50-60%,0-35,0,60,N,Withdrawn
oulad_final_result_0427,train,BBB,2014J,612135,F,South Region,A Level or Equivalent,90-100%,0-35,0,60,N,Distinction
oulad_final_result_0206,train,CCC,2014B,509183,F,East Midlands Region,Lower Than A Level,70-80%,35-55,0,120,N,Distinction
oulad_final_result_1856,valid,CCC,2014B,631772,M,Scotland,Lower Than A Level,90-100%,35-55,0,30,N,Pass
oulad_final_result_1816,train,FFF,2014J,554525,M,South West Region,A Level or Equivalent,90-100%,35-55,0,60,N,Pass
oulad_final_result_1170,valid,GGG,2013J,611177,F,South Region,Lower Than A Level,10-20,0-35,0,30,N,Pass
oulad_final_result_0988,train,EEE,2013J,1993955,M,Ireland,HE Qualification,,35-55,0,60,N,Pass
oulad_final_result_0822,train,DDD,2013J,491688,M,South East Region,Lower Than A Level,30-40%,0-35,1,210,Y,Withdrawn
oulad_final_result_0417,valid,FFF,2013J,550359,M,Yorkshire Region,A Level or Equivalent,30-40%,0-35,0,120,N,Withdrawn
oulad_final_result_0336,train,AAA,2013J,134143,F,South East Region,A Level or Equivalent,90-100%,35-55,0,60,N,Distinction
oulad_final_result_0506,train,CCC,2014B,618002,F,Scotland,HE Qualification,50-60%,0-35,0,60,N,Fail
oulad_final_result_1811,train,EEE,2013J,600335,M,Yorkshire Region,A Level or Equivalent,20-30%,0-35,0,60,N,Pass
oulad_final_result_1973,train,FFF,2014J,647496,M,South West Region,A Level or Equivalent,20-30%,0-35,0,60,N,Pass
oulad_final_result_0074,train,BBB,2013J,286402,F,Yorkshire Region,A Level or Equivalent,70-80%,35-55,0,60,N,Distinction
oulad_final_result_0049,train,FFF,2013B,531077,M,East Midlands Region,A Level or Equivalent,10-20,0-35,0,60,N,Distinction
oulad_final_result_0298,test,AAA,2013J,2518069,M,East Midlands Region,A Level or Equivalent,90-100%,0-35,0,60,N,Pass
oulad_final_result_0515,train,BBB,2014B,635764,M,Wales,No Formal quals,10-20,0-35,0,60,N,Pass
oulad_final_result_1477,train,FFF,2013B,542003,M,Ireland,Lower Than A Level,30-40%,0-35,0,60,N,Pass
oulad_final_result_0201,train,FFF,2014J,678005,M,West Midlands Region,A Level or Equivalent,30-40%,0-35,0,60,N,Withdrawn
oulad_final_result_0982,train,FFF,2014B,614083,M,North Western Region,Lower Than A Level,0-10%,0-35,0,60,Y,Fail
oulad_final_result_1627,train,FFF,2014B,623138,M,Wales,Lower Than A Level,60-70%,0-35,0,60,N,Fail
oulad_final_result_1449,train,GGG,2014B,612903,F,South West Region,A Level or Equivalent,80-90%,0-35,0,30,N,Pass
oulad_final_result_0956,train,FFF,2013J,581532,M,South Region,Lower Than A Level,40-50%,0-35,0,120,N,Pass
oulad_final_result_1145,test,EEE,2013J,582514,M,West Midlands Region,A Level or Equivalent,60-70%,35-55,0,60,N,Pass
oulad_final_result_0496,train,FFF,2014J,650048,M,South Region,Lower Than A Level,80-90%,0-35,0,120,N,Fail
oulad_final_result_0095,train,FFF,2014J,699126,M,South Region,Lower Than A Level,40-50%,0-35,0,90,N,Pass
oulad_final_result_1717,train,BBB,2013J,611688,F,Ireland,Lower Than A Level,60-70%,0-35,0,60,N,Pass
oulad_final_result_1253,train,FFF,2013J,588360,M,East Midlands Region,A Level or Equivalent,50-60%,0-35,0,120,N,Withdrawn
oulad_final_result_1579,train,DDD,2014J,630900,M,East Anglian Region,A Level or Equivalent,70-80%,35-55,0,60,N,Pass
oulad_final_result_0337,train,CCC,2014J,647479,F,North Western Region,A Level or Equivalent,30-40%,35-55,0,60,N,Fail
oulad_final_result_0872,train,FFF,2014J,569034,F,North Western Region,Lower Than A Level,80-90%,35-55,0,60,N,Pass
oulad_final_result_0033,valid,FFF,2013B,543019,M,Ireland,A Level or Equivalent,,35-55,0,60,N,Pass
oulad_final_result_0959,train,BBB,2013B,2019837,F,North Western Region,A Level or Equivalent,20-30%,35-55,0,60,N,Withdrawn
oulad_final_result_0567,valid,BBB,2013B,555837,F,West Midlands Region,A Level or Equivalent,50-60%,35-55,0,60,N,Withdrawn
oulad_final_result_1378,train,FFF,2014J,632290,M,North Region,A Level or Equivalent,0-10%,0-35,1,60,N,Pass
oulad_final_result_1151,train,FFF,2013B,2140087,F,South Region,A Level or Equivalent,40-50%,35-55,0,90,N,Pass
oulad_final_result_0088,train,FFF,2014J,679384,M,North Western Region,HE Qualification,0-10%,35-55,0,60,N,Pass
oulad_final_result_1430,test,FFF,2014J,232173,M,North Western Region,Lower Than A Level,30-40%,0-35,0,60,N,Pass
oulad_final_result_1548,test,DDD,2014B,629452,M,South Region,HE Qualification,70-80%,35-55,0,60,N,Distinction
oulad_final_result_1097,test,BBB,2013J,542707,F,North Western Region,A Level or Equivalent,30-40%,0-35,0,60,N,Fail
oulad_final_result_1356,test,BBB,2013B,2572118,F,London Region,Lower Than A Level,0-10%,0-35,0,150,N,Fail
oulad_final_result_0363,valid,BBB,2013J,562270,M,North Western Region,A Level or Equivalent,10-20,35-55,0,120,N,Pass
oulad_final_result_1954,train,BBB,2014B,632869,F,South East Region,A Level or Equivalent,40-50%,0-35,0,60,N,Fail
oulad_final_result_1732,train,AAA,2013J,312782,M,South Region,A Level or Equivalent,90-100%,0-35,0,60,N,Pass
oulad_final_result_0502,train,CCC,2014B,616439,M,East Anglian Region,A Level or Equivalent,50-60%,0-35,0,60,N,Withdrawn
oulad_final_result_1979,test,CCC,2014B,2621379,F,Ireland,A Level or Equivalent,30-40%,0-35,0,90,N,Withdrawn
oulad_final_result_0058,train,FFF,2013B,384866,F,London Region,Lower Than A Level,70-80%,0-35,0,60,N,Pass
oulad_final_result_0858,train,BBB,2014J,365111,F,Scotland,HE Qualification,30-40%,0-35,2,120,Y,Fail
oulad_final_result_1523,valid,FFF,2014B,631925,M,North Region,Lower Than A Level,,0-35,0,90,N,Withdrawn
oulad_final_result_0812,train,CCC,2014B,509102,M,South East Region,A Level or Equivalent,70-80%,0-35,0,150,N,Pass
oulad_final_result_1038,train,DDD,2013J,548173,F,East Anglian Region,Lower Than A Level,80-90%,0-35,1,60,N,Fail
oulad_final_result_1693,train,CCC,2014J,603979,F,Scotland,HE Qualification,40-50%,35-55,0,90,N,Withdrawn
oulad_final_result_1567,test,FFF,2014J,676459,M,Scotland,Lower Than A Level,30-40%,0-35,0,60,N,Pass
oulad_final_result_1387,train,BBB,2013J,567033,F,London Region,A Level or Equivalent,40-50%,0-35,0,120,Y,Distinction
oulad_final_result_0990,valid,DDD,2013B,543510,F,North Western Region,A Level or Equivalent,0-10%,0-35,0,75,N,Pass
oulad_final_result_0594,train,DDD,2014J,1459010,M,North Region,Lower Than A Level,10-20,35-55,0,180,N,Withdrawn
oulad_final_result_1925,valid,DDD,2013J,589007,F,Yorkshire Region,A Level or Equivalent,20-30%,0-35,0,60,N,Withdrawn
oulad_final_result_1792,train,DDD,2013J,599711,M,West Midlands Region,Lower Than A Level,70-80%,0-35,0,60,N,Withdrawn
oulad_final_result_0254,train,BBB,2014B,190352,F,North Region,No Formal quals,10-20,0-35,0,60,N,Fail
oulad_final_result_1696,train,CCC,2014J,531674,F,West Midlands Region,Lower Than A Level,60-70%,0-35,0,60,N,Withdrawn
oulad_final_result_1499,valid,DDD,2014B,335471,F,South East Region,HE Qualification,40-50%,35-55,0,60,N,Withdrawn
oulad_final_result_0678,train,CCC,2014B,2613331,M,East Midlands Region,Lower Than A Level,50-60%,0-35,0,30,Y,Pass
oulad_final_result_0889,train,DDD,2014B,562112,F,East Midlands Region,A Level or Equivalent,80-90%,0-35,0,120,N,Distinction
oulad_final_result_1207,test,FFF,2013J,575039,M,West Midlands Region,A Level or Equivalent,70-80%,35-55,0,60,N,Pass
oulad_final_result_0040,train,FFF,2014J,695964,M,East Anglian Region,Lower Than A Level,40-50%,0-35,0,120,N,Withdrawn
oulad_final_result_0875,valid,DDD,2013J,139843,M,North Western Region,HE Qualification,0-10%,0-35,2,60,N,Fail
oulad_final_result_0458,test,CCC,2014J,253496,M,Wales,Lower Than A Level,0-10%,0-35,0,60,N,Withdrawn
oulad_final_result_1566,train,FFF,2013J,554257,F,Scotland,HE Qualification,90-100%,0-35,0,150,N,Pass
oulad_final_result_1978,train,FFF,2013J,603873,M,West Midlands Region,Lower Than A Level,10-20,35-55,0,120,N,Withdrawn
oulad_final_result_1468,train,FFF,2013B,558851,M,Yorkshire Region,Lower Than A Level,0-10%,0-35,0,60,N,Pass
oulad_final_result_0293,train,BBB,2014J,165498,F,East Anglian Region,Lower Than A Level,80-90%,35-55,0,270,Y,Withdrawn
oulad_final_result_1037,test,AAA,2014J,406671,M,South West Region,A Level or Equivalent,80-90%,35-55,0,60,N,Pass
oulad_final_result_0621,train,BBB,2013J,440765,F,North Western Region,Lower Than A Level,20-30%,0-35,2,60,N,Fail
oulad_final_result_1512,train,CCC,2014B,618129,M,South Region,Lower Than A Level,50-60%,0-35,0,30,N,Pass
oulad_final_result_1464,test,FFF,2014J,648564,M,South Region,A Level or Equivalent,40-50%,0-35,0,120,N,Pass
oulad_final_result_1032,train,BBB,2014J,638417,F,South West Region,A Level or Equivalent,30-40%,0-35,0,120,N,Withdrawn
oulad_final_result_0866,valid,FFF,2014B,626198,F,North Western Region,A Level or Equivalent,40-50%,0-35,0,120,Y,Pass
oulad_final_result_1674,train,EEE,2013J,588402,M,Wales,Lower Than A Level,60-70%,35-55,0,60,N,Pass
oulad_final_result_1495,train,CCC,2014B,51576,F,London Region,Lower Than A Level,10-20,0-35,0,90,N,Withdrawn
oulad_final_result_1262,train,CCC,2014J,520750,M,Wales,HE Qualification,40-50%,0-35,0,90,N,Fail
oulad_final_result_1769,valid,DDD,2014J,690783,M,Scotland,Lower Than A Level,70-80%,0-35,0,120,N,Fail
oulad_final_result_1718,train,BBB,2013J,2584834,F,East Anglian Region,Lower Than A Level,50-60%,35-55,1,60,Y,Pass
oulad_final_result_0915,train,FFF,2013B,548043,M,West Midlands Region,Lower Than A Level,10-20,0-35,0,60,Y,Withdrawn
oulad_final_result_1962,train,CCC,2014B,603222,M,West Midlands Region,Lower Than A Level,60-70%,0-35,0,60,N,Fail
oulad_final_result_1010,train,DDD,2014B,517864,M,West Midlands Region,A Level or Equivalent,20-30%,0-35,1,120,N,Pass
oulad_final_result_0584,test,CCC,2014J,570757,M,Ireland,Post Graduate Qualification,,0-35,0,30,N,Pass
oulad_final_result_0028,test,FFF,2013J,572505,M,North Western Region,Lower Than A Level,60-70%,0-35,0,60,N,Pass
oulad_final_result_1043,train,DDD,2014J,681125,M,South West Region,Lower Than A Level,50-60%,0-35,0,60,N,Withdrawn
oulad_final_result_1800,train,DDD,2014J,231697,M,North Western Region,Lower Than A Level,80-90%,0-35,0,60,N,Withdrawn
oulad_final_result_1972,test,BBB,2013B,273731,F,South East Region,A Level or Equivalent,40-50%,0-35,0,60,N,Pass
oulad_final_result_1910,train,GGG,2014B,615001,F,Yorkshire Region,Lower Than A Level,0-10%,0-35,0,30,N,Distinction
oulad_final_result_1861,train,GGG,2014B,633285,F,East Midlands Region,A Level or Equivalent,80-90%,0-35,0,90,Y,Fail
oulad_final_result_0464,valid,CCC,2014J,199361,M,North Western Region,Lower Than A Level,40-50%,0-35,0,60,N,Fail
oulad_final_result_0886,train,FFF,2014J,696583,M,South East Region,A Level or Equivalent,60-70%,0-35,0,60,Y,Fail
oulad_final_result_0856,valid,CCC,2014J,1332356,M,East Midlands Region,HE Qualification,70-80%,35-55,0,30,N,Pass
oulad_final_result_1708,train,FFF,2014B,608891,M,London Region,Lower Than A Level,60-70%,0-35,0,60,N,Distinction
oulad_final_result_0022,train,DDD,2013J,2366701,F,South West Region,HE Qualification,40-50%,35-55,1,190,Y,Withdrawn
oulad_final_result_1837,valid,GGG,2013J,578666,F,West Midlands Region,A Level or Equivalent,20-30%,35-55,0,30,N,Fail
oulad_final_result_1568,train,DDD,2014J,169894,M,South West Region,HE Qualification,20-30%,0-35,3,60,N,Pass
oulad_final_result_0169,train,GGG,2014J,691281,F,London Region,A Level or Equivalent,70-80%,35-55,0,30,N,Fail
oulad_final_result_1331,train,BBB,2014J,677338,F,East Midlands Region,A Level or Equivalent,50-60%,0-35,0,120,Y,Withdrawn
oulad_final_result_0914,valid,GGG,2014J,690471,F,London Region,Lower Than A Level,10-20,35-55,0,30,N,Fail
oulad_final_result_1079,train,FFF,2014B,543686,M,East Midlands Region,A Level or Equivalent,0-10%,0-35,0,60,Y,Pass
oulad_final_result_1307,train,FFF,2014J,289179,M,East Midlands Region,A Level or Equivalent,20-30%,0-35,0,60,N,Withdrawn
oulad_final_result_0928,train,BBB,2014J,598317,F,East Midlands Region,A Level or Equivalent,40-50%,35-55,0,120,N,Withdrawn
oulad_final_result_0008,train,BBB,2014J,699651,F,Yorkshire Region,HE Qualification,60-70%,0-35,0,120,N,Distinction
oulad_final_result_1629,valid,FFF,2013J,320437,M,Wales,A Level or Equivalent,20-30%,0-35,0,90,N,Pass
oulad_final_result_1225,test,CCC,2014J,529723,M,South West Region,A Level or Equivalent,40-50%,0-35,0,90,N,Withdrawn
oulad_final_result_0173,train,DDD,2014B,620793,F,East Anglian Region,A Level or Equivalent,30-40%,0-35,0,60,N,Withdrawn
oulad_final_result_1442,train,EEE,2014J,656825,F,East Anglian Region,A Level or Equivalent,80-90%,0-35,0,120,N,Withdrawn
oulad_final_result_1377,valid,BBB,2014J,632144,F,West Midlands Region,HE Qualification,10-20,35-55,1,60,N,Withdrawn
oulad_final_result_1503,test,GGG,2013J,593540,F,London Region,Lower Than A Level,40-50%,35-55,0,30,N,Pass
oulad_final_result_1281,train,EEE,2014B,2188680,M,South West Region,Lower Than A Level,50-60%,0-35,0,60,N,Withdrawn
oulad_final_result_0225,valid,FFF,2014B,368675,M,South Region,Lower Than A Level,70-80%,35-55,0,60,N,Pass
oulad_final_result_1982,valid,BBB,2014B,630028,F,London Region,A Level or Equivalent,10-20,35-55,0,120,N,Pass
oulad_final_result_0272,train,BBB,2013B,94616,F,South Region,Lower Than A Level,80-90%,0-35,1,60,N,Fail
oulad_final_result_0864,train,DDD,2014J,585998,F,Wales,Lower Than A Level,40-50%,0-35,1,60,N,Fail
oulad_final_result_0987,train,DDD,2014B,2698251,F,South West Region,A Level or Equivalent,50-60%,0-35,0,60,N,Fail
oulad_final_result_1924,train,FFF,2013B,560207,M,London Region,No Formal quals,20-30%,0-35,0,60,N,Pass
oulad_final_result_0533,train,EEE,2014J,643200,M,North Western Region,Lower Than A Level,20-30%,0-35,0,90,N,Withdrawn
oulad_final_result_1652,valid,DDD,2013J,515056,M,South West Region,HE Qualification,60-70%,0-35,0,60,N,Pass
oulad_final_result_0006,train,CCC,2014B,435271,M,South Region,Lower Than A Level,40-50%,0-35,0,90,N,Withdrawn
oulad_final_result_1397,train,FFF,2013J,585128,M,Ireland,A Level or Equivalent,10-20,0-35,0,60,N,Fail
oulad_final_result_0350,train,BBB,2014B,417684,F,South East Region,A Level or Equivalent,20-30%,0-35,2,60,N,Distinction
oulad_final_result_1130,train,DDD,2014J,687975,F,East Midlands Region,A Level or Equivalent,70-80%,0-35,0,120,N,Distinction
oulad_final_result_1268,valid,DDD,2013J,544649,M,North Region,Lower Than A Level,,35-55,1,60,N,Withdrawn
oulad_final_result_0066,train,EEE,2014J,657226,M,Yorkshire Region,Lower Than A Level,70-80%,0-35,0,60,N,Pass
oulad_final_result_0338,train,EEE,2014J,270988,M,South Region,HE Qualification,60-70%,0-35,0,60,N,Pass
oulad_final_result_0680,test,AAA,2013J,1889577,F,South Region,A Level or Equivalent,70-80%,35-55,0,60,Y,Pass
oulad_final_result_1670,train,DDD,2014B,618682,F,South Region,Lower Than A Level,60-70%,0-35,0,60,Y,Withdrawn
oulad_final_result_0070,train,DDD,2013J,380239,M,North Western Region,A Level or Equivalent,20-30%,0-35,0,60,N,Pass
oulad_final_result_0445,train,BBB,2013J,540249,M,East Anglian Region,A Level or Equivalent,0-10%,35-55,0,120,N,Fail
oulad_final_result_1158,train,DDD,2013J,2613296,M,Scotland,Lower Than A Level,40-50%,0-35,1,120,N,Pass
oulad_final_result_0381,train,FFF,2013B,535628,M,Ireland,A Level or Equivalent,80-90%,0-35,0,60,N,Pass
oulad_final_result_1589,train,BBB,2014B,1626021,F,London Region,Lower Than A Level,20-30%,35-55,0,60,N,Pass
oulad_final_result_0715,valid,FFF,2014J,690382,M,Scotland,HE Qualification,10-20,0-35,0,120,N,Pass
oulad_final_result_1630,test,FFF,2013B,467506,M,South West Region,A Level or Equivalent,70-80%,35-55,0,180,N,Pass
oulad_final_result_0703,train,BBB,2013B,534343,M,North Region,A Level or Equivalent,60-70%,0-35,0,60,N,Distinction
oulad_final_result_0524,train,CCC,2014B,497047,F,South East Region,Lower Than A Level,80-90%,0-35,0,60,N,Withdrawn
oulad_final_result_0252,test,BBB,2013J,576524,F,Scotland,A Level or Equivalent,60-70%,0-35,0,60,N,Fail
oulad_final_result_0770,train,CCC,2014J,578634,M,South Region,Lower Than A Level,,0-35,0,90,N,Withdrawn
oulad_final_result_0527,train,EEE,2014B,543948,M,South West Region,Lower Than A Level,30-40%,0-35,0,60,N,Pass
oulad_final_result_0613,test,FFF,2014J,341093,M,South West Region,A Level or Equivalent,10-20,0-35,2,120,N,Fail
oulad_final_result_1275,valid,BBB,2014B,495876,F,South East Region,Lower Than A Level,90-100%,0-35,0,60,N,Fail
oulad_final_result_0655,train,DDD,2014J,681182,M,West Midlands Region,HE Qualification,10-20,0-35,0,60,N,Withdrawn
oulad_final_result_0814,valid,FFF,2014B,595428,M,North Western Region,HE Qualification,0-10%,35-55,1,150,N,Fail
oulad_final_result_0138,train,CCC,2014B,617365,M,Scotland,Lower Than A Level,20-30%,0-35,0,60,N,Pass
oulad_final_result_0823,train,FFF,2013J,596369,M,South West Region,Lower Than A Level,10-20,0-35,0,90,N,Withdrawn
oulad_final_result_1789,train,DDD,2014B,260367,M,Ireland,Lower Than A Level,70-80%,0-35,0,120,N,Withdrawn
oulad_final_result_0604,valid,BBB,2014J,2407594,F,London Region,A Level or Equivalent,50-60%,35-55,0,120,N,Pass
oulad_final_result_1238,train,EEE,2014J,411619,M,Ireland,A Level or Equivalent,60-70%,0-35,0,30,N,Pass
oulad_final_result_0960,train,DDD,2014B,607946,M,London Region,Lower Than A Level,30-40%,0-35,1,120,Y,Withdrawn
oulad_final_result_1977,train,BBB,2013J,597102,F,West Midlands Region,A Level or Equivalent,30-40%,0-35,0,60,N,Distinction
oulad_final_result_1955,train,BBB,2013B,554830,M,East Anglian Region,A Level or Equivalent,60-70%,35-55,0,120,N,Fail
oulad_final_result_1132,train,DDD,2013J,588556,M,Yorkshire Region,A Level or Equivalent,40-50%,0-35,0,60,N,Pass
oulad_final_result_0346,train,BBB,2013J,574051,F,Wales,Lower Than A Level,0-10%,35-55,0,120,N,Fail
oulad_final_result_0778,valid,FFF,2013B,559642,M,East Midlands Region,HE Qualification,30-40%,0-35,0,60,N,Pass
oulad_final_result_1653,train,BBB,2013B,524101,F,North Region,Lower Than A Level,50-60%,35-55,1,120,N,Withdrawn
oulad_final_result_1735,valid,GGG,2014B,359645,F,South East Region,Lower Than A Level,90-100%,0-35,0,30,N,Withdrawn
oulad_final_result_0209,train,FFF,2014J,649079,M,London Region,Lower Than A Level,80-90%,35-55,0,60,N,Withdrawn
oulad_final_result_0676,train,CCC,2014J,681335,M,North Western Region,Lower Than A Level,0-10%,35-55,0,120,N,Withdrawn
oulad_final_result_1755,train,DDD,2014B,619964,F,Yorkshire Region,A Level or Equivalent,20-30%,0-35,0,60,Y,Withdrawn
oulad_final_result_0463,valid,DDD,2014J,590340,F,North Region,Lower Than A Level,0-10%,0-35,0,70,N,Distinction
oulad_final_result_1624,train,FFF,2014B,470619,F,Scotland,A Level or Equivalent,30-40%,0-35,0,120,N,Pass
oulad_final_result_0682,train,CCC,2014J,683503,M,Scotland,Lower Than A Level,80-90%,0-35,0,60,N,Withdrawn
oulad_final_result_0575,train,CCC,2014J,621884,F,South Region,A Level or Equivalent,60-70%,0-35,0,90,N,Distinction
oulad_final_result_0544,train,GGG,2014J,647067,F,North Western Region,Lower Than A Level,70-80%,35-55,0,30,N,Fail
oulad_final_result_1879,train,DDD,2014J,477099,M,London Region,A Level or Equivalent,20-30%,0-35,0,180,N,Withdrawn
oulad_final_result_0221,train,BBB,2014B,615259,F,South East Region,A Level or Equivalent,30-40%,0-35,0,120,N,Pass
oulad_final_result_0031,train,EEE,2013J,561826,F,London Region,HE Qualification,0-10%,0-35,0,30,N,Pass
oulad_final_result_0054,train,DDD,2013J,308707,F,South West Region,Lower Than A Level,60-70%,0-35,1,120,N,Withdrawn
oulad_final_result_0305,train,BBB,2014J,606442,F,East Anglian Region,A Level or Equivalent,20-30%,0-35,0,60,N,Pass
oulad_final_result_0314,train,CCC,2014J,2096918,M,South West Region,A Level or Equivalent,20-30%,35-55,1,30,N,Fail
oulad_final_result_1844,test,BBB,2014J,630834,F,West Midlands Region,A Level or Equivalent,80-90%,35-55,0,120,N,Pass
oulad_final_result_0671,train,BBB,2014J,228235,F,Yorkshire Region,A Level or Equivalent,30-40%,35-55,2,60,N,Withdrawn
oulad_final_result_1782,train,BBB,2014B,632682,F,North Western Region,Lower Than A Level,0-10%,0-35,0,60,N,Fail
oulad_final_result_0919,test,EEE,2013J,396631,M,London Region,A Level or Equivalent,20-30%,0-35,0,60,N,Pass
oulad_final_result_1389,train,FFF,2013J,572179,M,Scotland,Lower Than A Level,40-50%,0-35,0,90,Y,Withdrawn
oulad_final_result_0662,train,BBB,2014B,483921,F,East Anglian Region,Lower Than A Level,60-70%,35-55,0,60,N,Fail
oulad_final_result_0851,train,FFF,2014J,611603,M,West Midlands Region,A Level or Equivalent,0-10%,0-35,0,60,N,Pass
oulad_final_result_1563,train,AAA,2013J,167906,F,Yorkshire Region,A Level or Equivalent,40-50%,35-55,0,60,N,Pass
oulad_final_result_0583,train,AAA,2013J,306107,M,West Midlands Region,A Level or Equivalent,50-60%,35-55,0,120,N,Pass
oulad_final_result_1152,train,BBB,2014B,485262,F,North Region,Lower Than A Level,30-40%,35-55,0,60,N,Pass
oulad_final_result_0631,train,GGG,2014J,686267,F,South West Region,A Level or Equivalent,30-40%,0-35,0,30,N,Pass
oulad_final_result_0378,train,CCC,2014B,623780,M,Scotland,Lower Than A Level,70-80%,0-35,0,60,N,Fail
oulad_final_result_1741,train,CCC,2014B,521297,M,South East Region,A Level or Equivalent,30-40%,0-35,0,60,Y,Pass
oulad_final_result_0880,train,FFF,2013J,606496,M,Scotland,Post Graduate Qualification,70-80%,35-55,0,90,N,Fail
oulad_final_result_1524,train,BBB,2013J,593510,F,Yorkshire Region,Lower Than A Level,60-70%,0-35,0,60,N,Pass
oulad_final_result_0734,train,CCC,2014B,620320,M,North Western Region,Lower Than A Level,20-30%,0-35,0,120,Y,Withdrawn
oulad_final_result_1244,valid,FFF,2014J,560823,M,South West Region,A Level or Equivalent,80-90%,0-35,1,120,N,Withdrawn
oulad_final_result_1322,train,DDD,2013J,511282,F,North Western Region,A Level or Equivalent,10-20,0-35,0,90,N,Pass
oulad_final_result_1074,valid,GGG,2013J,591602,F,North Western Region,Lower Than A Level,40-50%,0-35,0,30,N,Pass
oulad_final_result_0098,test,GGG,2013J,500112,F,West Midlands Region,A Level or Equivalent,60-70%,35-55,0,30,N,Pass
oulad_final_result_1274,train,BBB,2014B,623321,M,Ireland,Lower Than A Level,90-100%,0-35,0,60,N,Fail
oulad_final_result_0632,train,BBB,2013B,516456,F,South West Region,A Level or Equivalent,40-50%,0-35,0,150,N,Pass
oulad_final_result_1617,train,BBB,2013B,365707,F,South East Region,A Level or Equivalent,90-100%,0-35,0,60,N,Distinction
oulad_final_result_0908,train,CCC,2014B,2605030,M,Yorkshire Region,HE Qualification,0-10%,35-55,0,150,N,Withdrawn
oulad_final_result_1556,test,BBB,2014B,625202,F,North Western Region,Lower Than A Level,50-60%,35-55,0,60,N,Withdrawn
oulad_final_result_1791,train,DDD,2013B,131609,M,North Western Region,Lower Than A Level,40-50%,35-55,0,90,N,Withdrawn
oulad_final_result_0296,train,FFF,2014B,627307,M,South West Region,HE Qualification,80-90%,0-35,0,90,N,Pass
oulad_final_result_0891,train,FFF,2013J,508059,M,West Midlands Region,A Level or Equivalent,80-90%,0-35,1,90,N,Fail
oulad_final_result_0265,valid,DDD,2014B,440798,M,Wales,Lower Than A Level,60-70%,0-35,1,150,N,Fail
oulad_final_result_0976,valid,FFF,2014B,620081,M,East Midlands Region,A Level or Equivalent,90-100%,0-35,0,60,N,Pass
oulad_final_result_0665,train,DDD,2013B,529078,M,South Region,HE Qualification,60-70%,0-35,0,60,N,Pass
oulad_final_result_1550,train,GGG,2013J,586563,M,East Anglian Region,A Level or Equivalent,10-20,35-55,0,30,N,Fail
oulad_final_result_0867,train,BBB,2013J,610776,F,Wales,A Level or Equivalent,0-10%,0-35,0,60,N,Fail
oulad_final_result_0985,train,DDD,2014J,684868,M,East Anglian Region,A Level or Equivalent,50-60%,0-35,0,120,N,Withdrawn
oulad_final_result_0539,train,AAA,2013J,2339528,F,London Region,Lower Than A Level,40-50%,0-35,0,60,N,Distinction
oulad_final_result_1453,train,EEE,2014J,634655,M,London Region,HE Qualification,40-50%,35-55,0,60,N,Withdrawn
oulad_final_result_1462,train,DDD,2013J,579325,M,North Western Region,Lower Than A Level,0-10%,0-35,0,60,N,Pass
oulad_final_result_1134,train,EEE,2014B,626877,M,West Midlands Region,A Level or Equivalent,40-50%,0-35,0,60,N,Pass
oulad_final_result_0704,train,BBB,2014B,2022801,M,South Region,A Level or Equivalent,90-100%,35-55,1,120,N,Distinction
oulad_final_result_0143,train,DDD,2013B,2400764,F,Scotland,HE Qualification,80-90%,0-35,0,60,N,Fail
oulad_final_result_1088,train,EEE,2014B,1789319,F,South East Region,HE Qualification,50-60%,35-55,0,60,N,Pass
oulad_final_result_0555,valid,CCC,2014B,633527,M,London Region,HE Qualification,0-10%,0-35,0,30,N,Withdrawn
oulad_final_result_0170,train,BBB,2013B,370302,M,North Region,Lower Than A Level,70-80%,35-55,0,60,N,Fail
oulad_final_result_0755,valid,FFF,2014B,626473,M,London Region,A Level or Equivalent,10-20,0-35,0,60,N,Fail
oulad_final_result_0574,train,FFF,2014J,687112,M,North Western Region,Lower Than A Level,20-30%,0-35,0,120,N,Pass
oulad_final_result_0029,train,FFF,2014J,173412,M,North Region,HE Qualification,20-30%,0-35,1,60,N,Withdrawn
oulad_final_result_1899,valid,DDD,2014B,612563,M,West Midlands Region,A Level or Equivalent,50-60%,0-35,0,60,N,Fail
oulad_final_result_1854,train,BBB,2014J,698198,F,Wales,Lower Than A Level,20-30%,35-55,0,60,N,Fail
oulad_final_result_0460,train,FFF,2014J,650424,M,West Midlands Region,Lower Than A Level,0-10%,0-35,0,120,N,Pass
oulad_final_result_1339,train,CCC,2014J,675504,F,South West Region,A Level or Equivalent,40-50%,0-35,0,90,N,Distinction
oulad_final_result_0650,train,FFF,2013J,583826,M,London Region,Lower Than A Level,10-20,0-35,0,60,N,Withdrawn
oulad_final_result_0450,valid,FFF,2014J,1473878,M,Scotland,HE Qualification,30-40%,35-55,0,120,Y,Pass
oulad_final_result_1320,test,BBB,2013J,396256,F,South East Region,Lower Than A Level,30-40%,0-35,1,60,N,Withdrawn
oulad_final_result_1024,valid,FFF,2013J,602837,M,North Region,HE Qualification,,0-35,0,60,N,Pass
oulad_final_result_1884,train,BBB,2014B,387276,F,North Western Region,Lower Than A Level,50-60%,35-55,3,120,N,Withdrawn
oulad_final_result_0807,train,CCC,2014B,576191,M,Scotland,HE Qualification,10-20,0-35,0,120,N,Fail
oulad_final_result_1197,train,BBB,2014B,617560,F,South West Region,A Level or Equivalent,70-80%,0-35,0,120,N,Pass
oulad_final_result_0522,train,CCC,2014J,682717,M,Scotland,HE Qualification,20-30%,35-55,0,150,N,Fail
oulad_final_result_0455,train,CCC,2014B,556858,F,South Region,A Level or Equivalent,90-100%,35-55,0,30,N,Pass
oulad_final_result_1492,valid,BBB,2014J,690548,F,Yorkshire Region,A Level or Equivalent,20-30%,0-35,0,60,N,Fail
oulad_final_result_1273,valid,DDD,2013J,578850,M,West Midlands Region,A Level or Equivalent,10-20,0-35,0,90,N,Pass
oulad_final_result_0835,train,BBB,2013J,547266,F,Yorkshire Region,HE Qualification,10-20,35-55,0,60,N,Withdrawn
oulad_final_result_1664,train,BBB,2014J,647807,F,South West Region,Lower Than A Level,40-50%,0-35,0,60,N,Withdrawn
oulad_final_result_1690,train,AAA,2014J,185350,M,Yorkshire Region,Lower Than A Level,10-20,35-55,0,60,N,Fail
oulad_final_result_1328,train,FFF,2013B,432222,M,South East Region,A Level or Equivalent,70-80%,35-55,1,60,N,Pass
oulad_final_result_1749,train,FFF,2014J,648867,M,North Western Region,Lower Than A Level,10-20,0-35,0,60,N,Fail
oulad_final_result_1443,test,DDD,2014J,698252,M,Yorkshire Region,HE Qualification,50-60%,0-35,0,60,N,Withdrawn
oulad_final_result_0620,train,DDD,2013B,548535,F,South East Region,A Level or Equivalent,50-60%,0-35,0,60,Y,Pass
oulad_final_result_0320,test,CCC,2014J,577427,M,Scotland,A Level or Equivalent,50-60%,0-35,1,30,N,Fail
oulad_final_result_0150,train,AAA,2013J,70464,F,West Midlands Region,A Level or Equivalent,60-70%,35-55,0,60,N,Pass
oulad_final_result_1740,train,FFF,2013B,482513,F,North Western Region,Lower Than A Level,20-30%,35-55,0,60,N,Pass
oulad_final_result_1460,valid,CCC,2014B,2591014,F,Scotland,HE Qualification,10-20,0-35,0,90,N,Withdrawn
oulad_final_result_1880,train,FFF,2013J,598543,M,East Anglian Region,Lower Than A Level,90-100%,0-35,0,90,N,Pass
oulad_final_result_0582,train,BBB,2013B,529383,F,Scotland,HE Qualification,80-90%,35-55,1,150,N,Fail
oulad_final_result_0082,train,EEE,2014B,382432,M,South West Region,Lower Than A Level,0-10%,35-55,0,60,N,Withdrawn
oulad_final_result_1474,train,BBB,2014B,622505,M,Wales,HE Qualification,50-60%,35-55,0,120,N,Distinction
oulad_final_result_0710,train,BBB,2014B,291848,F,Wales,HE Qualification,30-40%,35-55,3,120,N,Fail
oulad_final_result_1159,train,BBB,2014B,567273,F,North Western Region,A Level or Equivalent,40-50%,0-35,0,60,Y,Withdrawn
oulad_final_result_1093,train,FFF,2013B,283050,M,West Midlands Region,Lower Than A Level,20-30%,0-35,1,180,N,Fail
oulad_final_result_1366,train,FFF,2013B,2068918,M,East Midlands Region,A Level or Equivalent,80-90%,0-35,0,60,N,Withdrawn
oulad_final_result_1853,valid,FFF,2014J,2293511,M,Yorkshire Region,HE Qualification,20-30%,0-35,0,60,N,Distinction
oulad_final_result_1721,train,CCC,2014B,466714,M,South West Region,A Level or Equivalent,40-50%,0-35,0,120,Y,Withdrawn
oulad_final_result_0347,test,FFF,2014B,611350,M,Wales,A Level or Equivalent,30-40%,0-35,0,120,N,Pass
oulad_final_result_0484,test,BBB,2013J,532615,F,Wales,Lower Than A Level,50-60%,35-55,0,120,N,Distinction
oulad_final_result_1886,valid,BBB,2013J,594677,F,South West Region,A Level or Equivalent,40-50%,0-35,0,60,N,Pass
oulad_final_result_0706,train,BBB,2014J,689952,M,London Region,A Level or Equivalent,10-20,0-35,0,120,N,Withdrawn
oulad_final_result_0518,train,DDD,2013J,477120,F,South East Region,HE Qualification,40-50%,0-35,0,60,N,Pass
oulad_final_result_0556,train,BBB,2014J,611268,F,North Western Region,A Level or Equivalent,20-30%,35-55,1,60,N,Distinction
oulad_final_result_1595,train,BBB,2014B,505248,F,South Region,A Level or Equivalent,50-60%,0-35,0,60,N,Withdrawn
oulad_final_result_1598,train,CCC,2014B,629773,M,South East Region,A Level or Equivalent,70-80%,0-35,0,90,Y,Withdrawn
oulad_final_result_1214,test,AAA,2014J,235507,M,Yorkshire Region,A Level or Equivalent,90-100%,0-35,1,180,N,Pass
oulad_final_result_1697,test,FFF,2014B,330669,F,Yorkshire Region,Lower Than A Level,60-70%,0-35,1,180,N,Withdrawn
oulad_final_result_1359,train,EEE,2014J,651930,M,South West Region,Lower Than A Level,60-70%,0-35,0,30,N,Distinction
oulad_final_result_1299,valid,FFF,2014J,688532,M,Yorkshire Region,Lower Than A Level,20-30%,0-35,0,60,Y,Withdrawn
oulad_final_result_0165,train,FFF,2014J,316061,M,North Western Region,Lower Than A Level,0-10%,0-35,2,60,Y,Withdrawn
oulad_final_result_0560,train,BBB,2013J,427921,F,West Midlands Region,Lower Than A Level,10-20,0-35,0,60,N,Pass
oulad_final_result_1753,valid,FFF,2014B,590548,M,South West Region,Lower Than A Level,0-10%,35-55,1,120,Y,Withdrawn
oulad_final_result_0563,train,FFF,2014J,688442,F,West Midlands Region,HE Qualification,20-30%,35-55,0,60,N,Withdrawn
oulad_final_result_0052,train,FFF,2013J,187199,M,North Region,Lower Than A Level,20-30%,0-35,0,60,N,Pass
oulad_final_result_0057,valid,FFF,2013J,530852,M,Wales,Lower Than A Level,10-20,0-35,1,60,N,Withdrawn
oulad_final_result_1913,train,BBB,2013J,578578,F,East Midlands Region,A Level or Equivalent,80-90%,35-55,0,120,N,Pass
oulad_final_result_0844,test,FFF,2013J,481092,F,East Anglian Region,A Level or Equivalent,60-70%,0-35,0,240,Y,Withdrawn
oulad_final_result_1787,train,EEE,2014J,644480,F,London Region,A Level or Equivalent,0-10%,0-35,0,120,N,Pass
oulad_final_result_1171,valid,BBB,2014J,653752,F,Wales,A Level or Equivalent,70-80%,0-35,0,60,N,Fail
oulad_final_result_0592,train,DDD,2013J,343238,F,North Western Region,Lower Than A Level,40-50%,0-35,0,120,N,Pass
oulad_final_result_0627,train,EEE,2013J,585433,M,Scotland,HE Qualification,80-90%,0-35,0,60,N,Pass
oulad_final_result_1014,train,CCC,2014J,592093,M,West Midlands Region,Lower Than A Level,20-30%,0-35,1,60,N,Pass
oulad_final_result_1931,train,BBB,2014B,621703,F,West Midlands Region,No Formal quals,10-20,0-35,0,60,N,Fail
oulad_final_result_1279,train,EEE,2014J,2631935,M,North Western Region,Lower Than A Level,10-20,0-35,0,60,N,Withdrawn
oulad_final_result_1220,test,FFF,2014J,695879,F,East Anglian Region,A Level or Equivalent,30-40%,0-35,0,120,N,Withdrawn
oulad_final_result_0622,train,DDD,2014B,617265,M,East Anglian Region,Lower Than A Level,40-50%,0-35,0,60,N,Withdrawn
oulad_final_result_1526,train,DDD,2014J,647218,M,North Western Region,Lower Than A Level,0-10%,0-35,0,60,N,Fail
oulad_final_result_1447,train,DDD,2013J,573689,M,East Midlands Region,Lower Than A Level,60-70%,0-35,0,60,N,Pass
oulad_final_result_0475,train,BBB,2014B,634606,F,North Western Region,Lower Than A Level,40-50%,0-35,0,60,N,Fail
oulad_final_result_0136,train,DDD,2014B,589569,M,East Anglian Region,Lower Than A Level,40-50%,0-35,1,120,N,Withdrawn
oulad_final_result_0432,train,BBB,2013B,2612483,F,South Region,A Level or Equivalent,90-100%,0-35,0,60,N,Distinction
oulad_final_result_0046,test,FFF,2014J,617010,F,North Western Region,A Level or Equivalent,0-10%,0-35,1,60,N,Pass
oulad_final_result_0939,test,DDD,2013J,592486,M,Scotland,Lower Than A Level,70-80%,0-35,0,90,N,Fail
oulad_final_result_1395,test,DDD,2014J,192375,F,South Region,HE Qualification,60-70%,0-35,0,120,N,Pass
oulad_final_result_0591,train,FFF,2013J,603597,M,London Region,A Level or Equivalent,80-90%,0-35,0,90,N,Pass
oulad_final_result_0590,train,BBB,2014J,1526770,F,Ireland,Lower Than A Level,50-60%,35-55,0,90,N,Distinction
oulad_final_result_1688,train,CCC,2014B,95906,F,East Midlands Region,A Level or Equivalent,50-60%,0-35,0,120,N,Pass
oulad_final_result_0227,train,BBB,2013J,586516,F,South East Region,A Level or Equivalent,40-50%,35-55,0,60,N,Withdrawn
oulad_final_result_1508,valid,BBB,2013B,2097916,F,Yorkshire Region,A Level or Equivalent,20-30%,35-55,0,60,N,Distinction
oulad_final_result_1051,valid,BBB,2013B,528270,F,South West Region,Lower Than A Level,70-80%,0-35,0,180,N,Withdrawn
oulad_final_result_0849,train,FFF,2013J,591620,M,South West Region,A Level or Equivalent,40-50%,0-35,0,120,N,Withdrawn
oulad_final_result_1408,train,DDD,2014B,555137,F,Scotland,Lower Than A Level,10-20,0-35,2,150,N,Fail
oulad_final_result_0508,train,DDD,2014J,1822731,M,Scotland,Lower Than A Level,80-90%,35-55,0,60,N,Fail
oulad_final_result_1863,train,FFF,2014J,652647,M,West Midlands Region,Lower Than A Level,50-60%,0-35,0,90,N,Fail
oulad_final_result_0422,train,BBB,2013B,116603,F,Scotland,HE Qualification,20-30%,35-55,0,60,N,Distinction
oulad_final_result_1871,train,FFF,2014J,40878,M,North Western Region,Lower Than A Level,0-10%,0-35,0,120,N,Distinction
oulad_final_result_1146,train,CCC,2014J,514504,M,East Midlands Region,Lower Than A Level,20-30%,0-35,0,30,N,Withdrawn
oulad_final_result_0893,train,BBB,2014J,697119,F,South Region,A Level or Equivalent,70-80%,0-35,0,60,N,Withdrawn
oulad_final_result_0491,train,AAA,2013J,2358056,F,North Region,HE Qualification,,0-35,0,60,N,Fail
oulad_final_result_0918,train,GGG,2014B,631693,F,Yorkshire Region,Lower Than A Level,50-60%,35-55,0,30,N,Fail
oulad_final_result_1649,train,FFF,2014B,631023,M,East Anglian Region,A Level or Equivalent,70-80%,0-35,0,90,N,Pass
oulad_final_result_0025,train,BBB,2014J,642122,F,Scotland,HE Qualification,20-30%,35-55,0,60,N,Pass
oulad_final_result_1363,test,GGG,2014B,626091,F,South Region,A Level or Equivalent,80-90%,0-35,0,30,N,Distinction
oulad_final_result_0548,train,FFF,2014J,234661,M,South Region,Lower Than A Level,80-90%,0-35,1,60,N,Pass
oulad_final_result_0380,valid,CCC,2014B,476108,F,East Midlands Region,Lower Than A Level,80-90%,0-35,0,30,N,Distinction
oulad_final_result_0405,train,AAA,2014J,2432796,F,East Anglian Region,HE Qualification,70-80%,35-55,0,60,N,Pass
oulad_final_result_0211,train,DDD,2013B,2020916,M,North Region,Lower Than A Level,40-50%,0-35,0,60,N,Pass
oulad_final_result_0625,train,FFF,2013B,548819,F,London Region,Lower Than A Level,80-90%,0-35,0,60,N,Withdrawn
oulad_final_result_0282,train,FFF,2014J,685333,M,South Region,Lower Than A Level,10-20,0-35,0,120,N,Withdrawn
oulad_final_result_0701,valid,BBB,2013B,487646,F,East Anglian Region,Lower Than A Level,70-80%,0-35,1,120,N,Fail
oulad_final_result_0784,valid,FFF,2014J,1658963,M,East Anglian Region,A Level or Equivalent,70-80%,35-55,0,150,N,Pass
oulad_final_result_0949,train,BBB,2014J,650451,F,Wales,Lower Than A Level,20-30%,0-35,0,60,N,Withdrawn
oulad_final_result_0511,test,CCC,2014B,594052,M,North Western Region,A Level or Equivalent,80-90%,0-35,0,90,N,Withdrawn
oulad_final_result_0474,train,FFF,2014J,682539,M,East Anglian Region,A Level or Equivalent,50-60%,0-35,0,120,N,Distinction
oulad_final_result_0942,train,CCC,2014B,1664810,M,South East Region,Lower Than A Level,10-20,35-55,0,60,N,Withdrawn
oulad_final_result_0238,train,BBB,2013B,530153,F,Scotland,HE Qualification,40-50%,35-55,0,60,N,Fail
oulad_final_result_0423,train,FFF,2013J,190910,M,North Western Region,A Level or Equivalent,30-40%,0-35,0,120,N,Fail
oulad_final_result_1399,train,DDD,2014B,399203,F,Wales,HE Qualification,40-50%,35-55,2,120,N,Withdrawn
oulad_final_result_1204,test,EEE,2014J,643416,M,East Anglian Region,A Level or Equivalent,30-40%,0-35,0,90,N,Fail
oulad_final_result_0191,train,GGG,2013J,609535,F,West Midlands Region,A Level or Equivalent,0-10%,35-55,0,30,N,Fail
oulad_final_result_1862,train,FFF,2014J,647245,M,London Region,No Formal quals,20-30%,0-35,0,150,N,Withdrawn
oulad_final_result_1011,train,CCC,2014B,523061,M,North Western Region,A Level or Equivalent,0-10%,0-35,0,120,N,Pass
oulad_final_result_1315,train,GGG,2013J,583625,F,East Midlands Region,Lower Than A Level,0-10%,35-55,0,30,N,Pass
oulad_final_result_0525,train,BBB,2014J,568232,F,Yorkshire Region,A Level or Equivalent,10-20,35-55,0,60,N,Pass
oulad_final_result_0193,train,FFF,2013J,605459,M,South West Region,Lower Than A Level,90-100%,0-35,0,60,N,Pass
oulad_final_result_1951,train,DDD,2014B,628333,F,South Region,A Level or Equivalent,70-80%,0-35,0,60,Y,Pass
oulad_final_result_0420,train,FFF,2013J,232347,M,South Region,A Level or Equivalent,60-70%,0-35,0,180,N,Pass
oulad_final_result_0725,train,BBB,2014B,354121,F,West Midlands Region,Lower Than A Level,20-30%,0-35,0,120,N,Withdrawn
oulad_final_result_1651,test,CCC,2014J,357820,M,North Region,A Level or Equivalent,10-20,0-35,0,120,N,Withdrawn
oulad_final_result_0407,valid,BBB,2014B,620175,F,London Region,A Level or Equivalent,10-20,0-35,0,60,N,Withdrawn
oulad_final_result_1672,train,FFF,2014J,688727,M,East Midlands Region,Lower Than A Level,20-30%,35-55,0,120,N,Distinction
oulad_final_result_1237,train,AAA,2014J,391249,M,South Region,HE Qualification,90-100%,35-55,0,60,N,Distinction
oulad_final_result_1163,train,CCC,2014B,316061,M,North Western Region,Lower Than A Level,0-10%,0-35,0,180,Y,Fail
oulad_final_result_0157,train,DDD,2014J,698016,M,Ireland,A Level or Equivalent,10-20,0-35,0,90,N,Fail
oulad_final_result_1781,valid,DDD,2014J,656193,M,West Midlands Region,A Level or Equivalent,0-10%,0-35,0,120,N,Fail
oulad_final_result_1919,train,CCC,2014J,675875,F,North Region,HE Qualification,,0-35,0,210,N,Distinction
oulad_final_result_1555,train,DDD,2014B,584082,F,South West Region,Lower Than A Level,30-40%,0-35,1,180,N,Fail
oulad_final_result_0404,train,CCC,2014J,621699,F,East Midlands Region,Lower Than A Level,50-60%,0-35,0,150,N,Withdrawn
oulad_final_result_1125,train,BBB,2014B,470693,F,Scotland,HE Qualification,70-80%,0-35,0,60,N,Distinction
oulad_final_result_1930,train,DDD,2013J,549032,F,South East Region,A Level or Equivalent,20-30%,0-35,0,120,N,Pass
oulad_final_result_0392,train,BBB,2013B,558662,F,London Region,Lower Than A Level,20-30%,35-55,0,60,N,Fail
oulad_final_result_0226,test,EEE,2014J,646841,M,North Western Region,Lower Than A Level,0-10%,0-35,0,60,N,Fail
oulad_final_result_1794,train,FFF,2013J,578599,M,North Western Region,Lower Than A Level,0-10%,0-35,0,60,N,Withdrawn
oulad_final_result_0215,train,FFF,2014J,640584,M,East Midlands Region,Lower Than A Level,90-100%,0-35,0,120,N,Withdrawn
oulad_final_result_0652,train,AAA,2014J,2514898,F,East Anglian Region,Lower Than A Level,90-100%,35-55,0,60,N,Pass
oulad_final_result_0983,test,DDD,2014J,402958,F,North Region,A Level or Equivalent,30-40%,0-35,0,60,N,Pass
oulad_final_result_0514,train,GGG,2014J,627481,F,Yorkshire Region,Lower Than A Level,30-40%,0-35,0,30,N,Pass
oulad_final_result_0162,test,CCC,2014B,595514,M,East Midlands Region,A Level or Equivalent,80-90%,35-55,0,60,N,Withdrawn
oulad_final_result_1001,train,DDD,2013B,537621,M,North Western Region,A Level or Equivalent,60-70%,35-55,0,60,N,Fail
oulad_final_result_0454,train,AAA,2014J,346118,F,East Anglian Region,A Level or Equivalent,20-30%,35-55,0,120,N,Pass
oulad_final_result_0176,train,CCC,2014J,679386,M,South West Region,Lower Than A Level,70-80%,0-35,0,120,N,Pass
oulad_final_result_1054,test,FFF,2014B,628476,M,West Midlands Region,Lower Than A Level,10-20,0-35,0,60,N,Withdrawn
oulad_final_result_0862,train,DDD,2014J,2055671,F,East Midlands Region,A Level or Equivalent,90-100%,35-55,0,60,N,Withdrawn
oulad_final_result_1428,train,FFF,2013J,1359554,M,East Midlands Region,A Level or Equivalent,90-100%,35-55,0,60,N,Pass
oulad_final_result_0012,train,FFF,2013B,544530,M,Scotland,A Level or Equivalent,40-50%,0-35,0,60,N,Pass
oulad_final_result_1376,valid,BBB,2014J,628819,F,South Region,A Level or Equivalent,0-10%,0-35,0,120,N,Withdrawn
oulad_final_result_1282,test,CCC,2014J,468902,M,Ireland,Lower Than A Level,70-80%,0-35,0,30,N,Fail
oulad_final_result_1131,test,FFF,2014J,691873,M,East Midlands Region,A Level or Equivalent,40-50%,0-35,0,120,N,Pass
oulad_final_result_1056,train,EEE,2014B,633455,M,North Western Region,Lower Than A Level,50-60%,0-35,0,60,N,Pass
oulad_final_result_1527,test,FFF,2014B,515965,M,London Region,HE Qualification,30-40%,35-55,1,120,N,Fail
oulad_final_result_1352,train,BBB,2013J,582406,F,Wales,A Level or Equivalent,60-70%,0-35,0,60,N,Pass
oulad_final_result_1648,train,AAA,2014J,119902,F,South West Region,A Level or Equivalent,60-70%,35-55,0,60,N,Withdrawn
oulad_final_result_0883,train,FFF,2014B,625885,M,London Region,Lower Than A Level,20-30%,0-35,0,60,N,Withdrawn
oulad_final_result_1241,train,BBB,2014J,604950,F,London Region,Lower Than A Level,10-20,35-55,0,60,N,Pass
oulad_final_result_0486,train,BBB,2013B,523156,F,North Region,A Level or Equivalent,60-70%,0-35,0,60,N,Withdrawn
oulad_final_result_1609,train,FFF,2013B,1844150,M,Yorkshire Region,A Level or Equivalent,40-50%,55<=,0,60,N,Pass
oulad_final_result_0069,test,BBB,2014B,630957,F,North Western Region,Lower Than A Level,30-40%,35-55,0,60,N,Withdrawn
oulad_final_result_1725,train,DDD,2013J,532144,M,London Region,A Level or Equivalent,40-50%,35-55,2,60,N,Pass
oulad_final_result_1911,test,FFF,2013B,559155,M,North Western Region,HE Qualification,20-30%,35-55,0,60,N,Pass
oulad_final_result_0762,train,EEE,2013J,1951925,M,Yorkshire Region,A Level or Equivalent,10-20,0-35,0,60,N,Fail
oulad_final_result_1191,train,DDD,2013B,547679,F,Scotland,Lower Than A Level,30-40%,0-35,0,60,N,Fail
oulad_final_result_1031,valid,FFF,2014J,645840,M,Ireland,Lower Than A Level,90-100%,35-55,0,120,N,Fail
oulad_final_result_1739,train,DDD,2014B,572235,F,Scotland,A Level or Equivalent,20-30%,0-35,0,60,N,Withdrawn
oulad_final_result_0349,train,CCC,2014B,558471,M,South Region,A Level or Equivalent,20-30%,0-35,0,60,N,Withdrawn
oulad_final_result_0477,valid,FFF,2014J,64777,M,North Western Region,Lower Than A Level,30-40%,0-35,1,90,Y,Withdrawn
oulad_final_result_0121,train,DDD,2013J,597924,M,London Region,A Level or Equivalent,60-70%,0-35,0,60,N,Withdrawn
oulad_final_result_1049,train,FFF,2013B,424544,M,Yorkshire Region,A Level or Equivalent,70-80%,0-35,0,210,N,Fail
oulad_final_result_1700,train,BBB,2014J,683838,F,North Western Region,Lower Than A Level,50-60%,0-35,0,60,N,Fail
oulad_final_result_0183,valid,DDD,2013J,266558,M,Yorkshire Region,A Level or Equivalent,30-40%,0-35,0,90,Y,Pass
oulad_final_result_0961,train,BBB,2013B,484933,F,Yorkshire Region,A Level or Equivalent,20-30%,35-55,0,60,N,Pass
oulad_final_result_1119,train,CCC,2014B,2241036,M,Ireland,A Level or Equivalent,30-40%,0-35,0,30,N,Fail
oulad_final_result_1139,train,FFF,2013B,555609,M,London Region,Lower Than A Level,20-30%,35-55,0,60,N,Withdrawn
oulad_final_result_0874,train,BBB,2014B,624572,F,West Midlands Region,A Level or Equivalent,0-10%,0-35,0,180,N,Withdrawn
oulad_final_result_0251,train,GGG,2014J,675264,M,North Region,A Level or Equivalent,10-20,35-55,0,30,N,Pass
oulad_final_result_0698,train,BBB,2013B,539056,F,North Western Region,HE Qualification,60-70%,35-55,0,60,N,Pass
oulad_final_result_0749,valid,DDD,2014J,477556,F,South East Region,A Level or Equivalent,50-60%,0-35,2,60,N,Fail
oulad_final_result_1419,test,DDD,2013J,548301,F,West Midlands Region,HE Qualification,40-50%,0-35,0,60,N,Pass
oulad_final_result_0315,train,DDD,2013B,549156,M,North Western Region,Lower Than A Level,0-10%,0-35,0,60,N,Withdrawn
oulad_final_result_1212,test,BBB,2013J,197240,F,Yorkshire Region,A Level or Equivalent,30-40%,0-35,1,150,N,Pass
oulad_final_result_0274,train,EEE,2014J,445049,M,North Western Region,A Level or Equivalent,30-40%,0-35,1,30,Y,Pass
oulad_final_result_0853,test,BBB,2014J,695075,F,Ireland,A Level or Equivalent,30-40%,0-35,0,60,N,Pass
oulad_final_result_0489,train,BBB,2013B,559606,F,East Midlands Region,HE Qualification,80-90%,35-55,0,60,N,Pass
oulad_final_result_0456,train,GGG,2013J,2540288,F,South Region,A Level or Equivalent,50-60%,0-35,0,30,N,Fail
oulad_final_result_0684,train,DDD,2014J,696132,M,East Anglian Region,Lower Than A Level,80-90%,0-35,0,60,N,Fail
oulad_final_result_1994,train,GGG,2014B,629310,F,South Region,A Level or Equivalent,80-90%,0-35,0,30,Y,Fail
oulad_final_result_0775,train,EEE,2013J,2569834,F,East Anglian Region,A Level or Equivalent,80-90%,35-55,0,60,N,Pass
oulad_final_result_0043,valid,DDD,2013J,104643,F,South West Region,A Level or Equivalent,70-80%,0-35,0,60,N,Pass
oulad_final_result_1695,train,BBB,2013J,577280,F,Wales,A Level or Equivalent,40-50%,0-35,0,150,N,Pass
oulad_final_result_0325,train,BBB,2013J,596964,F,North Western Region,A Level or Equivalent,10-20,0-35,0,60,Y,Pass
oulad_final_result_1160,train,BBB,2013B,559291,F,West Midlands Region,A Level or Equivalent,40-50%,35-55,0,60,N,Withdrawn
oulad_final_result_1080,train,CCC,2014J,1023623,M,East Anglian Region,A Level or Equivalent,40-50%,35-55,0,120,N,Pass
oulad_final_result_1493,valid,CCC,2014B,617186,F,London Region,Lower Than A Level,0-10%,0-35,0,60,N,Fail
oulad_final_result_1974,train,BBB,2014J,695247,F,Ireland,A Level or Equivalent,40-50%,35-55,0,60,N,Distinction
oulad_final_result_0837,train,BBB,2013J,500552,F,London Region,Lower Than A Level,60-70%,35-55,0,60,N,Pass
oulad_final_result_0093,train,BBB,2014B,2353787,M,East Midlands Region,Lower Than A Level,40-50%,35-55,1,60,N,Withdrawn
oulad_final_result_1381,train,FFF,2014J,646091,M,North Region,A Level or Equivalent,0-10%,0-35,0,120,N,Withdrawn
oulad_final_result_1071,train,BBB,2013B,484885,F,North Region,Lower Than A Level,50-60%,35-55,1,180,N,Fail
oulad_final_result_1938,train,DDD,2013B,179892,F,London Region,HE Qualification,10-20,0-35,0,60,N,Pass
oulad_final_result_0271,train,BBB,2014J,2003628,F,South Region,A Level or Equivalent,60-70%,35-55,0,60,N,Withdrawn
oulad_final_result_0032,valid,CCC,2014B,574564,M,London Region,HE Qualification,10-20,0-35,0,90,N,Withdrawn
oulad_final_result_1748,train,FFF,2013B,510883,M,East Anglian Region,Lower Than A Level,60-70%,35-55,0,60,Y,Pass
oulad_final_result_0084,train,BBB,2013B,523966,F,Wales,A Level or Equivalent,20-30%,0-35,0,150,N,Pass
oulad_final_result_1437,valid,FFF,2013J,595842,M,North Region,A Level or Equivalent,,0-35,0,120,N,Pass
oulad_final_result_0362,train,BBB,2013J,467606,F,South West Region,Lower Than A Level,50-60%,0-35,1,60,Y,Withdrawn
oulad_final_result_0328,train,DDD,2014B,619359,M,East Anglian Region,HE Qualification,90-100%,0-35,0,60,Y,Distinction
oulad_final_result_1256,test,BBB,2013J,588117,F,South East Region,A Level or Equivalent,80-90%,0-35,0,60,N,Distinction
oulad_final_result_1126,test,DDD,2013B,1446954,F,East Midlands Region,A Level or Equivalent,60-70%,35-55,0,60,N,Fail
oulad_final_result_1804,train,FFF,2013B,546583,M,East Midlands Region,HE Qualification,40-50%,0-35,0,60,N,Pass
oulad_final_result_0811,test,DDD,2013B,2546792,M,North Western Region,Lower Than A Level,20-30%,0-35,0,60,N,Withdrawn
oulad_final_result_0237,train,CCC,2014J,523817,M,South Region,A Level or Equivalent,90-100%,0-35,0,90,N,Withdrawn
oulad_final_result_0457,train,CCC,2014J,91040,F,West Midlands Region,Lower Than A Level,20-30%,0-35,0,90,N,Withdrawn
oulad_final_result_1510,train,BBB,2013J,583970,F,East Midlands Region,A Level or Equivalent,80-90%,0-35,0,60,N,Distinction
oulad_final_result_0399,train,CCC,2014B,634523,M,East Anglian Region,Lower Than A Level,80-90%,35-55,0,30,N,Withdrawn
oulad_final_result_0910,train,DDD,2013J,566810,M,West Midlands Region,Lower Than A Level,30-40%,0-35,0,60,N,Fail
oulad_final_result_0108,train,BBB,2014B,617959,F,Yorkshire Region,HE Qualification,0-10%,0-35,0,60,N,Fail
oulad_final_result_0902,train,CCC,2014B,633330,M,South East Region,A Level or Equivalent,80-90%,0-35,0,60,N,Fail
oulad_final_result_0901,valid,DDD,2013B,262396,F,East Anglian Region,Lower Than A Level,80-90%,0-35,0,60,Y,Fail
oulad_final_result_1120,test,CCC,2014J,578000,M,London Region,Lower Than A Level,30-40%,0-35,0,30,N,Fail
oulad_final_result_0039,train,FFF,2013J,607047,M,Scotland,Post Graduate Qualification,90-100%,0-35,0,60,N,Pass
oulad_final_result_0598,train,EEE,2014J,536984,M,East Anglian Region,Lower Than A Level,70-80%,35-55,0,60,N,Pass
oulad_final_result_1723,train,EEE,2014B,628777,M,London Region,A Level or Equivalent,50-60%,0-35,0,30,N,Pass
oulad_final_result_0609,test,BBB,2013B,2521745,F,Yorkshire Region,Lower Than A Level,0-10%,0-35,0,60,N,Fail
oulad_final_result_0677,train,EEE,2014B,293686,M,South West Region,A Level or Equivalent,30-40%,0-35,0,30,N,Distinction
oulad_final_result_0661,train,BBB,2013J,602803,F,West Midlands Region,HE Qualification,40-50%,0-35,0,60,N,Withdrawn
oulad_final_result_1947,train,FFF,2013B,551027,M,London Region,Lower Than A Level,50-60%,0-35,0,60,N,Pass
oulad_final_result_0857,test,FFF,2013B,530802,M,South Region,Lower Than A Level,40-50%,35-55,0,60,N,Distinction
oulad_final_result_1489,train,FFF,2013J,561873,F,Wales,A Level or Equivalent,30-40%,0-35,0,60,N,Pass
oulad_final_result_0569,train,GGG,2013J,571696,F,South Region,A Level or Equivalent,70-80%,0-35,0,30,N,Pass
oulad_final_result_1186,train,DDD,2014J,441087,F,South Region,A Level or Equivalent,10-20,0-35,0,60,N,Pass
oulad_final_result_0048,test,CCC,2014B,485374,F,Scotland,A Level or Equivalent,60-70%,0-35,0,60,N,Pass
oulad_final_result_1887,train,BBB,2013B,50993,F,Scotland,Lower Than A Level,0-10%,0-35,0,60,Y,Fail
oulad_final_result_0788,train,CCC,2014J,678843,M,Scotland,HE Qualification,40-50%,35-55,0,60,N,Withdrawn
oulad_final_result_1491,train,GGG,2014B,621923,F,South West Region,A Level or Equivalent,90-100%,0-35,0,30,N,Pass
oulad_final_result_1619,train,BBB,2013J,588883,F,South West Region,A Level or Equivalent,30-40%,0-35,0,60,N,Distinction
oulad_final_result_1666,test,CCC,2014B,401296,F,East Anglian Region,A Level or Equivalent,20-30%,35-55,0,60,N,Pass
oulad_final_result_1876,train,AAA,2014J,149741,F,Scotland,A Level or Equivalent,20-30%,35-55,0,60,N,Pass
oulad_final_result_0718,train,DDD,2014J,2471812,F,Scotland,A Level or Equivalent,90-100%,0-35,0,120,N,Withdrawn
oulad_final_result_1958,train,AAA,2014J,384203,M,Scotland,HE Qualification,20-30%,0-35,0,120,N,Pass
oulad_final_result_0733,test,DDD,2014J,443539,F,South Region,HE Qualification,20-30%,0-35,0,60,N,Pass
oulad_final_result_0587,train,FFF,2013J,598376,M,Ireland,HE Qualification,70-80%,35-55,0,60,N,Pass
oulad_final_result_1410,train,BBB,2014B,564409,M,Scotland,A Level or Equivalent,30-40%,0-35,1,120,N,Pass
oulad_final_result_1815,valid,GGG,2014B,626667,F,South Region,A Level or Equivalent,90-100%,35-55,0,30,N,Fail
oulad_final_result_1114,train,DDD,2013B,437281,M,South Region,A Level or Equivalent,70-80%,0-35,0,80,N,Pass
oulad_final_result_1199,train,FFF,2013B,354173,M,South West Region,Lower Than A Level,20-30%,0-35,0,120,Y,Withdrawn
oulad_final_result_1012,valid,BBB,2014B,570437,F,Scotland,A Level or Equivalent,0-10%,35-55,0,60,Y,Distinction
oulad_final_result_0616,valid,DDD,2013B,2191819,F,Wales,HE Qualification,60-70%,35-55,0,90,N,Withdrawn
oulad_final_result_0699,test,FFF,2013B,539668,M,West Midlands Region,A Level or Equivalent,30-40%,0-35,0,90,N,Withdrawn
oulad_final_result_1141,train,GGG,2014J,698163,F,North Western Region,A Level or Equivalent,0-10%,0-35,0,30,N,Distinction
oulad_final_result_0519,train,EEE,2014J,688310,M,North Western Region,A Level or Equivalent,70-80%,0-35,0,60,N,Pass
oulad_final_result_1577,valid,FFF,2014J,626454,F,London Region,A Level or Equivalent,60-70%,0-35,0,60,N,Pass
oulad_final_result_1963,test,EEE,2013J,2616950,M,North Region,A Level or Equivalent,40-50%,0-35,0,60,N,Pass
oulad_final_result_1514,valid,BBB,2014J,692572,F,Yorkshire Region,Lower Than A Level,70-80%,0-35,0,60,N,Pass
oulad_final_result_1764,train,DDD,2014J,175804,M,West Midlands Region,A Level or Equivalent,60-70%,0-35,1,180,N,Withdrawn
oulad_final_result_0964,valid,DDD,2013J,589582,M,Scotland,A Level or Equivalent,20-30%,0-35,0,90,N,Withdrawn
oulad_final_result_0510,train,EEE,2013J,344676,F,London Region,A Level or Equivalent,40-50%,0-35,0,120,N,Pass
oulad_final_result_1584,valid,BBB,2013J,1503056,F,South West Region,Lower Than A Level,40-50%,35-55,0,120,Y,Pass
oulad_final_result_0651,train,EEE,2014B,634216,M,South West Region,HE Qualification,50-60%,0-35,0,60,N,Distinction
oulad_final_result_0441,train,DDD,2013J,571682,M,East Anglian Region,A Level or Equivalent,30-40%,0-35,0,120,Y,Withdrawn
oulad_final_result_0516,train,FFF,2014J,582141,M,West Midlands Region,A Level or Equivalent,60-70%,0-35,0,90,N,Fail
oulad_final_result_0465,train,BBB,2014J,650050,F,East Anglian Region,Lower Than A Level,10-20,0-35,0,60,N,Fail
oulad_final_result_1085,train,GGG,2014B,635813,F,West Midlands Region,Lower Than A Level,20-30%,0-35,0,30,N,Pass
oulad_final_result_0051,test,DDD,2013J,528892,M,South West Region,A Level or Equivalent,30-40%,0-35,0,90,N,Pass
oulad_final_result_0730,train,BBB,2014B,617287,F,London Region,A Level or Equivalent,10-20,0-35,0,60,Y,Fail
oulad_final_result_1455,valid,FFF,2014J,235747,M,South West Region,A Level or Equivalent,50-60%,0-35,0,60,N,Withdrawn
oulad_final_result_0974,valid,BBB,2013B,509768,F,South East Region,Lower Than A Level,40-50%,0-35,0,60,N,Distinction
oulad_final_result_0452,train,FFF,2014J,638388,M,East Anglian Region,A Level or Equivalent,60-70%,0-35,0,60,N,Pass
oulad_final_result_1364,train,CCC,2014J,530663,F,South Region,A Level or Equivalent,50-60%,0-35,0,150,N,Pass
oulad_final_result_0321,valid,FFF,2013J,594280,F,Yorkshire Region,Lower Than A Level,20-30%,0-35,0,60,N,Fail
oulad_final_result_1604,valid,EEE,2014J,597252,M,East Anglian Region,Lower Than A Level,70-80%,0-35,0,120,N,Withdrawn
oulad_final_result_1006,train,CCC,2014J,1936285,M,Scotland,HE Qualification,40-50%,35-55,0,120,N,Distinction
oulad_final_result_0934,train,FFF,2013J,586594,M,East Anglian Region,A Level or Equivalent,60-70%,35-55,0,60,N,Distinction
oulad_final_result_1246,train,DDD,2014B,556007,F,East Anglian Region,A Level or Equivalent,30-40%,0-35,0,90,N,Withdrawn
oulad_final_result_0852,train,FFF,2014J,364066,M,London Region,Lower Than A Level,30-40%,0-35,2,150,N,Distinction
oulad_final_result_0996,train,BBB,2013J,252652,F,London Region,A Level or Equivalent,50-60%,35-55,1,120,N,Withdrawn
oulad_final_result_1296,train,BBB,2013J,598907,F,East Midlands Region,A Level or Equivalent,40-50%,0-35,0,60,N,Pass
oulad_final_result_0260,train,EEE,2014B,526051,M,East Anglian Region,Lower Than A Level,30-40%,35-55,1,90,Y,Distinction
oulad_final_result_1611,valid,FFF,2014J,582530,M,North Western Region,HE Qualification,0-10%,35-55,1,150,N,Fail
oulad_final_result_0505,train,BBB,2013B,70608,F,South East Region,HE Qualification,70-80%,35-55,0,240,N,Distinction
oulad_final_result_1560,valid,FFF,2014J,511981,M,South East Region,Lower Than A Level,10-20,0-35,0,90,N,Pass
oulad_final_result_0278,train,CCC,2014J,296222,M,South East Region,A Level or Equivalent,80-90%,0-35,0,90,N,Withdrawn
oulad_final_result_0174,train,EEE,2014B,612023,M,South Region,Lower Than A Level,30-40%,0-35,0,60,N,Fail
oulad_final_result_0140,train,DDD,2014B,201151,F,South West Region,A Level or Equivalent,0-10%,0-35,0,60,Y,Distinction
oulad_final_result_1699,train,DDD,2013B,546403,M,North Western Region,Lower Than A Level,60-70%,0-35,0,60,N,Withdrawn
oulad_final_result_0434,train,FFF,2013B,525512,M,East Midlands Region,A Level or Equivalent,20-30%,0-35,1,120,N,Pass
oulad_final_result_1797,test,CCC,2014J,338731,M,Yorkshire Region,Lower Than A Level,10-20,35-55,1,30,N,Fail
oulad_final_result_1878,train,FFF,2014B,611798,M,Wales,HE Qualification,10-20,0-35,0,60,N,Fail
oulad_final_result_0111,train,BBB,2014J,647711,M,South West Region,Lower Than A Level,10-20,0-35,0,60,N,Withdrawn
oulad_final_result_0449,valid,BBB,2014J,675576,F,South East Region,Lower Than A Level,20-30%,35-55,0,60,N,Pass
oulad_final_result_1592,train,DDD,2014J,472616,M,East Anglian Region,Lower Than A Level,90-100%,0-35,0,150,N,Distinction
oulad_final_result_1855,train,FFF,2014J,2599162,M,London Region,A Level or Equivalent,10-20,0-35,1,60,N,Withdrawn
oulad_final_result_0608,train,GGG,2013J,607507,M,East Anglian Region,Lower Than A Level,80-90%,0-35,0,30,N,Distinction
oulad_final_result_0945,train,BBB,2013B,508103,F,West Midlands Region,Lower Than A Level,10-20,0-35,1,240,N,Withdrawn
oulad_final_result_1654,valid,BBB,2013B,185349,F,Scotland,Lower Than A Level,30-40%,35-55,2,60,N,Pass
oulad_final_result_1398,test,FFF,2013B,553781,F,Ireland,A Level or Equivalent,50-60%,0-35,0,60,N,Pass
oulad_final_result_0299,train,BBB,2013B,506650,F,South West Region,A Level or Equivalent,80-90%,35-55,0,150,N,Withdrawn
oulad_final_result_1628,train,CCC,2014J,556251,M,North Western Region,A Level or Equivalent,60-70%,0-35,0,60,N,Pass
oulad_final_result_1087,train,DDD,2013B,477517,M,South Region,Post Graduate Qualification,90-100%,35-55,0,70,N,Pass
oulad_final_result_0101,train,DDD,2014J,655972,F,South Region,A Level or Equivalent,50-60%,0-35,0,120,N,Fail
oulad_final_result_1625,train,BBB,2013J,512940,F,Wales,Lower Than A Level,30-40%,0-35,0,60,N,Pass
oulad_final_result_1062,train,DDD,2014B,627581,M,South West Region,Lower Than A Level,10-20,35-55,0,60,Y,Fail
oulad_final_result_0561,train,BBB,2013B,551891,F,London Region,Lower Than A Level,10-20,0-35,0,60,N,Withdrawn
oulad_final_result_1575,test,BBB,2013J,606179,F,South West Region,A Level or Equivalent,80-90%,0-35,0,60,N,Distinction
oulad_final_result_1705,train,EEE,2014J,650533,M,East Midlands Region,A Level or Equivalent,30-40%,35-55,0,30,N,Pass
oulad_final_result_1608,train,FFF,2013J,323480,F,South Region,HE Qualification,50-60%,0-35,1,60,N,Pass
oulad_final_result_0383,test,DDD,2014J,1991049,M,South Region,A Level or Equivalent,50-60%,35-55,1,60,N,Withdrawn
oulad_final_result_1252,train,FFF,2014J,347197,M,North Western Region,Lower Than A Level,80-90%,35-55,0,60,N,Distinction
oulad_final_result_1530,train,CCC,2014J,558463,M,South Region,Lower Than A Level,70-80%,0-35,0,30,N,Pass
oulad_final_result_1182,train,FFF,2014B,256740,F,Wales,HE Qualification,70-80%,35-55,0,120,N,Pass
oulad_final_result_1357,valid,DDD,2014J,318919,F,Scotland,HE Qualification,80-90%,35-55,0,60,N,Pass
oulad_final_result_1180,train,BBB,2013J,2282129,F,South West Region,Lower Than A Level,60-70%,0-35,1,60,N,Fail
oulad_final_result_1525,train,DDD,2013J,603669,M,East Anglian Region,A Level or Equivalent,70-80%,0-35,0,120,N,Withdrawn
oulad_final_result_0785,train,FFF,2013J,598001,M,London Region,Lower Than A Level,50-60%,0-35,0,90,N,Fail
oulad_final_result_0204,valid,GGG,2014J,650630,M,West Midlands Region,Lower Than A Level,30-40%,35-55,0,30,N,Fail
oulad_final_result_1668,test,EEE,2013J,611202,M,Scotland,A Level or Equivalent,90-100%,0-35,0,30,N,Distinction
oulad_final_result_0707,train,EEE,2013J,407876,F,East Anglian Region,A Level or Equivalent,50-60%,0-35,0,60,N,Fail
oulad_final_result_0805,train,FFF,2013J,1910111,F,North Western Region,A Level or Equivalent,20-30%,0-35,0,240,N,Withdrawn
oulad_final_result_1338,test,DDD,2014J,650414,M,South East Region,A Level or Equivalent,10-20,0-35,0,120,N,Withdrawn
oulad_final_result_0370,train,FFF,2013J,2611986,M,Scotland,A Level or Equivalent,70-80%,35-55,0,60,N,Fail
oulad_final_result_1621,train,BBB,2013J,613298,M,Ireland,HE Qualification,80-90%,0-35,0,60,N,Withdrawn
oulad_final_result_1084,train,FFF,2013J,558205,M,Scotland,A Level or Equivalent,10-20,0-35,0,60,N,Withdrawn
oulad_final_result_0163,valid,BBB,2013B,2587260,F,South West Region,HE Qualification,40-50%,0-35,1,120,N,Withdrawn
oulad_final_result_0071,test,FFF,2013B,37298,M,Ireland,HE Qualification,,0-35,0,120,N,Pass
oulad_final_result_0013,train,CCC,2014J,632904,M,Scotland,HE Qualification,40-50%,0-35,1,60,N,Withdrawn
oulad_final_result_0198,train,FFF,2014B,617010,F,North Western Region,A Level or Equivalent,0-10%,0-35,0,60,N,Withdrawn
oulad_final_result_0904,train,BBB,2013J,574973,F,West Midlands Region,A Level or Equivalent,20-30%,0-35,0,180,N,Pass
oulad_final_result_0531,valid,CCC,2014B,602703,M,South East Region,A Level or Equivalent,50-60%,0-35,0,60,N,Withdrawn
oulad_final_result_0809,train,FFF,2013J,553187,M,East Anglian Region,Lower Than A Level,0-10%,0-35,0,90,N,Pass
oulad_final_result_0385,train,FFF,2013B,519500,M,South East Region,Lower Than A Level,30-40%,0-35,0,120,Y,Withdrawn
oulad_final_result_0504,train,FFF,2013B,2392327,F,Scotland,Lower Than A Level,90-100%,0-35,0,60,N,Fail
oulad_final_result_1808,test,DDD,2014J,676553,F,South East Region,Lower Than A Level,70-80%,0-35,0,60,N,Fail
oulad_final_result_0339,valid,BBB,2014B,201431,F,Wales,Lower Than A Level,50-60%,35-55,0,120,N,Pass
oulad_final_result_1940,valid,DDD,2013B,541228,M,North Region,A Level or Equivalent,0-10%,0-35,0,120,N,Fail
oulad_final_result_1953,train,FFF,2014J,682504,M,Wales,A Level or Equivalent,90-100%,0-35,0,90,N,Withdrawn
oulad_final_result_1077,test,GGG,2014J,694416,M,Wales,Lower Than A Level,0-10%,0-35,0,30,Y,Withdrawn
oulad_final_result_1102,train,DDD,2013J,257167,M,South Region,Lower Than A Level,70-80%,0-35,0,120,N,Pass
oulad_final_result_1099,test,FFF,2014B,610267,M,West Midlands Region,Lower Than A Level,0-10%,0-35,0,60,N,Withdrawn
oulad_final_result_0308,train,FFF,2013B,537995,M,South East Region,Lower Than A Level,90-100%,0-35,0,60,N,Fail
oulad_final_result_1712,test,BBB,2014B,439710,F,South East Region,A Level or Equivalent,70-80%,0-35,0,120,N,Distinction
oulad_final_result_0772,train,GGG,2014J,423093,F,North Western Region,Lower Than A Level,10-20,35-55,0,30,N,Pass
oulad_final_result_1849,test,CCC,2014B,235175,M,East Midlands Region,Lower Than A Level,40-50%,0-35,0,90,Y,Withdrawn
oulad_final_result_1554,train,FFF,2013J,606711,M,Ireland,A Level or Equivalent,20-30%,0-35,0,60,N,Pass
oulad_final_result_1538,test,CCC,2014J,683625,M,East Anglian Region,A Level or Equivalent,50-60%,0-35,0,120,N,Pass
oulad_final_result_1045,train,CCC,2014B,234311,M,Scotland,A Level or Equivalent,20-30%,0-35,0,60,N,Fail
oulad_final_result_0781,valid,EEE,2013J,607883,M,North Western Region,Lower Than A Level,30-40%,35-55,0,60,N,Withdrawn
oulad_final_result_1890,valid,FFF,2014J,680348,M,Scotland,HE Qualification,80-90%,0-35,0,120,N,Pass
oulad_final_result_1211,train,EEE,2014J,649840,M,South Region,Lower Than A Level,40-50%,0-35,0,90,N,Withdrawn
oulad_final_result_0721,train,FFF,2014B,626259,M,North Region,A Level or Equivalent,60-70%,0-35,0,60,N,Pass
oulad_final_result_0288,train,GGG,2014B,631953,F,London Region,Lower Than A Level,20-30%,0-35,0,30,N,Pass
oulad_final_result_0078,train,CCC,2014B,633341,F,North Western Region,A Level or Equivalent,70-80%,0-35,0,90,N,Fail
oulad_final_result_1098,train,FFF,2013B,557129,M,Yorkshire Region,A Level or Equivalent,10-20,0-35,0,60,N,Fail
oulad_final_result_0669,train,BBB,2013B,560335,F,Scotland,Lower Than A Level,90-100%,0-35,0,60,N,Withdrawn
oulad_final_result_1136,train,DDD,2013B,316289,F,East Anglian Region,HE Qualification,90-100%,0-35,0,60,N,Pass
oulad_final_result_0636,train,EEE,2013J,576292,M,East Midlands Region,Lower Than A Level,0-10%,0-35,0,60,N,Fail
oulad_final_result_0860,train,CCC,2014J,348351,M,East Midlands Region,Lower Than A Level,20-30%,0-35,0,60,N,Fail
oulad_final_result_0951,test,FFF,2013B,557469,M,Ireland,A Level or Equivalent,80-90%,0-35,0,120,N,Withdrawn
oulad_final_result_0932,train,GGG,2013J,393451,F,East Anglian Region,Lower Than A Level,50-60%,35-55,0,30,N,Fail
oulad_final_result_1176,test,AAA,2014J,52765,F,Yorkshire Region,Lower Than A Level,0-10%,35-55,0,120,N,Pass
oulad_final_result_0122,train,FFF,2014B,628143,F,East Midlands Region,A Level or Equivalent,20-30%,0-35,0,120,N,Fail
oulad_final_result_0773,test,AAA,2013J,2293923,M,South Region,A Level or Equivalent,90-100%,0-35,0,150,N,Pass
oulad_final_result_1301,train,FFF,2014J,1877902,M,North Western Region,A Level or Equivalent,70-80%,35-55,0,60,N,Pass
oulad_final_result_1188,train,BBB,2013J,607778,F,East Midlands Region,A Level or Equivalent,10-20,0-35,0,60,N,Pass
oulad_final_result_0645,train,EEE,2013J,600142,M,Wales,A Level or Equivalent,60-70%,0-35,0,60,N,Pass
oulad_final_result_0653,test,FFF,2013B,554166,M,Yorkshire Region,A Level or Equivalent,0-10%,0-35,0,120,N,Fail
oulad_final_result_0722,valid,BBB,2013B,2445949,M,East Anglian Region,Lower Than A Level,0-10%,35-55,2,60,N,Fail
oulad_final_result_1786,train,CCC,2014B,634083,M,South West Region,A Level or Equivalent,70-80%,0-35,0,60,N,Withdrawn
oulad_final_result_0442,train,FFF,2014B,629182,M,East Anglian Region,A Level or Equivalent,60-70%,35-55,0,60,N,Withdrawn
oulad_final_result_1601,valid,FFF,2013B,149693,M,Yorkshire Region,Lower Than A Level,30-40%,0-35,0,60,N,Pass
oulad_final_result_0077,train,BBB,2013J,504466,F,Scotland,Lower Than A Level,50-60%,35-55,1,60,N,Pass
oulad_final_result_0109,train,CCC,2014J,634193,M,East Midlands Region,Lower Than A Level,20-30%,0-35,0,30,N,Withdrawn
oulad_final_result_1392,test,FFF,2014J,466120,M,East Anglian Region,Lower Than A Level,10-20,0-35,1,60,N,Fail
oulad_final_result_0152,train,FFF,2013J,330192,M,Scotland,Lower Than A Level,80-90%,35-55,0,60,N,Pass
oulad_final_result_0820,train,DDD,2013J,572909,M,South East Region,A Level or Equivalent,50-60%,0-35,0,120,N,Fail
oulad_final_result_0319,train,DDD,2014B,625613,M,Yorkshire Region,Lower Than A Level,40-50%,0-35,0,60,N,Withdrawn
oulad_final_result_0462,train,BBB,2014J,682289,F,East Midlands Region,A Level or Equivalent,30-40%,35-55,0,120,Y,Withdrawn
oulad_final_result_0332,train,GGG,2013J,606895,F,Yorkshire Region,Lower Than A Level,50-60%,35-55,0,90,N,Fail
oulad_final_result_0570,train,BBB,2013B,552826,F,South Region,HE Qualification,90-100%,35-55,0,60,N,Pass
oulad_final_result_0834,train,DDD,2013J,559735,M,North Western Region,A Level or Equivalent,70-80%,0-35,0,120,N,Withdrawn
oulad_final_result_0331,train,FFF,2014B,1799963,M,Ireland,HE Qualification,30-40%,35-55,0,90,N,Withdrawn
oulad_final_result_0267,train,BBB,2013B,425820,F,Scotland,A Level or Equivalent,60-70%,0-35,0,60,N,Pass
oulad_final_result_0727,valid,BBB,2014B,599382,F,South West Region,HE Qualification,70-80%,35-55,0,180,N,Withdrawn
oulad_final_result_0236,valid,BBB,2014B,75118,F,North Western Region,Lower Than A Level,0-10%,0-35,0,150,Y,Withdrawn
oulad_final_result_0603,valid,DDD,2013J,582160,F,East Anglian Region,A Level or Equivalent,90-100%,0-35,0,60,N,Fail
oulad_final_result_1607,test,BBB,2013B,554454,M,London Region,A Level or Equivalent,30-40%,35-55,0,120,N,Withdrawn
oulad_final_result_0030,test,BBB,2013B,552902,M,South West Region,A Level or Equivalent,70-80%,0-35,0,60,N,Pass
oulad_final_result_1773,train,CCC,2014J,574523,M,South East Region,A Level or Equivalent,50-60%,0-35,1,60,N,Withdrawn
oulad_final_result_1118,test,DDD,2014B,468386,F,Scotland,HE Qualification,0-10%,0-35,2,310,N,Withdrawn
oulad_final_result_1213,train,BBB,2014J,654958,F,East Anglian Region,Lower Than A Level,70-80%,35-55,0,180,N,Withdrawn
oulad_final_result_1873,test,FFF,2013B,534037,M,East Anglian Region,Lower Than A Level,90-100%,35-55,0,60,N,Pass
oulad_final_result_0411,train,EEE,2014J,679207,M,North Western Region,Lower Than A Level,30-40%,35-55,0,90,N,Pass
oulad_final_result_0365,train,CCC,2014B,2464727,F,London Region,Lower Than A Level,0-10%,0-35,0,60,Y,Withdrawn
oulad_final_result_1737,train,BBB,2014B,624653,F,East Anglian Region,A Level or Equivalent,30-40%,35-55,0,60,N,Pass
oulad_final_result_1825,train,BBB,2014J,612566,F,South East Region,Lower Than A Level,10-20,0-35,0,60,N,Pass
oulad_final_result_1659,valid,BBB,2014B,599480,F,London Region,Lower Than A Level,30-40%,0-35,1,120,N,Withdrawn
oulad_final_result_0732,train,GGG,2014J,380668,F,South East Region,Lower Than A Level,20-30%,35-55,0,30,N,Pass
oulad_final_result_1980,valid,EEE,2014B,1763786,M,South Region,A Level or Equivalent,70-80%,35-55,0,60,N,Distinction
oulad_final_result_1179,train,FFF,2014B,498636,M,South Region,Lower Than A Level,20-30%,0-35,2,120,Y,Fail
oulad_final_result_1228,train,CCC,2014J,2574909,M,Wales,HE Qualification,30-40%,35-55,0,30,N,Withdrawn
oulad_final_result_0637,train,BBB,2014J,2685247,F,Ireland,A Level or Equivalent,20-30%,0-35,0,60,N,Distinction
oulad_final_result_1019,train,CCC,2014B,191797,F,North Western Region,A Level or Equivalent,80-90%,0-35,0,30,N,Pass
oulad_final_result_0954,test,BBB,2014B,563945,M,Scotland,Lower Than A Level,70-80%,35-55,0,90,N,Withdrawn
oulad_final_result_0660,train,DDD,2013J,406224,M,East Anglian Region,A Level or Equivalent,90-100%,0-35,0,120,N,Pass
oulad_final_result_1689,valid,BBB,2013B,557622,F,London Region,Lower Than A Level,10-20,0-35,0,60,N,Distinction
oulad_final_result_1064,test,FFF,2013B,352152,M,North Region,A Level or Equivalent,40-50%,35-55,0,90,N,Withdrawn
oulad_final_result_0156,train,DDD,2014B,85216,F,Scotland,HE Qualification,10-20,35-55,1,195,N,Fail
oulad_final_result_0973,train,BBB,2013J,609422,F,Yorkshire Region,Lower Than A Level,80-90%,0-35,0,120,N,Withdrawn
oulad_final_result_1500,train,BBB,2013J,2575994,F,West Midlands Region,A Level or Equivalent,0-10%,35-55,0,60,N,Fail
oulad_final_result_1172,train,FFF,2014B,632544,M,North Region,No Formal quals,,0-35,0,60,N,Pass
oulad_final_result_1075,valid,EEE,2014J,2230251,M,North Western Region,Lower Than A Level,0-10%,35-55,0,60,N,Pass
oulad_final_result_1865,train,DDD,2013B,521709,M,East Midlands Region,A Level or Equivalent,80-90%,0-35,0,120,N,Pass
oulad_final_result_1224,valid,FFF,2014J,692740,M,West Midlands Region,Lower Than A Level,20-30%,0-35,0,60,N,Withdrawn
oulad_final_result_1034,train,GGG,2014J,2606765,F,London Region,Lower Than A Level,80-90%,0-35,0,30,N,Pass
oulad_final_result_1149,train,FFF,2013J,585383,M,South East Region,A Level or Equivalent,40-50%,0-35,0,120,N,Distinction
oulad_final_result_0081,test,BBB,2013B,538196,M,West Midlands Region,A Level or Equivalent,40-50%,35-55,0,60,N,Withdrawn
oulad_final_result_0630,train,BBB,2013J,605438,F,Scotland,Post Graduate Qualification,60-70%,35-55,0,60,N,Distinction
oulad_final_result_0685,valid,CCC,2014J,581708,M,Yorkshire Region,A Level or Equivalent,20-30%,0-35,0,30,N,Withdrawn
oulad_final_result_0333,train,FFF,2013J,568857,F,North Region,Lower Than A Level,,0-35,0,120,Y,Withdrawn
oulad_final_result_0250,train,FFF,2013J,601855,M,South East Region,Lower Than A Level,30-40%,35-55,0,60,N,Withdrawn
oulad_final_result_1829,train,FFF,2013B,390400,M,Scotland,Lower Than A Level,90-100%,0-35,2,120,N,Fail
oulad_final_result_0537,train,DDD,2013B,273339,F,West Midlands Region,Lower Than A Level,0-10%,0-35,0,90,N,Fail
oulad_final_result_1724,train,DDD,2013B,550205,M,London Region,HE Qualification,0-10%,35-55,0,60,Y,Withdrawn
oulad_final_result_1802,train,BBB,2014J,653097,F,West Midlands Region,Lower Than A Level,20-30%,0-35,0,60,N,Withdrawn
oulad_final_result_0415,test,GGG,2014J,681168,M,Wales,No Formal quals,10-20,0-35,0,30,N,Withdrawn
oulad_final_result_0384,valid,DDD,2014B,632115,M,North Western Region,Lower Than A Level,50-60%,0-35,0,60,N,Fail
oulad_final_result_1676,train,FFF,2014J,652994,M,North Western Region,Lower Than A Level,10-20,0-35,0,120,N,Pass
oulad_final_result_1917,train,EEE,2013J,519684,M,Scotland,HE Qualification,70-80%,0-35,0,30,N,Pass
oulad_final_result_0796,train,FFF,2014J,534018,M,East Anglian Region,Lower Than A Level,30-40%,0-35,0,120,Y,Withdrawn
oulad_final_result_1101,valid,BBB,2014J,649542,F,South Region,A Level or Equivalent,50-60%,0-35,0,60,N,Withdrawn
oulad_final_result_1456,train,BBB,2013J,596451,F,East Anglian Region,A Level or Equivalent,90-100%,35-55,0,60,Y,Pass
oulad_final_result_1494,test,CCC,2014J,426316,M,Scotland,HE Qualification,40-50%,0-35,0,60,N,Withdrawn
oulad_final_result_1441,valid,DDD,2013B,524020,M,East Midlands Region,Lower Than A Level,10-20,0-35,0,120,N,Withdrawn
oulad_final_result_0115,train,CCC,2014J,522525,M,East Midlands Region,Lower Than A Level,0-10%,0-35,0,90,N,Pass
oulad_final_result_0038,train,BBB,2014B,572187,F,Scotland,HE Qualification,80-90%,0-35,0,120,N,Fail
oulad_final_result_1350,train,BBB,2014J,2627398,F,South Region,Lower Than A Level,90-100%,0-35,0,60,N,Withdrawn
oulad_final_result_0246,test,DDD,2013B,2209728,F,South Region,A Level or Equivalent,90-100%,35-55,1,60,N,Pass
oulad_final_result_1937,test,DDD,2013B,557850,M,South Region,HE Qualification,60-70%,35-55,0,60,N,Fail
oulad_final_result_0540,train,EEE,2013J,472087,M,East Midlands Region,HE Qualification,30-40%,0-35,0,60,N,Pass
oulad_final_result_0944,train,BBB,2013J,608060,F,London Region,A Level or Equivalent,10-20,0-35,0,120,N,Withdrawn
oulad_final_result_0746,train,BBB,2014B,2683697,F,London Region,Lower Than A Level,0-10%,0-35,1,120,N,Fail
oulad_final_result_0249,train,DDD,2014J,488575,M,Scotland,Lower Than A Level,20-30%,0-35,1,60,N,Withdrawn
oulad_final_result_0747,train,FFF,2013J,608169,M,Wales,HE Qualification,40-50%,35-55,0,90,N,Fail
oulad_final_result_1467,train,BBB,2013J,547311,F,North Western Region,Lower Than A Level,70-80%,35-55,0,60,N,Fail
oulad_final_result_1587,test,DDD,2014B,552908,M,North Western Region,Lower Than A Level,20-30%,0-35,1,120,N,Withdrawn
oulad_final_result_0061,test,BBB,2013J,161491,F,Scotland,A Level or Equivalent,30-40%,0-35,0,120,N,Distinction
oulad_final_result_1209,valid,DDD,2013B,2678338,F,East Anglian Region,No Formal quals,70-80%,0-35,1,120,N,Fail
oulad_final_result_1997,train,FFF,2013J,2393230,M,North Western Region,Lower Than A Level,0-10%,0-35,0,60,Y,Pass
oulad_final_result_1164,train,CCC,2014J,638771,M,South East Region,A Level or Equivalent,10-20,0-35,0,60,N,Pass
oulad_final_result_1217,train,EEE,2013J,2634238,M,Yorkshire Region,Lower Than A Level,30-40%,0-35,0,60,N,Fail
oulad_final_result_0683,train,DDD,2013J,585579,M,Yorkshire Region,Lower Than A Level,0-10%,0-35,0,120,N,Withdrawn
oulad_final_result_0439,train,FFF,2014J,649161,M,North Western Region,No Formal quals,30-40%,0-35,0,120,N,Withdrawn
oulad_final_result_1166,valid,BBB,2014J,650548,F,Scotland,Lower Than A Level,0-10%,0-35,0,60,N,Fail
oulad_final_result_1752,test,CCC,2014B,314555,F,South Region,A Level or Equivalent,30-40%,0-35,0,120,Y,Withdrawn
oulad_final_result_0674,valid,DDD,2013B,545245,M,South Region,Lower Than A Level,80-90%,0-35,0,120,Y,Fail
oulad_final_result_0984,train,DDD,2013J,591593,M,South East Region,Lower Than A Level,50-60%,0-35,0,60,Y,Pass
oulad_final_result_0568,train,CCC,2014B,604517,M,Scotland,Lower Than A Level,60-70%,0-35,0,60,N,Pass
oulad_final_result_0887,train,BBB,2013J,146600,F,Ireland,Lower Than A Level,80-90%,0-35,0,120,N,Pass
oulad_final_result_1927,train,GGG,2013J,129212,F,South Region,Lower Than A Level,80-90%,0-35,0,30,N,Distinction
oulad_final_result_1995,valid,GGG,2013J,603585,M,West Midlands Region,Lower Than A Level,30-40%,35-55,0,30,N,Fail
oulad_final_result_0900,valid,BBB,2014J,119444,F,East Midlands Region,Lower Than A Level,20-30%,0-35,0,120,N,Withdrawn
oulad_final_result_1257,train,CCC,2014J,2340786,M,London Region,A Level or Equivalent,90-100%,35-55,0,30,N,Distinction
oulad_final_result_0884,test,DDD,2014J,575380,F,North Western Region,Lower Than A Level,0-10%,0-35,0,60,N,Pass
oulad_final_result_1042,train,FFF,2013J,576205,F,Yorkshire Region,Lower Than A Level,70-80%,0-35,0,60,N,Pass
oulad_final_result_0767,train,BBB,2013B,503353,F,North Western Region,A Level or Equivalent,30-40%,0-35,0,210,N,Withdrawn
oulad_final_result_0053,train,CCC,2014B,2639310,M,East Anglian Region,A Level or Equivalent,60-70%,0-35,0,90,N,Pass
oulad_final_result_0700,train,GGG,2014B,628495,M,South West Region,Lower Than A Level,60-70%,35-55,0,30,N,Pass
oulad_final_result_0323,test,BBB,2013J,607517,F,East Midlands Region,No Formal quals,20-30%,0-35,0,60,N,Withdrawn
oulad_final_result_1578,train,FFF,2014J,560659,M,East Midlands Region,Lower Than A Level,30-40%,0-35,1,120,N,Withdrawn
oulad_final_result_0166,train,CCC,2014B,1922200,M,Ireland,Lower Than A Level,50-60%,35-55,0,30,N,Fail
oulad_final_result_1968,train,FFF,2013B,319884,F,South Region,A Level or Equivalent,90-100%,35-55,0,60,N,Pass
oulad_final_result_1454,test,FFF,2014J,692946,M,South East Region,Lower Than A Level,70-80%,0-35,0,60,N,Fail
oulad_final_result_0493,valid,DDD,2013B,1311171,M,South Region,A Level or Equivalent,80-90%,35-55,0,60,N,Pass
oulad_final_result_1294,train,BBB,2013J,581530,F,Scotland,A Level or Equivalent,20-30%,0-35,0,60,N,Pass
oulad_final_result_1984,train,FFF,2013B,128142,M,South West Region,A Level or Equivalent,50-60%,35-55,0,60,N,Fail
oulad_final_result_0480,train,FFF,2013B,320764,M,North Western Region,Lower Than A Level,20-30%,0-35,3,180,N,Fail
oulad_final_result_1768,train,EEE,2014J,656057,M,Scotland,HE Qualification,40-50%,0-35,0,60,N,Pass
oulad_final_result_1678,train,FFF,2014B,421179,M,West Midlands Region,Lower Than A Level,20-30%,0-35,0,60,Y,Fail
oulad_final_result_0291,valid,FFF,2013B,395367,F,North Western Region,Lower Than A Level,20-30%,0-35,0,90,Y,Withdrawn
oulad_final_result_1513,train,FFF,2014J,535997,F,North Western Region,Lower Than A Level,70-80%,0-35,0,120,N,Withdrawn
oulad_final_result_1999,train,BBB,2013J,565919,F,Scotland,Lower Than A Level,60-70%,0-35,0,60,N,Pass
oulad_final_result_1713,train,GGG,2014J,678714,F,South Region,Lower Than A Level,10-20,0-35,0,30,N,Withdrawn
oulad_final_result_0759,train,FFF,2013J,573434,M,London Region,Lower Than A Level,40-50%,0-35,0,60,N,Pass
oulad_final_result_0168,train,FFF,2014B,630830,M,North Region,Lower Than A Level,,0-35,0,60,N,Pass
oulad_final_result_0492,valid,BBB,2013J,154570,F,Scotland,Lower Than A Level,50-60%,35-55,1,60,N,Withdrawn
oulad_final_result_0192,train,FFF,2013J,2356196,M,Scotland,HE Qualification,70-80%,0-35,0,90,N,Fail
oulad_final_result_1757,train,DDD,2013B,94923,F,Scotland,Lower Than A Level,30-40%,0-35,2,90,N,Fail
oulad_final_result_0681,train,CCC,2014B,600547,M,North Western Region,A Level or Equivalent,10-20,35-55,0,60,N,Withdrawn
oulad_final_result_0605,test,DDD,2013J,525472,M,East Anglian Region,Lower Than A Level,50-60%,0-35,0,60,N,Distinction
oulad_final_result_1482,train,EEE,2014J,681302,M,North Western Region,HE Qualification,20-30%,0-35,0,60,N,Pass
oulad_final_result_0045,test,BBB,2014J,627563,M,South East Region,HE Qualification,90-100%,55<=,0,120,N,Pass
oulad_final_result_1174,valid,BBB,2014B,591743,F,North Region,Lower Than A Level,30-40%,35-55,0,60,N,Fail
oulad_final_result_1265,valid,CCC,2014B,626444,M,Yorkshire Region,A Level or Equivalent,50-60%,0-35,0,60,N,Withdrawn
oulad_final_result_0771,train,FFF,2014B,627468,M,East Anglian Region,A Level or Equivalent,20-30%,0-35,0,60,N,Pass
oulad_final_result_1812,test,GGG,2014J,642851,M,North Region,Lower Than A Level,20-30%,0-35,0,30,N,Pass
oulad_final_result_1818,train,DDD,2014J,694147,M,London Region,A Level or Equivalent,20-30%,0-35,0,180,N,Withdrawn
oulad_final_result_1003,test,FFF,2014B,628803,M,London Region,A Level or Equivalent,20-30%,35-55,0,90,N,Fail
oulad_final_result_0657,test,EEE,2014B,626296,M,South Region,Lower Than A Level,80-90%,0-35,0,90,N,Pass
oulad_final_result_1733,train,CCC,2014B,410886,F,Scotland,A Level or Equivalent,90-100%,0-35,0,90,N,Withdrawn
oulad_final_result_1685,train,BBB,2013B,387702,F,West Midlands Region,A Level or Equivalent,0-10%,0-35,0,60,N,Fail
oulad_final_result_0097,train,EEE,2014B,393488,M,London Region,No Formal quals,20-30%,0-35,0,120,N,Pass
oulad_final_result_0679,train,CCC,2014B,488431,M,North Region,Lower Than A Level,,0-35,0,90,Y,Pass
oulad_final_result_1896,test,DDD,2014J,590110,F,East Midlands Region,A Level or Equivalent,10-20,0-35,0,120,N,Withdrawn
oulad_final_result_1520,train,BBB,2014J,235371,M,East Anglian Region,A Level or Equivalent,80-90%,0-35,0,60,N,Pass
oulad_final_result_0617,test,CCC,2014B,1678800,M,Scotland,A Level or Equivalent,40-50%,35-55,0,90,N,Pass
oulad_final_result_1420,train,DDD,2013J,572087,M,East Anglian Region,A Level or Equivalent,50-60%,0-35,0,120,N,Withdrawn
oulad_final_result_1990,valid,GGG,2014J,674983,F,Scotland,Lower Than A Level,30-40%,35-55,0,30,N,Withdrawn
oulad_final_result_1868,valid,BBB,2013B,555670,F,London Region,Lower Than A Level,50-60%,35-55,0,60,N,Pass
oulad_final_result_1117,valid,GGG,2013J,575214,F,North Western Region,Lower Than A Level,50-60%,0-35,0,30,N,Pass
oulad_final_result_1906,train,CCC,2014B,607063,F,North Region,A Level or Equivalent,,0-35,0,90,N,Withdrawn
oulad_final_result_1496,train,BBB,2014B,633394,F,North Western Region,A Level or Equivalent,20-30%,0-35,0,60,N,Fail
oulad_final_result_0830,valid,FFF,2013B,1742834,F,Scotland,Post Graduate Qualification,90-100%,35-55,0,60,N,Pass
oulad_final_result_1336,train,FFF,2014B,617976,M,East Midlands Region,A Level or Equivalent,80-90%,0-35,0,60,N,Pass
oulad_final_result_0779,test,BBB,2013B,556292,F,South Region,Lower Than A Level,80-90%,0-35,0,120,N,Distinction
oulad_final_result_1416,test,CCC,2014J,690404,F,Scotland,A Level or Equivalent,20-30%,0-35,0,60,N,Pass
oulad_final_result_0137,train,BBB,2013B,535407,F,East Anglian Region,Lower Than A Level,70-80%,35-55,0,60,N,Pass
oulad_final_result_1521,train,BBB,2014J,683536,F,North Western Region,Lower Than A Level,0-10%,0-35,0,120,N,Withdrawn
oulad_final_result_1086,train,FFF,2014J,641169,M,East Anglian Region,Lower Than A Level,50-60%,35-55,0,90,N,Withdrawn
oulad_final_result_1431,test,FFF,2013J,42616,F,Scotland,Lower Than A Level,80-90%,35-55,0,60,N,Pass
oulad_final_result_0991,train,DDD,2013B,368741,F,South West Region,Lower Than A Level,50-60%,35-55,0,60,N,Fail
oulad_final_result_0353,train,BBB,2014B,2609574,M,West Midlands Region,Lower Than A Level,20-30%,0-35,0,60,Y,Withdrawn
oulad_final_result_0341,train,EEE,2013J,205425,M,East Anglian Region,A Level or Equivalent,50-60%,0-35,0,60,N,Distinction
oulad_final_result_0309,train,FFF,2013J,598294,M,London Region,HE Qualification,10-20,0-35,0,60,N,Pass
oulad_final_result_0283,test,FFF,2014J,640329,F,London Region,A Level or Equivalent,70-80%,0-35,0,180,N,Pass
oulad_final_result_0578,valid,GGG,2014B,634751,F,South West Region,Lower Than A Level,90-100%,0-35,0,30,N,Distinction
oulad_final_result_0289,test,BBB,2013B,545927,M,South East Region,Lower Than A Level,10-20,35-55,0,120,N,Withdrawn
oulad_final_result_0724,test,CCC,2014J,633303,M,East Midlands Region,Post Graduate Qualification,60-70%,35-55,0,60,N,Distinction
oulad_final_result_1665,train,BBB,2014J,511424,F,North Region,Lower Than A Level,20-30%,0-35,0,60,N,Withdrawn
oulad_final_result_0729,train,EEE,2014J,553753,M,North Western Region,Lower Than A Level,20-30%,0-35,0,60,N,Withdrawn
oulad_final_result_0256,test,EEE,2014J,650384,M,East Anglian Region,Lower Than A Level,40-50%,0-35,0,30,N,Withdrawn
oulad_final_result_1309,train,CCC,2014J,594326,M,West Midlands Region,A Level or Equivalent,60-70%,0-35,1,60,N,Pass
oulad_final_result_1342,valid,FFF,2014B,2583997,M,West Midlands Region,Lower Than A Level,20-30%,0-35,0,90,N,Fail
oulad_final_result_0259,valid,DDD,2014J,596420,M,North Region,A Level or Equivalent,10-20,0-35,0,60,N,Withdrawn
oulad_final_result_0689,train,BBB,2014J,201655,F,Yorkshire Region,A Level or Equivalent,50-60%,0-35,0,60,N,Withdrawn
oulad_final_result_1021,train,BBB,2013J,287309,F,South West Region,Lower Than A Level,40-50%,0-35,2,120,N,Pass
oulad_final_result_0009,train,FFF,2013B,524984,F,East Midlands Region,Lower Than A Level,30-40%,0-35,0,120,N,Withdrawn
oulad_final_result_0242,test,DDD,2013B,552661,M,East Anglian Region,Lower Than A Level,30-40%,35-55,0,60,N,Pass
oulad_final_result_1133,train,AAA,2013J,969076,M,South West Region,A Level or Equivalent,80-90%,35-55,0,180,N,Withdrawn
oulad_final_result_1767,train,FFF,2013J,594996,M,South Region,Lower Than A Level,40-50%,0-35,0,120,N,Withdrawn
oulad_final_result_1599,valid,FFF,2014B,313243,M,Wales,A Level or Equivalent,80-90%,0-35,0,75,N,Pass
oulad_final_result_1433,train,GGG,2013J,481404,M,North Western Region,Lower Than A Level,0-10%,35-55,0,30,Y,Pass
oulad_final_result_0649,train,FFF,2014J,644784,M,East Midlands Region,A Level or Equivalent,0-10%,0-35,0,60,N,Pass
oulad_final_result_0738,train,GGG,2013J,602768,F,London Region,Lower Than A Level,0-10%,0-35,0,30,N,Fail
oulad_final_result_0752,valid,EEE,2014B,620977,M,South West Region,A Level or Equivalent,80-90%,0-35,0,60,N,Withdrawn
oulad_final_result_0977,test,DDD,2014J,654880,M,North Region,No Formal quals,,0-35,0,90,N,Withdrawn
oulad_final_result_1143,train,CCC,2014J,577235,M,North Western Region,Lower Than A Level,20-30%,35-55,0,30,N,Fail
oulad_final_result_1691,train,BBB,2013B,533512,F,East Anglian Region,Lower Than A Level,40-50%,0-35,0,120,N,Withdrawn
oulad_final_result_0490,train,CCC,2014J,105413,M,South West Region,HE Qualification,70-80%,35-55,0,100,N,Pass
oulad_final_result_1975,train,BBB,2013B,556840,F,South Region,A Level or Equivalent,90-100%,35-55,0,60,N,Withdrawn
oulad_final_result_1540,train,DDD,2014J,118578,F,Scotland,A Level or Equivalent,60-70%,0-35,2,60,Y,Withdrawn
oulad_final_result_1719,train,FFF,2013B,478337,F,London Region,Lower Than A Level,0-10%,0-35,0,90,N,Pass
oulad_final_result_0712,train,GGG,2014J,546724,F,London Region,Lower Than A Level,50-60%,0-35,2,30,N,Pass
oulad_final_result_1193,train,FFF,2013J,572589,F,East Midlands Region,Lower Than A Level,50-60%,0-35,0,60,N,Withdrawn
oulad_final_result_1346,test,DDD,2014J,651561,M,East Midlands Region,A Level or Equivalent,10-20,0-35,0,60,N,Pass
oulad_final_result_1660,train,BBB,2013J,560676,F,East Midlands Region,Lower Than A Level,60-70%,35-55,0,60,N,Fail
oulad_final_result_0899,valid,CCC,2014J,615225,F,East Midlands Region,Lower Than A Level,80-90%,0-35,0,90,N,Withdrawn
oulad_final_result_1536,train,DDD,2014J,645818,M,West Midlands Region,A Level or Equivalent,30-40%,0-35,0,60,N,Pass
oulad_final_result_0446,train,EEE,2014J,685292,M,London Region,Lower Than A Level,20-30%,35-55,0,120,N,Pass
oulad_final_result_0294,train,BBB,2014B,579537,F,Ireland,A Level or Equivalent,,35-55,0,60,N,Pass
oulad_final_result_0466,train,DDD,2014B,589963,M,Scotland,Lower Than A Level,30-40%,0-35,1,180,N,Pass
oulad_final_result_0352,train,GGG,2014B,623575,F,South Region,Lower Than A Level,50-60%,35-55,0,30,N,Pass
oulad_final_result_0403,test,CCC,2014B,557700,M,North Region,Post Graduate Qualification,,0-35,0,60,N,Withdrawn
oulad_final_result_1475,train,BBB,2014B,2513954,F,South East Region,Lower Than A Level,60-70%,35-55,0,60,N,Distinction
oulad_final_result_0870,test,CCC,2014J,693456,M,London Region,Lower Than A Level,10-20,0-35,0,120,N,Withdrawn
oulad_final_result_0240,train,FFF,2013J,476520,M,South East Region,Lower Than A Level,30-40%,0-35,0,90,Y,Pass
oulad_final_result_0850,train,FFF,2013B,2567288,M,North Region,Lower Than A Level,,0-35,0,90,N,Fail
oulad_final_result_1066,train,EEE,2014J,651534,M,Scotland,HE Qualification,30-40%,0-35,0,30,N,Pass
oulad_final_result_0586,train,EEE,2013J,583192,F,Scotland,HE Qualification,90-100%,0-35,0,75,N,Pass
oulad_final_result_0579,valid,DDD,2013B,549545,M,South East Region,Lower Than A Level,30-40%,0-35,0,60,N,Pass
oulad_final_result_0389,train,DDD,2013B,1620593,M,Scotland,Lower Than A Level,0-10%,35-55,1,60,N,Fail
oulad_final_result_0396,train,FFF,2013J,607473,M,East Midlands Region,Lower Than A Level,0-10%,0-35,0,90,N,Withdrawn
oulad_final_result_1140,train,CCC,2014J,616439,M,East Anglian Region,A Level or Equivalent,50-60%,0-35,1,30,N,Fail
oulad_final_result_1535,train,FFF,2013J,590815,M,North Region,A Level or Equivalent,0-10%,0-35,0,120,N,Withdrawn
oulad_final_result_0892,train,DDD,2014J,656459,F,London Region,Lower Than A Level,80-90%,35-55,0,120,N,Withdrawn
oulad_final_result_1801,valid,CCC,2014B,404239,M,Scotland,A Level or Equivalent,40-50%,0-35,0,60,Y,Fail
oulad_final_result_1569,valid,BBB,2014J,535963,F,Yorkshire Region,HE Qualification,70-80%,35-55,0,60,N,Distinction
oulad_final_result_1847,train,FFF,2014J,575710,M,North Western Region,HE Qualification,0-10%,0-35,0,120,N,Withdrawn
oulad_final_result_0200,train,CCC,2014B,596321,F,North Western Region,A Level or Equivalent,70-80%,0-35,0,60,N,Withdrawn
oulad_final_result_1194,train,DDD,2013J,426097,M,East Anglian Region,Lower Than A Level,30-40%,0-35,0,120,Y,Withdrawn
oulad_final_result_1805,train,BBB,2013B,399792,M,Scotland,HE Qualification,30-40%,0-35,2,150,Y,Fail
oulad_final_result_1283,train,GGG,2014J,691556,F,Scotland,Lower Than A Level,70-80%,35-55,0,30,N,Pass
oulad_final_result_0123,train,BBB,2014B,579255,F,Wales,Lower Than A Level,50-60%,0-35,1,120,N,Withdrawn
oulad_final_result_1971,train,BBB,2014J,683592,F,South Region,A Level or Equivalent,80-90%,0-35,0,60,N,Pass
oulad_final_result_1414,train,FFF,2013J,580477,M,East Anglian Region,Lower Than A Level,80-90%,0-35,0,120,Y,Withdrawn
oulad_final_result_1594,train,BBB,2013B,558820,F,Scotland,Lower Than A Level,40-50%,0-35,0,60,N,Fail
oulad_final_result_1932,train,DDD,2014J,472649,F,East Anglian Region,A Level or Equivalent,40-50%,0-35,0,150,N,Withdrawn
oulad_final_result_1793,train,EEE,2013J,499881,F,South West Region,A Level or Equivalent,0-10%,0-35,0,60,N,Pass
oulad_final_result_1928,valid,FFF,2013J,591403,M,East Anglian Region,A Level or Equivalent,0-10%,0-35,0,60,N,Distinction
oulad_final_result_1110,train,BBB,2014J,2218789,F,East Anglian Region,A Level or Equivalent,20-30%,0-35,0,120,N,Withdrawn
oulad_final_result_0089,valid,BBB,2013B,515474,F,Wales,A Level or Equivalent,30-40%,0-35,0,60,N,Pass
oulad_final_result_1561,train,EEE,2014B,622425,M,North Western Region,A Level or Equivalent,40-50%,0-35,0,30,N,Pass
oulad_final_result_1515,test,DDD,2013B,401486,M,London Region,A Level or Equivalent,20-30%,0-35,0,70,N,Distinction
oulad_final_result_1263,train,DDD,2014B,352600,F,Scotland,HE Qualification,10-20,0-35,0,135,N,Withdrawn
oulad_final_result_1285,train,DDD,2013J,581283,F,London Region,A Level or Equivalent,40-50%,35-55,0,60,N,Withdrawn
oulad_final_result_0833,test,CCC,2014J,559225,M,Scotland,A Level or Equivalent,90-100%,0-35,0,60,N,Fail
oulad_final_result_0798,train,DDD,2013J,162337,F,West Midlands Region,Lower Than A Level,30-40%,0-35,0,120,N,Fail
oulad_final_result_1839,train,FFF,2014J,650251,M,East Midlands Region,A Level or Equivalent,10-20,0-35,0,60,N,Distinction
oulad_final_result_1292,train,BBB,2013J,524076,F,London Region,A Level or Equivalent,20-30%,0-35,0,60,N,Fail
oulad_final_result_1002,train,BBB,2013J,523545,F,Scotland,HE Qualification,50-60%,0-35,0,60,N,Pass
oulad_final_result_1072,test,DDD,2014J,694698,M,North Region,HE Qualification,,35-55,0,60,N,Pass
oulad_final_result_1892,train,CCC,2014B,622753,F,South West Region,A Level or Equivalent,50-60%,0-35,0,60,N,Fail
oulad_final_result_0668,train,BBB,2013J,530514,F,East Midlands Region,Lower Than A Level,10-20,0-35,0,60,Y,Pass
oulad_final_result_1446,train,CCC,2014B,283798,M,London Region,Lower Than A Level,40-50%,35-55,0,60,N,Pass
oulad_final_result_0114,valid,CCC,2014J,639012,F,North Western Region,A Level or Equivalent,80-90%,0-35,0,150,N,Fail
oulad_final_result_0090,train,BBB,2013J,577215,F,East Midlands Region,HE Qualification,10-20,0-35,0,60,N,Withdrawn
oulad_final_result_0239,train,EEE,2014J,656854,M,Scotland,A Level or Equivalent,20-30%,0-35,0,60,N,Pass
oulad_final_result_1573,train,FFF,2014B,239345,M,South Region,HE Qualification,60-70%,35-55,0,60,N,Pass
oulad_final_result_1580,train,EEE,2014B,592593,M,South Region,A Level or Equivalent,90-100%,0-35,0,150,N,Pass
oulad_final_result_0016,train,FFF,2013B,526819,M,London Region,A Level or Equivalent,10-20,0-35,1,150,N,Fail
oulad_final_result_1444,valid,GGG,2014B,621025,F,East Anglian Region,No Formal quals,20-30%,0-35,0,30,N,Fail
oulad_final_result_1370,train,DDD,2014B,470733,M,London Region,A Level or Equivalent,40-50%,0-35,0,60,N,Fail
oulad_final_result_0459,train,FFF,2014J,605091,M,South East Region,No Formal quals,20-30%,0-35,1,60,N,Fail
oulad_final_result_0359,train,BBB,2013J,595232,F,South Region,A Level or Equivalent,90-100%,0-35,0,180,N,Withdrawn
oulad_final_result_0906,train,CCC,2014B,607453,M,South East Region,HE Qualification,20-30%,0-35,0,240,N,Withdrawn
oulad_final_result_1809,train,DDD,2013J,493207,F,West Midlands Region,Lower Than A Level,60-70%,0-35,0,60,N,Withdrawn
oulad_final_result_1344,valid,EEE,2013J,465777,F,London Region,HE Qualification,30-40%,0-35,0,30,N,Pass
oulad_final_result_0777,valid,DDD,2014B,602533,M,West Midlands Region,A Level or Equivalent,20-30%,0-35,0,60,Y,Distinction
oulad_final_result_1612,test,EEE,2014J,697120,M,West Midlands Region,HE Qualification,0-10%,0-35,0,120,N,Withdrawn
oulad_final_result_0255,valid,GGG,2013J,606233,M,East Anglian Region,A Level or Equivalent,40-50%,0-35,0,30,N,Pass
oulad_final_result_1663,train,FFF,2014J,686344,M,East Midlands Region,Lower Than A Level,80-90%,0-35,0,60,N,Pass
oulad_final_result_0391,train,GGG,2014J,655625,F,West Midlands Region,A Level or Equivalent,30-40%,0-35,0,30,N,Fail
oulad_final_result_0937,valid,CCC,2014B,624970,F,Scotland,HE Qualification,70-80%,0-35,0,120,N,Pass
oulad_final_result_0618,train,BBB,2013B,516057,F,South East Region,A Level or Equivalent,50-60%,0-35,0,60,Y,Pass
oulad_final_result_0300,test,FFF,2014J,583318,M,South Region,A Level or Equivalent,40-50%,0-35,0,90,Y,Pass
oulad_final_result_0330,train,BBB,2014B,620922,F,North Western Region,Lower Than A Level,10-20,0-35,0,60,N,Pass
oulad_final_result_1445,train,FFF,2013J,596231,M,North Western Region,A Level or Equivalent,10-20,0-35,0,90,N,Withdrawn
oulad_final_result_1933,train,DDD,2014B,585384,F,East Anglian Region,Lower Than A Level,80-90%,0-35,1,210,N,Withdrawn
oulad_final_result_0004,train,FFF,2013J,526601,M,South Region,Lower Than A Level,90-100%,35-55,0,60,N,Pass
oulad_final_result_1646,train,GGG,2014J,674359,F,South West Region,A Level or Equivalent,10-20,0-35,0,30,N,Fail
oulad_final_result_1242,train,BBB,2014J,2570396,F,South Region,A Level or Equivalent,70-80%,35-55,1,60,N,Pass
oulad_final_result_1332,test,BBB,2013J,606736,F,East Anglian Region,Lower Than A Level,70-80%,0-35,0,60,N,Withdrawn
oulad_final_result_1620,valid,GGG,2014B,633585,F,Scotland,A Level or Equivalent,70-80%,0-35,0,30,N,Fail
oulad_final_result_1559,valid,BBB,2014J,624342,F,East Anglian Region,A Level or Equivalent,70-80%,0-35,0,90,N,Pass
oulad_final_result_1583,test,BBB,2014J,653068,F,Yorkshire Region,A Level or Equivalent,0-10%,0-35,0,120,N,Pass
oulad_final_result_0110,train,DDD,2013J,442530,M,South East Region,Lower Than A Level,90-100%,0-35,0,120,Y,Withdrawn
oulad_final_result_0400,train,CCC,2014B,568084,M,East Midlands Region,A Level or Equivalent,20-30%,0-35,0,120,N,Distinction
oulad_final_result_0154,train,EEE,2014B,135330,M,Scotland,HE Qualification,90-100%,35-55,0,60,N,Fail
oulad_final_result_1806,train,FFF,2013B,336362,M,East Anglian Region,Lower Than A Level,70-80%,0-35,2,120,Y,Fail
oulad_final_result_0042,train,DDD,2014B,367127,F,London Region,A Level or Equivalent,90-100%,0-35,0,120,N,Pass
oulad_final_result_0133,train,DDD,2014J,335018,F,London Region,Lower Than A Level,50-60%,0-35,2,60,N,Pass
oulad_final_result_1286,test,DDD,2013J,590762,M,Scotland,A Level or Equivalent,30-40%,0-35,0,120,N,Fail
oulad_final_result_0726,valid,FFF,2013B,2532652,M,Ireland,A Level or Equivalent,30-40%,0-35,0,60,N,Withdrawn
oulad_final_result_1047,train,BBB,2014J,510471,F,South Region,Lower Than A Level,90-100%,35-55,0,60,N,Pass
oulad_final_result_1023,train,FFF,2013J,594376,M,Scotland,HE Qualification,0-10%,0-35,0,90,N,Withdrawn
oulad_final_result_1272,train,BBB,2014J,635328,M,London Region,Lower Than A Level,0-10%,0-35,0,90,N,Fail
oulad_final_result_1870,train,CCC,2014B,628575,M,Scotland,A Level or Equivalent,20-30%,0-35,0,90,N,Pass
oulad_final_result_0709,train,AAA,2013J,1758449,M,South Region,Lower Than A Level,30-40%,35-55,0,75,N,Withdrawn
oulad_final_result_0751,train,CCC,2014B,553410,F,London Region,Lower Than A Level,0-10%,0-35,0,60,Y,Withdrawn
oulad_final_result_1851,train,BBB,2013J,598199,F,East Anglian Region,A Level or Equivalent,0-10%,0-35,0,120,N,Withdrawn
oulad_final_result_1602,train,EEE,2013J,588280,M,South East Region,A Level or Equivalent,50-60%,35-55,0,60,N,Distinction
oulad_final_result_1667,train,GGG,2014B,607536,F,East Anglian Region,Lower Than A Level,20-30%,0-35,0,30,N,Pass
oulad_final_result_1988,train,DDD,2014B,624789,M,Scotland,HE Qualification,0-10%,0-35,0,60,Y,Pass
oulad_final_result_1761,train,DDD,2013B,395757,M,South West Region,HE Qualification,50-60%,35-55,0,130,N,Pass
oulad_final_result_0705,train,FFF,2013J,604918,M,Scotland,A Level or Equivalent,50-60%,0-35,0,60,N,Fail
oulad_final_result_0947,test,BBB,2013J,586490,F,South West Region,Lower Than A Level,40-50%,0-35,0,120,N,Fail
oulad_final_result_0946,train,CCC,2014J,126812,F,East Midlands Region,A Level or Equivalent,40-50%,0-35,0,120,N,Withdrawn
oulad_final_result_1436,test,GGG,2013J,593858,F,London Region,Lower Than A Level,70-80%,35-55,0,30,N,Pass
oulad_final_result_0397,train,FFF,2013J,560946,M,Scotland,A Level or Equivalent,40-50%,0-35,0,90,N,Fail
oulad_final_result_1113,train,FFF,2013B,1627071,M,London Region,Lower Than A Level,10-20,35-55,1,120,Y,Fail
oulad_final_result_0286,train,DDD,2013B,491108,F,South West Region,A Level or Equivalent,20-30%,0-35,0,60,N,Distinction
oulad_final_result_0216,train,FFF,2013J,504956,M,Scotland,HE Qualification,30-40%,35-55,1,90,Y,Fail
oulad_final_result_0999,valid,FFF,2013J,572250,M,East Anglian Region,A Level or Equivalent,90-100%,0-35,0,120,N,Pass
oulad_final_result_0304,test,BBB,2014J,598035,F,East Midlands Region,Lower Than A Level,30-40%,0-35,0,60,N,Pass
oulad_final_result_0879,test,DDD,2014J,551440,M,Wales,A Level or Equivalent,70-80%,0-35,0,60,N,Fail
oulad_final_result_0302,train,BBB,2013B,513210,F,London Region,Lower Than A Level,30-40%,35-55,1,120,Y,Withdrawn
oulad_final_result_0826,valid,FFF,2013J,610517,M,South West Region,Lower Than A Level,10-20,0-35,0,60,Y,Fail
oulad_final_result_1730,train,FFF,2013J,377705,M,East Anglian Region,A Level or Equivalent,50-60%,0-35,1,60,N,Fail
oulad_final_result_0375,train,DDD,2013J,501867,M,London Region,HE Qualification,20-30%,0-35,0,90,N,Pass
oulad_final_result_0688,train,DDD,2013J,465441,M,West Midlands Region,HE Qualification,60-70%,0-35,1,60,N,Pass
oulad_final_result_1177,train,DDD,2014J,676498,F,London Region,HE Qualification,70-80%,0-35,0,60,N,Withdrawn
oulad_final_result_0146,train,DDD,2013J,114558,M,North Region,Lower Than A Level,,0-35,0,60,N,Pass
oulad_final_result_0153,valid,GGG,2013J,601576,F,East Anglian Region,Lower Than A Level,20-30%,0-35,0,30,N,Fail
oulad_final_result_1362,train,EEE,2013J,486964,M,Scotland,Lower Than A Level,50-60%,0-35,0,60,N,Fail
oulad_final_result_0145,valid,FFF,2014J,582034,M,Yorkshire Region,Lower Than A Level,60-70%,0-35,0,60,N,Withdrawn
oulad_final_result_0461,valid,FFF,2014J,693497,M,South Region,HE Qualification,80-90%,0-35,0,60,N,Pass
oulad_final_result_1885,train,CCC,2014J,2504694,F,North Western Region,Lower Than A Level,10-20,0-35,0,90,Y,Withdrawn
oulad_final_result_1013,train,BBB,2014B,336356,F,South West Region,A Level or Equivalent,10-20,0-35,0,120,N,Pass
oulad_final_result_1046,train,DDD,2014J,477354,M,London Region,Lower Than A Level,60-70%,35-55,0,60,N,Pass
oulad_final_result_0634,train,DDD,2013J,1835411,M,Scotland,HE Qualification,90-100%,55<=,0,60,N,Distinction
oulad_final_result_1704,train,EEE,2014J,344740,M,London Region,Lower Than A Level,60-70%,35-55,0,90,N,Distinction
oulad_final_result_0229,test,FFF,2014B,626765,M,East Midlands Region,Lower Than A Level,0-10%,0-35,0,90,N,Pass
oulad_final_result_0280,train,GGG,2014J,692828,F,South Region,Lower Than A Level,40-50%,35-55,0,30,N,Pass
oulad_final_result_1251,test,BBB,2013J,594056,F,Scotland,A Level or Equivalent,20-30%,35-55,0,60,N,Pass
oulad_final_result_0327,train,CCC,2014J,589723,F,South Region,A Level or Equivalent,60-70%,0-35,0,30,N,Withdrawn
oulad_final_result_1310,train,FFF,2013J,599805,M,South Region,A Level or Equivalent,40-50%,0-35,0,180,N,Withdrawn
oulad_final_result_1036,test,BBB,2013B,559180,F,London Region,A Level or Equivalent,60-70%,0-35,0,60,N,Pass
oulad_final_result_1711,train,BBB,2013J,568502,F,London Region,HE Qualification,40-50%,0-35,0,120,N,Pass
oulad_final_result_1374,train,EEE,2013J,195234,M,Scotland,Lower Than A Level,90-100%,0-35,0,30,N,Fail
oulad_final_result_0969,train,DDD,2014J,370274,M,West Midlands Region,A Level or Equivalent,40-50%,0-35,0,60,N,Pass
oulad_final_result_1439,train,DDD,2014J,676865,F,South West Region,A Level or Equivalent,50-60%,0-35,0,120,N,Distinction
oulad_final_result_0611,train,AAA,2014J,2277857,F,West Midlands Region,A Level or Equivalent,70-80%,35-55,0,60,N,Pass
oulad_final_result_1221,train,GGG,2014B,634986,F,East Midlands Region,A Level or Equivalent,10-20,35-55,0,30,N,Pass
oulad_final_result_0055,train,DDD,2013J,598701,M,Scotland,HE Qualification,40-50%,0-35,0,60,N,Fail
oulad_final_result_0557,train,FFF,2013B,166421,M,South Region,Lower Than A Level,50-60%,0-35,0,60,N,Pass
oulad_final_result_1901,train,BBB,2013J,2455066,F,Yorkshire Region,HE Qualification,10-20,35-55,0,60,N,Pass
oulad_final_result_1754,train,GGG,2014B,2658277,F,South East Region,A Level or Equivalent,10-20,0-35,0,30,N,Fail
oulad_final_result_1429,train,DDD,2013J,476144,F,North Western Region,HE Qualification,0-10%,0-35,0,60,N,Pass
oulad_final_result_1121,train,BBB,2013B,543864,F,Scotland,Lower Than A Level,10-20,0-35,0,60,N,Fail
oulad_final_result_1957,train,AAA,2014J,593846,M,South Region,HE Qualification,50-60%,0-35,0,120,N,Withdrawn
oulad_final_result_0647,train,BBB,2013J,604079,F,North Western Region,A Level or Equivalent,10-20,0-35,0,120,Y,Withdrawn
oulad_final_result_1505,train,FFF,2013B,2090053,M,East Anglian Region,A Level or Equivalent,40-50%,0-35,0,60,N,Pass
oulad_final_result_1233,train,GGG,2014B,299536,F,South West Region,Lower Than A Level,50-60%,0-35,0,30,Y,Fail
oulad_final_result_1762,valid,BBB,2014B,437171,F,East Midlands Region,A Level or Equivalent,0-10%,35-55,0,60,N,Pass
oulad_final_result_1461,train,GGG,2014B,2574822,F,Yorkshire Region,A Level or Equivalent,20-30%,0-35,0,30,N,Withdrawn
oulad_final_result_1147,train,BBB,2014J,606134,F,East Anglian Region,A Level or Equivalent,50-60%,0-35,0,60,N,Pass
oulad_final_result_0243,train,FFF,2013J,546480,M,East Anglian Region,A Level or Equivalent,30-40%,0-35,0,60,N,Pass
oulad_final_result_0085,train,DDD,2013J,586243,F,North Region,A Level or Equivalent,0-10%,35-55,0,60,N,Distinction
oulad_final_result_0014,train,GGG,2014B,545665,F,South West Region,A Level or Equivalent,20-30%,35-55,0,60,Y,Distinction
oulad_final_result_1471,train,GGG,2014B,626618,F,Yorkshire Region,Lower Than A Level,0-10%,0-35,0,30,N,Fail
oulad_final_result_1715,test,CCC,2014J,286658,F,North Region,A Level or Equivalent,,35-55,0,90,N,Distinction
oulad_final_result_0753,valid,BBB,2014B,634280,M,West Midlands Region,HE Qualification,30-40%,0-35,0,120,N,Distinction
oulad_final_result_1964,train,FFF,2013J,608727,M,North Region,A Level or Equivalent,10-20,0-35,0,120,N,Withdrawn
oulad_final_result_0130,train,EEE,2014J,2443165,F,East Anglian Region,Lower Than A Level,70-80%,35-55,0,120,N,Withdrawn
oulad_final_result_0395,train,FFF,2013J,570428,M,North Western Region,A Level or Equivalent,20-30%,0-35,0,120,N,Pass
oulad_final_result_0080,test,DDD,2013J,513499,M,Ireland,A Level or Equivalent,20-30%,0-35,0,60,N,Pass
oulad_final_result_1992,train,FFF,2013B,545951,F,Wales,A Level or Equivalent,70-80%,0-35,0,60,N,Withdrawn
oulad_final_result_1382,train,AAA,2013J,240712,M,London Region,HE Qualification,80-90%,0-35,0,80,N,Pass
oulad_final_result_0127,valid,BBB,2014J,578418,F,Scotland,A Level or Equivalent,20-30%,0-35,0,60,N,Withdrawn
oulad_final_result_1926,train,FFF,2013J,608422,M,North Region,A Level or Equivalent,,35-55,0,90,N,Pass
oulad_final_result_1669,train,BBB,2013J,598260,F,Ireland,A Level or Equivalent,20-30%,0-35,0,120,N,Withdrawn
oulad_final_result_1383,train,BBB,2013B,532000,F,East Anglian Region,Lower Than A Level,80-90%,0-35,1,120,N,Withdrawn
oulad_final_result_0155,train,CCC,2014J,354688,F,London Region,Lower Than A Level,60-70%,0-35,0,60,N,Pass
oulad_final_result_0971,train,BBB,2013B,556553,F,South East Region,A Level or Equivalent,30-40%,0-35,0,60,N,Pass
oulad_final_result_1867,train,DDD,2013J,585929,M,North Western Region,A Level or Equivalent,10-20,0-35,0,120,N,Withdrawn
oulad_final_result_0472,train,CCC,2014J,378576,F,East Anglian Region,Lower Than A Level,70-80%,35-55,0,30,N,Withdrawn
oulad_final_result_0920,train,FFF,2013J,486551,M,South Region,A Level or Equivalent,50-60%,0-35,0,60,N,Pass
oulad_final_result_1821,train,CCC,2014B,468753,M,West Midlands Region,A Level or Equivalent,10-20,0-35,0,60,N,Fail
oulad_final_result_1680,train,FFF,2014J,648515,M,Scotland,A Level or Equivalent,50-60%,0-35,0,120,N,Fail
oulad_final_result_0120,valid,BBB,2013B,2384819,F,Scotland,HE Qualification,0-10%,35-55,0,120,N,Distinction
oulad_final_result_0184,train,FFF,2014J,2028523,F,South West Region,A Level or Equivalent,50-60%,35-55,0,90,N,Withdrawn
oulad_final_result_1123,train,DDD,2014J,552114,F,South West Region,Lower Than A Level,50-60%,0-35,1,120,N,Fail
oulad_final_result_0100,train,FFF,2013J,610335,M,South West Region,Lower Than A Level,60-70%,0-35,0,60,N,Withdrawn
oulad_final_result_1201,train,DDD,2013J,509416,F,West Midlands Region,A Level or Equivalent,50-60%,0-35,0,120,N,Withdrawn
oulad_final_result_0494,train,BBB,2014J,491001,F,South East Region,A Level or Equivalent,60-70%,0-35,0,120,N,Withdrawn
oulad_final_result_1432,train,DDD,2014J,650271,M,North Region,HE Qualification,,35-55,0,120,N,Fail
oulad_final_result_1746,test,DDD,2013J,315730,M,South West Region,A Level or Equivalent,60-70%,0-35,0,60,N,Pass
oulad_final_result_1798,train,CCC,2014J,414772,F,Yorkshire Region,A Level or Equivalent,70-80%,0-35,0,90,N,Pass
oulad_final_result_0382,test,BBB,2014J,694404,F,East Anglian Region,Lower Than A Level,90-100%,0-35,0,60,N,Fail
oulad_final_result_1698,train,BBB,2014J,554048,F,North Western Region,A Level or Equivalent,50-60%,35-55,0,60,N,Pass
oulad_final_result_1227,train,FFF,2014J,132475,F,Scotland,HE Qualification,20-30%,0-35,0,60,N,Pass
oulad_final_result_1347,valid,FFF,2014J,484010,M,East Anglian Region,A Level or Equivalent,70-80%,35-55,0,60,N,Fail
oulad_final_result_0580,train,GGG,2013J,561148,F,East Anglian Region,Lower Than A Level,60-70%,35-55,0,30,N,Pass
oulad_final_result_1314,valid,FFF,2014B,620277,F,Ireland,A Level or Equivalent,30-40%,0-35,0,75,N,Fail
oulad_final_result_1687,train,BBB,2013B,561713,M,Wales,Lower Than A Level,90-100%,0-35,0,60,N,Pass
oulad_final_result_0430,train,CCC,2014B,2569834,F,East Anglian Region,A Level or Equivalent,80-90%,35-55,0,60,N,Withdrawn
oulad_final_result_1091,valid,FFF,2013B,142339,F,East Anglian Region,Post Graduate Qualification,90-100%,35-55,0,60,N,Distinction
oulad_final_result_0172,test,EEE,2013J,539695,M,North Western Region,Lower Than A Level,30-40%,0-35,0,60,Y,Fail
oulad_final_result_0881,train,GGG,2013J,581965,F,East Anglian Region,Lower Than A Level,90-100%,35-55,0,30,N,Distinction
oulad_final_result_1661,train,FFF,2013J,589665,M,South West Region,Lower Than A Level,10-20,0-35,0,120,N,Withdrawn
oulad_final_result_0638,train,CCC,2014B,580525,M,North Region,HE Qualification,,0-35,0,60,N,Distinction
oulad_final_result_0593,train,FFF,2014J,646402,M,Scotland,Post Graduate Qualification,50-60%,0-35,0,120,N,Pass
oulad_final_result_1348,test,BBB,2013B,2620178,M,South Region,Lower Than A Level,20-30%,0-35,0,60,N,Distinction
oulad_final_result_1939,train,BBB,2014J,555749,F,Scotland,A Level or Equivalent,90-100%,0-35,0,120,N,Pass
oulad_final_result_0503,train,DDD,2013J,494389,F,London Region,A Level or Equivalent,30-40%,0-35,0,120,Y,Withdrawn
oulad_final_result_0873,train,FFF,2014J,2140300,F,North Western Region,A Level or Equivalent,90-100%,35-55,0,240,N,Pass
oulad_final_result_1905,train,DDD,2014J,599877,M,London Region,A Level or Equivalent,40-50%,0-35,0,120,N,Withdrawn
oulad_final_result_1459,train,EEE,2014J,613953,M,North Western Region,A Level or Equivalent,50-60%,0-35,0,30,N,Pass
oulad_final_result_1742,train,DDD,2014J,603961,M,South Region,Lower Than A Level,,0-35,0,60,N,Pass
oulad_final_result_1481,train,FFF,2013J,2356049,F,South Region,Lower Than A Level,80-90%,0-35,0,60,N,Withdrawn
oulad_final_result_1138,valid,CCC,2014B,617307,F,East Anglian Region,Lower Than A Level,20-30%,0-35,0,120,N,Withdrawn
oulad_final_result_0595,train,FFF,2013J,570023,M,West Midlands Region,No Formal quals,0-10%,0-35,0,60,N,Withdrawn
oulad_final_result_0113,test,BBB,2014B,591309,F,North Western Region,Lower Than A Level,0-10%,0-35,0,180,N,Withdrawn
oulad_final_result_0871,train,CCC,2014B,611260,M,West Midlands Region,A Level or Equivalent,0-10%,35-55,0,30,N,Pass
oulad_final_result_0094,test,CCC,2014J,650133,F,East Anglian Region,A Level or Equivalent,70-80%,0-35,0,60,N,Withdrawn
oulad_final_result_1269,valid,FFF,2014J,535542,M,Scotland,Lower Than A Level,80-90%,0-35,0,150,N,Withdrawn
oulad_final_result_0943,train,DDD,2013B,557247,F,Yorkshire Region,A Level or Equivalent,0-10%,0-35,0,60,Y,Withdrawn
oulad_final_result_0876,test,DDD,2013J,274712,M,London Region,HE Qualification,70-80%,35-55,2,60,N,Fail
oulad_final_result_0245,train,CCC,2014J,680765,F,London Region,Lower Than A Level,10-20,0-35,0,120,N,Fail
oulad_final_result_0885,train,FFF,2014J,322499,M,Scotland,A Level or Equivalent,90-100%,0-35,0,120,N,Withdrawn
oulad_final_result_0717,train,FFF,2013J,259609,M,East Midlands Region,Lower Than A Level,20-30%,0-35,2,180,Y,Withdrawn
oulad_final_result_0693,train,BBB,2013J,582474,F,Yorkshire Region,A Level or Equivalent,40-50%,35-55,0,60,N,Pass
oulad_final_result_1922,test,BBB,2014B,633130,M,Ireland,Lower Than A Level,80-90%,0-35,0,60,N,Pass
oulad_final_result_1288,valid,BBB,2013J,535833,F,South West Region,Lower Than A Level,20-30%,0-35,0,60,N,Pass
oulad_final_result_0898,train,FFF,2014J,678946,M,London Region,HE Qualification,20-30%,0-35,0,60,N,Pass
oulad_final_result_0047,train,FFF,2014B,624243,M,West Midlands Region,Lower Than A Level,0-10%,0-35,0,90,Y,Withdrawn
oulad_final_result_1736,train,DDD,2013B,548959,F,Wales,A Level or Equivalent,80-90%,0-35,0,60,N,Fail
oulad_final_result_0839,train,BBB,2014B,2570092,F,West Midlands Region,A Level or Equivalent,0-10%,0-35,0,60,N,Distinction
oulad_final_result_0692,train,DDD,2013J,1723019,F,South Region,HE Qualification,60-70%,35-55,0,120,N,Fail
oulad_final_result_0488,train,BBB,2013J,2529306,F,London Region,No Formal quals,50-60%,0-35,1,60,N,Fail
oulad_final_result_1104,train,BBB,2013J,575207,M,East Anglian Region,Lower Than A Level,10-20,35-55,0,120,N,Withdrawn
oulad_final_result_1738,train,BBB,2014J,572538,F,East Anglian Region,Lower Than A Level,80-90%,0-35,0,60,Y,Pass
oulad_final_result_1623,train,GGG,2014J,685535,F,East Anglian Region,A Level or Equivalent,30-40%,0-35,0,30,N,Pass
oulad_final_result_0364,train,DDD,2013B,403902,F,South West Region,Lower Than A Level,50-60%,0-35,0,60,N,Fail
oulad_final_result_1239,valid,FFF,2013J,581770,M,East Anglian Region,A Level or Equivalent,30-40%,0-35,0,60,N,Pass
oulad_final_result_1000,test,FFF,2014B,614973,M,East Midlands Region,Lower Than A Level,40-50%,0-35,0,90,N,Fail
oulad_final_result_1936,train,FFF,2014J,71159,M,North Region,Lower Than A Level,,35-55,0,60,N,Pass
oulad_final_result_1276,train,AAA,2013J,2645733,F,South West Region,A Level or Equivalent,40-50%,0-35,0,180,N,Pass
oulad_final_result_0344,train,DDD,2014B,527323,F,London Region,Lower Than A Level,10-20,0-35,3,90,N,Fail
oulad_final_result_1692,train,BBB,2014J,655414,F,West Midlands Region,Lower Than A Level,60-70%,0-35,0,60,N,Withdrawn
oulad_final_result_1845,train,BBB,2014J,651394,F,Scotland,HE Qualification,60-70%,0-35,0,120,N,Fail
oulad_final_result_0483,train,DDD,2013B,559823,M,North Western Region,Lower Than A Level,40-50%,0-35,0,60,N,Fail
oulad_final_result_0615,train,CCC,2014J,2451523,F,South East Region,HE Qualification,40-50%,35-55,0,60,N,Distinction
oulad_final_result_0195,test,BBB,2014J,652044,M,Scotland,HE Qualification,50-60%,0-35,0,60,N,Pass
oulad_final_result_1613,train,CCC,2014J,582395,M,Wales,Lower Than A Level,40-50%,0-35,1,120,N,Withdrawn
oulad_final_result_1396,train,FFF,2014B,619118,M,Scotland,A Level or Equivalent,0-10%,0-35,0,60,N,Fail
oulad_final_result_0863,train,BBB,2014B,616414,F,East Midlands Region,Lower Than A Level,80-90%,0-35,0,60,N,Withdrawn
oulad_final_result_0161,train,DDD,2014J,599270,M,West Midlands Region,Lower Than A Level,20-30%,0-35,0,60,N,Withdrawn
oulad_final_result_0585,train,CCC,2014B,630540,F,East Midlands Region,Lower Than A Level,20-30%,0-35,0,90,N,Withdrawn
oulad_final_result_1585,train,BBB,2014B,616511,F,South West Region,A Level or Equivalent,80-90%,35-55,0,60,N,Distinction
oulad_final_result_0412,test,FFF,2013B,544847,M,Scotland,HE Qualification,0-10%,0-35,0,120,Y,Fail
oulad_final_result_0473,train,DDD,2013B,474451,M,North Western Region,Lower Than A Level,0-10%,0-35,0,60,Y,Fail
oulad_final_result_0998,test,FFF,2014J,682482,M,Yorkshire Region,Lower Than A Level,0-10%,0-35,0,120,N,Withdrawn
oulad_final_result_1591,valid,FFF,2014B,625812,M,South West Region,Lower Than A Level,40-50%,0-35,0,60,Y,Withdrawn
oulad_final_result_1586,train,BBB,2013J,604356,F,East Anglian Region,Lower Than A Level,40-50%,0-35,0,60,N,Pass
oulad_final_result_1727,train,GGG,2014B,619478,F,South Region,A Level or Equivalent,70-80%,35-55,0,30,N,Fail
oulad_final_result_1052,train,BBB,2013B,535468,F,East Anglian Region,A Level or Equivalent,70-80%,0-35,0,60,N,Pass
oulad_final_result_0277,train,AAA,2013J,402470,M,South West Region,Lower Than A Level,50-60%,35-55,0,60,N,Pass
oulad_final_result_0597,train,DDD,2014J,674193,M,Yorkshire Region,A Level or Equivalent,50-60%,0-35,0,60,N,Withdrawn
oulad_final_result_0748,train,CCC,2014J,654407,M,North Region,Lower Than A Level,0-10%,0-35,0,150,N,Withdrawn
oulad_final_result_0076,train,BBB,2013J,607080,F,Scotland,HE Qualification,40-50%,0-35,0,150,N,Withdrawn
oulad_final_result_1858,valid,FFF,2013J,587308,M,North Western Region,Lower Than A Level,0-10%,0-35,0,60,N,Fail
oulad_final_result_0576,train,CCC,2014J,677566,F,Yorkshire Region,A Level or Equivalent,30-40%,0-35,0,120,N,Withdrawn
oulad_final_result_1766,train,FFF,2014J,396834,M,South East Region,A Level or Equivalent,50-60%,0-35,0,240,N,Pass
oulad_final_result_1466,test,FFF,2014B,1744817,F,South West Region,A Level or Equivalent,30-40%,35-55,0,60,N,Distinction
oulad_final_result_1297,test,FFF,2014J,418201,M,West Midlands Region,A Level or Equivalent,0-10%,0-35,0,60,N,Fail
oulad_final_result_1771,train,FFF,2013J,579737,M,North Region,A Level or Equivalent,20-30%,0-35,0,60,N,Pass
oulad_final_result_1324,train,DDD,2013J,1345808,F,Scotland,HE Qualification,20-30%,35-55,0,60,N,Pass
oulad_final_result_0648,train,DDD,2014J,685474,M,North Region,HE Qualification,,0-35,0,90,N,Withdrawn
oulad_final_result_0279,train,CCC,2014B,503469,M,Yorkshire Region,A Level or Equivalent,90-100%,0-35,0,90,N,Fail
oulad_final_result_0744,valid,FFF,2013J,581412,M,Wales,Lower Than A Level,80-90%,0-35,0,150,N,Fail
oulad_final_result_1976,test,FFF,2013J,1876636,F,South West Region,A Level or Equivalent,60-70%,35-55,0,120,N,Pass
oulad_final_result_0845,train,FFF,2013B,2521655,M,East Anglian Region,A Level or Equivalent,10-20,0-35,0,60,Y,Pass
oulad_final_result_0112,valid,BBB,2014B,573853,F,Ireland,A Level or Equivalent,,35-55,0,60,N,Pass
oulad_final_result_1343,valid,BBB,2014J,699436,F,East Midlands Region,HE Qualification,60-70%,35-55,0,120,N,Distinction
oulad_final_result_1643,train,BBB,2014J,649905,F,Scotland,HE Qualification,20-30%,0-35,0,60,N,Pass
oulad_final_result_1313,train,FFF,2013B,548948,M,North Region,A Level or Equivalent,50-60%,0-35,0,120,N,Withdrawn
oulad_final_result_0426,train,DDD,2013B,559950,M,North Western Region,A Level or Equivalent,90-100%,0-35,0,60,N,Fail
oulad_final_result_0263,test,FFF,2013J,467243,F,North Region,A Level or Equivalent,20-30%,0-35,2,120,N,Fail
oulad_final_result_1025,test,EEE,2013J,605908,M,North Western Region,A Level or Equivalent,90-100%,0-35,0,60,N,Withdrawn
oulad_final_result_0011,train,FFF,2013B,543798,M,East Midlands Region,Lower Than A Level,90-100%,0-35,0,60,N,Pass
oulad_final_result_0628,train,DDD,2014B,611520,M,North Western Region,A Level or Equivalent,60-70%,0-35,0,60,N,Withdrawn
oulad_final_result_0017,train,AAA,2014J,1469279,F,East Anglian Region,HE Qualification,40-50%,35-55,0,120,N,Withdrawn
oulad_final_result_1790,valid,DDD,2013J,49530,M,East Anglian Region,A Level or Equivalent,30-40%,0-35,1,60,N,Withdrawn
oulad_final_result_1372,valid,FFF,2013B,522718,M,Yorkshire Region,Lower Than A Level,10-20,0-35,1,150,N,Pass
oulad_final_result_0501,test,BBB,2013B,1493476,M,Wales,HE Qualification,70-80%,35-55,0,60,N,Pass
oulad_final_result_0318,train,BBB,2014J,2292824,M,South Region,Lower Than A Level,60-70%,0-35,0,60,N,Withdrawn
oulad_final_result_1448,test,BBB,2014B,2303083,F,South East Region,A Level or Equivalent,90-100%,0-35,0,120,N,Fail
oulad_final_result_1909,test,CCC,2014J,445114,F,London Region,A Level or Equivalent,50-60%,35-55,0,210,N,Pass
oulad_final_result_1506,train,FFF,2014J,601820,M,North Region,HE Qualification,,0-35,0,120,N,Pass
oulad_final_result_1417,test,BBB,2013B,265958,F,North Western Region,Lower Than A Level,10-20,0-35,2,120,N,Withdrawn
oulad_final_result_1434,train,CCC,2014B,97486,M,North Western Region,HE Qualification,70-80%,35-55,0,60,N,Withdrawn
oulad_final_result_1009,train,BBB,2013J,605595,F,East Anglian Region,Lower Than A Level,70-80%,0-35,0,60,Y,Fail
oulad_final_result_0444,train,FFF,2014B,2322813,F,Scotland,A Level or Equivalent,50-60%,0-35,0,60,N,Withdrawn
oulad_final_result_1684,train,DDD,2014J,535220,M,East Anglian Region,Lower Than A Level,90-100%,0-35,1,60,N,Fail
oulad_final_result_1418,train,GGG,2013J,474272,M,North Western Region,Lower Than A Level,0-10%,35-55,0,45,Y,Fail
oulad_final_result_0005,train,BBB,2014J,629053,F,London Region,A Level or Equivalent,50-60%,35-55,0,120,N,Pass
oulad_final_result_0019,valid,DDD,2013B,240755,M,London Region,A Level or Equivalent,90-100%,0-35,0,90,N,Withdrawn
oulad_final_result_0975,valid,FFF,2013B,1689730,M,London Region,A Level or Equivalent,20-30%,35-55,1,120,N,Pass
oulad_final_result_0451,train,EEE,2013J,596432,F,South East Region,Lower Than A Level,40-50%,0-35,0,60,N,Withdrawn
oulad_final_result_1820,train,FFF,2013J,554586,M,London Region,A Level or Equivalent,70-80%,0-35,0,120,N,Pass
oulad_final_result_1817,train,CCC,2014J,679431,M,London Region,A Level or Equivalent,10-20,0-35,0,150,N,Distinction
oulad_final_result_0546,train,DDD,2013J,590918,M,North Western Region,Lower Than A Level,20-30%,0-35,0,120,N,Fail
oulad_final_result_0832,train,BBB,2014B,486994,F,East Anglian Region,A Level or Equivalent,80-90%,0-35,0,120,N,Distinction
oulad_final_result_1311,train,BBB,2014J,551237,F,West Midlands Region,Lower Than A Level,60-70%,35-55,0,60,N,Withdrawn
oulad_final_result_1827,train,FFF,2014J,136944,M,Scotland,A Level or Equivalent,40-50%,0-35,1,90,N,Pass
oulad_final_result_0719,train,BBB,2014J,678955,M,East Anglian Region,A Level or Equivalent,40-50%,0-35,0,60,N,Fail
oulad_final_result_1333,train,FFF,2013J,2642994,M,West Midlands Region,A Level or Equivalent,60-70%,35-55,2,120,N,Withdrawn
oulad_final_result_1033,test,DDD,2013B,2614272,F,Wales,HE Qualification,70-80%,35-55,0,60,N,Withdrawn
oulad_final_result_1108,train,CCC,2014B,607609,M,London Region,Lower Than A Level,10-20,0-35,0,90,N,Withdrawn
oulad_final_result_1327,train,DDD,2013J,526242,F,South West Region,A Level or Equivalent,40-50%,0-35,0,60,N,Pass
oulad_final_result_1679,test,DDD,2013J,39427,F,South Region,A Level or Equivalent,90-100%,0-35,0,60,N,Withdrawn
oulad_final_result_0602,train,EEE,2014B,407428,M,West Midlands Region,Lower Than A Level,30-40%,0-35,0,60,N,Fail
oulad_final_result_1914,train,FFF,2013B,527927,M,North Region,Lower Than A Level,,35-55,1,180,N,Withdrawn
oulad_final_result_1073,train,DDD,2013J,549113,M,London Region,A Level or Equivalent,40-50%,0-35,1,90,N,Pass
oulad_final_result_1423,train,BBB,2014B,623821,F,Wales,Lower Than A Level,10-20,0-35,0,60,N,Fail
oulad_final_result_0059,test,DDD,2014J,689346,F,North Western Region,A Level or Equivalent,0-10%,0-35,0,120,Y,Withdrawn
oulad_final_result_1040,train,DDD,2014J,548486,M,North Region,A Level or Equivalent,,0-35,1,60,N,Withdrawn
oulad_final_result_1572,train,DDD,2013B,524137,F,North Western Region,A Level or Equivalent,10-20,0-35,0,60,N,Withdrawn
oulad_final_result_1783,train,BBB,2013B,2591421,F,London Region,A Level or Equivalent,10-20,35-55,0,90,N,Withdrawn
oulad_final_result_0178,train,FFF,2013J,382125,M,North Region,Lower Than A Level,10-20,0-35,1,90,N,Withdrawn
oulad_final_result_1891,valid,DDD,2013J,568045,M,East Anglian Region,Lower Than A Level,20-30%,35-55,0,120,N,Withdrawn
oulad_final_result_1784,train,FFF,2013J,585574,M,South Region,Lower Than A Level,10-20,0-35,0,120,N,Pass
oulad_final_result_1541,valid,CCC,2014J,632389,M,North Region,A Level or Equivalent,60-70%,0-35,0,60,N,Withdrawn
oulad_final_result_1894,valid,DDD,2013J,261495,F,South West Region,A Level or Equivalent,40-50%,0-35,0,90,Y,Withdrawn
oulad_final_result_0774,train,FFF,2014J,687351,M,Scotland,HE Qualification,30-40%,0-35,0,60,N,Pass
oulad_final_result_1240,valid,EEE,2014J,332945,M,South East Region,HE Qualification,50-60%,0-35,0,60,N,Pass
oulad_final_result_1720,train,BBB,2014J,596988,F,West Midlands Region,Lower Than A Level,20-30%,0-35,1,60,Y,Pass
oulad_final_result_1465,test,FFF,2013J,2523035,M,North Region,A Level or Equivalent,0-10%,35-55,0,90,N,Pass
oulad_final_result_1864,train,FFF,2013B,532476,M,North Region,A Level or Equivalent,40-50%,0-35,0,60,N,Withdrawn
oulad_final_result_0487,valid,BBB,2013J,617472,F,East Midlands Region,A Level or Equivalent,0-10%,0-35,0,120,N,Pass
oulad_final_result_0118,train,FFF,2014J,375527,M,South Region,A Level or Equivalent,30-40%,0-35,0,120,N,Pass
oulad_final_result_1337,test,BBB,2014B,613743,F,Wales,HE Qualification,70-80%,35-55,0,120,N,Pass
oulad_final_result_0955,test,DDD,2014J,623641,F,London Region,A Level or Equivalent,0-10%,35-55,0,60,N,Pass
oulad_final_result_0301,valid,FFF,2014B,622130,F,Yorkshire Region,A Level or Equivalent,10-20,0-35,0,120,N,Fail
oulad_final_result_0418,train,DDD,2014B,306944,F,South East Region,A Level or Equivalent,50-60%,0-35,2,120,N,Fail
oulad_final_result_1153,test,EEE,2013J,1073766,M,East Midlands Region,HE Qualification,80-90%,35-55,0,60,N,Pass
oulad_final_result_0079,train,CCC,2014J,631023,M,East Anglian Region,A Level or Equivalent,70-80%,0-35,1,60,N,Withdrawn
oulad_final_result_0687,test,GGG,2014B,622482,F,South West Region,Lower Than A Level,30-40%,35-55,0,30,N,Withdrawn
oulad_final_result_0285,test,FFF,2014J,578495,M,South East Region,HE Qualification,60-70%,0-35,0,60,N,Withdrawn
oulad_final_result_0414,test,DDD,2014J,636503,F,East Midlands Region,A Level or Equivalent,10-20,0-35,0,120,N,Fail
oulad_final_result_0542,train,CCC,2014B,124124,F,Scotland,Lower Than A Level,20-30%,0-35,0,60,N,Withdrawn
oulad_final_result_0838,train,EEE,2014B,626625,M,Scotland,A Level or Equivalent,50-60%,0-35,0,90,N,Pass
oulad_final_result_1107,test,FFF,2013B,523833,M,East Midlands Region,Lower Than A Level,80-90%,35-55,0,120,N,Pass
oulad_final_result_1384,train,BBB,2013J,592772,F,West Midlands Region,Lower Than A Level,0-10%,0-35,0,60,N,Pass
oulad_final_result_1593,train,DDD,2013B,534203,M,Yorkshire Region,Lower Than A Level,0-10%,0-35,0,60,N,Pass
oulad_final_result_0386,train,FFF,2014J,697998,M,East Anglian Region,Lower Than A Level,90-100%,35-55,0,120,N,Pass
oulad_final_result_0142,valid,FFF,2014B,627280,M,Scotland,A Level or Equivalent,50-60%,0-35,0,90,N,Withdrawn
oulad_final_result_0810,test,DDD,2014J,2333244,F,Wales,HE Qualification,60-70%,35-55,1,90,N,Pass
oulad_final_result_0550,train,DDD,2014B,187663,M,North Region,HE Qualification,10-20,0-35,0,60,N,Pass
oulad_final_result_0792,train,BBB,2014J,592815,F,West Midlands Region,No Formal quals,0-10%,0-35,1,60,N,Withdrawn
oulad_final_result_0002,train,BBB,2014B,628190,F,Scotland,Lower Than A Level,60-70%,35-55,0,60,N,Pass
oulad_final_result_1639,test,FFF,2014B,597378,M,Yorkshire Region,Lower Than A Level,70-80%,0-35,0,60,N,Withdrawn
oulad_final_result_1516,valid,FFF,2014J,649258,M,Wales,A Level or Equivalent,70-80%,0-35,0,120,N,Fail
oulad_final_result_0376,test,DDD,2014B,2686365,M,East Anglian Region,A Level or Equivalent,20-30%,0-35,1,120,N,Fail
oulad_final_result_1546,train,DDD,2014J,683718,M,Scotland,A Level or Equivalent,90-100%,35-55,0,90,N,Pass
oulad_final_result_0769,test,CCC,2014B,353660,M,West Midlands Region,A Level or Equivalent,60-70%,0-35,0,30,N,Withdrawn
oulad_final_result_0357,test,GGG,2014B,613981,F,North Western Region,Lower Than A Level,0-10%,0-35,0,30,N,Fail
oulad_final_result_0248,train,EEE,2014J,298148,M,London Region,HE Qualification,70-80%,0-35,0,80,N,Pass
oulad_final_result_0614,train,EEE,2013J,569560,M,West Midlands Region,A Level or Equivalent,40-50%,0-35,0,90,N,Pass
oulad_final_result_1949,valid,AAA,2014J,1484804,F,West Midlands Region,A Level or Equivalent,40-50%,35-55,0,60,N,Pass
oulad_final_result_1638,train,CCC,2014J,685212,M,West Midlands Region,HE Qualification,30-40%,35-55,0,120,N,Pass
oulad_final_result_1934,train,FFF,2013J,592538,M,North Region,Lower Than A Level,,0-35,0,60,N,Withdrawn
oulad_final_result_1935,train,CCC,2014J,578026,M,London Region,Lower Than A Level,80-90%,0-35,0,60,N,Withdrawn
oulad_final_result_0056,test,EEE,2013J,585464,M,South Region,A Level or Equivalent,80-90%,0-35,0,60,N,Pass
oulad_final_result_1517,train,BBB,2014J,635777,F,Wales,A Level or Equivalent,30-40%,0-35,1,60,N,Pass
oulad_final_result_1181,train,GGG,2014J,644188,F,Yorkshire Region,Lower Than A Level,50-60%,0-35,0,30,N,Pass
oulad_final_result_0667,train,GGG,2014J,260951,F,East Anglian Region,No Formal quals,70-80%,0-35,0,30,N,Fail
oulad_final_result_1203,valid,FFF,2013B,478660,M,East Midlands Region,A Level or Equivalent,60-70%,35-55,0,60,N,Pass
oulad_final_result_1655,valid,BBB,2013J,586742,F,South East Region,A Level or Equivalent,40-50%,0-35,0,120,N,Pass
oulad_final_result_1807,train,EEE,2014B,623609,M,North Western Region,Lower Than A Level,50-60%,35-55,0,60,N,Fail
oulad_final_result_0600,train,EEE,2013J,570488,M,East Midlands Region,A Level or Equivalent,10-20,0-35,0,60,N,Withdrawn
oulad_final_result_0761,train,DDD,2014B,2091387,M,London Region,HE Qualification,30-40%,35-55,0,90,N,Distinction
oulad_final_result_0223,valid,DDD,2013J,573709,M,East Midlands Region,HE Qualification,10-20,0-35,0,210,N,Withdrawn
oulad_final_result_1683,train,BBB,2014J,698509,F,Wales,HE Qualification,30-40%,35-55,0,120,N,Distinction
oulad_final_result_1763,test,BBB,2014J,677411,F,North Region,Lower Than A Level,30-40%,0-35,0,60,N,Withdrawn
oulad_final_result_1893,train,BBB,2014B,588484,F,Yorkshire Region,A Level or Equivalent,0-10%,0-35,0,60,N,Pass
oulad_final_result_1039,train,DDD,2013J,332726,F,South East Region,Lower Than A Level,30-40%,0-35,0,60,N,Fail
oulad_final_result_0281,train,BBB,2013J,333117,F,Ireland,A Level or Equivalent,20-30%,0-35,0,90,N,Withdrawn
oulad_final_result_0428,train,GGG,2014J,276893,F,South West Region,A Level or Equivalent,30-40%,0-35,0,30,Y,Pass
oulad_final_result_1600,test,BBB,2013J,514776,F,Scotland,Lower Than A Level,40-50%,0-35,2,60,Y,Fail
oulad_final_result_0402,train,BBB,2013B,549106,F,Scotland,A Level or Equivalent,60-70%,0-35,0,60,N,Fail
oulad_final_result_1267,test,DDD,2014J,2622441,M,London Region,Lower Than A Level,30-40%,35-55,0,120,N,Pass
oulad_final_result_0187,train,DDD,2013J,586823,M,South East Region,A Level or Equivalent,90-100%,0-35,0,60,N,Withdrawn
oulad_final_result_0182,train,EEE,2013J,580372,M,Yorkshire Region,HE Qualification,70-80%,0-35,0,60,N,Fail
oulad_final_result_1993,valid,FFF,2014J,573583,M,Scotland,Lower Than A Level,30-40%,0-35,0,60,N,Pass
oulad_final_result_0545,train,FFF,2013J,171692,F,Wales,A Level or Equivalent,0-10%,0-35,0,90,N,Fail
oulad_final_result_0003,train,DDD,2013B,477451,M,South Region,A Level or Equivalent,90-100%,0-35,0,60,Y,Pass
oulad_final_result_1300,train,DDD,2013J,599425,M,North Western Region,HE Qualification,10-20,0-35,0,150,N,Pass
oulad_final_result_1574,test,DDD,2013B,134025,M,London Region,A Level or Equivalent,60-70%,0-35,0,60,N,Distinction
oulad_final_result_0859,train,DDD,2013B,2332060,M,East Anglian Region,Lower Than A Level,50-60%,0-35,0,60,Y,Pass
oulad_final_result_1860,train,EEE,2014J,677776,F,East Midlands Region,A Level or Equivalent,60-70%,0-35,0,60,N,Withdrawn
oulad_final_result_1633,train,BBB,2014J,544177,F,South Region,Lower Than A Level,80-90%,0-35,0,120,N,Withdrawn
oulad_final_result_0702,train,CCC,2014J,528021,M,South Region,Lower Than A Level,90-100%,0-35,1,30,N,Withdrawn
oulad_final_result_1096,train,FFF,2014J,695825,M,North Region,Lower Than A Level,60-70%,0-35,0,60,N,Withdrawn
oulad_final_result_0581,train,FFF,2013J,395373,M,North Region,A Level or Equivalent,,0-35,2,120,N,Pass
oulad_final_result_0619,train,DDD,2013B,2648271,M,Scotland,A Level or Equivalent,80-90%,0-35,0,60,N,Withdrawn
oulad_final_result_1835,test,FFF,2013J,598962,M,South East Region,A Level or Equivalent,80-90%,0-35,0,120,N,Withdrawn
oulad_final_result_0846,test,DDD,2013J,580706,M,West Midlands Region,A Level or Equivalent,60-70%,0-35,0,60,N,Withdrawn
oulad_final_result_1490,train,AAA,2014J,146503,M,East Anglian Region,Lower Than A Level,30-40%,35-55,0,120,Y,Pass
oulad_final_result_0610,train,FFF,2014J,2343785,M,East Anglian Region,Lower Than A Level,70-80%,0-35,0,120,N,Pass
oulad_final_result_1458,train,BBB,2014J,693643,F,London Region,No Formal quals,20-30%,0-35,0,60,N,Withdrawn
oulad_final_result_0409,train,EEE,2014J,652302,M,Scotland,HE Qualification,70-80%,0-35,0,60,N,Pass
oulad_final_result_1305,valid,FFF,2014J,580926,M,North Western Region,Lower Than A Level,30-40%,0-35,2,120,Y,Fail
oulad_final_result_1289,train,GGG,2013J,1873505,F,North Region,Lower Than A Level,60-70%,35-55,0,60,N,Pass
oulad_final_result_0523,train,CCC,2014J,362140,M,East Midlands Region,A Level or Equivalent,80-90%,0-35,0,90,N,Pass
oulad_final_result_0573,train,CCC,2014B,634349,M,Scotland,A Level or Equivalent,0-10%,0-35,0,120,N,Fail
oulad_final_result_0912,train,DDD,2013J,1830562,M,Scotland,HE Qualification,20-30%,35-55,0,60,N,Fail
oulad_final_result_1223,train,FFF,2013B,368507,F,North Western Region,A Level or Equivalent,30-40%,0-35,0,60,N,Fail
oulad_final_result_1941,train,EEE,2014J,648834,M,Scotland,HE Qualification,80-90%,0-35,0,60,N,Withdrawn
oulad_final_result_0180,train,CCC,2014B,629628,M,Yorkshire Region,Lower Than A Level,50-60%,0-35,0,60,N,Withdrawn
oulad_final_result_1830,train,BBB,2013B,1997796,F,North Region,A Level or Equivalent,,35-55,0,60,N,Distinction
oulad_final_result_0160,test,AAA,2013J,318933,F,East Anglian Region,HE Qualification,80-90%,0-35,0,120,N,Pass
oulad_final_result_0654,valid,DDD,2013J,583871,F,South West Region,Lower Than A Level,30-40%,0-35,0,60,N,Pass
oulad_final_result_0485,train,BBB,2014J,636302,F,Scotland,A Level or Equivalent,50-60%,35-55,0,60,Y,Pass
oulad_final_result_1361,train,FFF,2013J,607866,M,South Region,Lower Than A Level,40-50%,0-35,0,60,Y,Withdrawn
oulad_final_result_0159,valid,FFF,2013B,554908,M,North Western Region,A Level or Equivalent,40-50%,35-55,0,60,N,Distinction
oulad_final_result_1261,valid,AAA,2013J,98094,M,Wales,Lower Than A Level,70-80%,35-55,0,60,N,Pass
oulad_final_result_0316,test,GGG,2014B,2677135,M,Yorkshire Region,Lower Than A Level,70-80%,0-35,0,30,N,Pass
oulad_final_result_1478,train,BBB,2014B,635241,F,Wales,A Level or Equivalent,60-70%,35-55,0,60,N,Pass
oulad_final_result_1358,test,BBB,2013B,534426,F,North Western Region,A Level or Equivalent,20-30%,0-35,0,60,N,Withdrawn
oulad_final_result_1822,train,FFF,2013J,581838,M,South Region,A Level or Equivalent,70-80%,0-35,0,90,N,Pass
oulad_final_result_0035,test,FFF,2013J,605621,M,South West Region,A Level or Equivalent,30-40%,0-35,0,120,N,Pass
oulad_final_result_1115,test,BBB,2013J,591787,F,London Region,Lower Than A Level,0-10%,35-55,0,60,N,Pass
oulad_final_result_1635,train,FFF,2013J,577404,F,London Region,A Level or Equivalent,10-20,0-35,0,120,N,Distinction
oulad_final_result_1178,train,BBB,2014B,2502127,F,Yorkshire Region,A Level or Equivalent,0-10%,0-35,0,60,N,Distinction
oulad_final_result_0801,train,DDD,2014B,583053,F,North Western Region,A Level or Equivalent,10-20,0-35,0,60,N,Pass
oulad_final_result_0666,train,BBB,2014B,628379,F,South Region,Lower Than A Level,20-30%,35-55,0,60,N,Fail
oulad_final_result_0431,train,GGG,2014B,632959,M,North Region,Lower Than A Level,20-30%,35-55,0,30,N,Distinction
oulad_final_result_0181,train,DDD,2013J,562758,F,North Western Region,A Level or Equivalent,0-10%,0-35,0,180,Y,Withdrawn
oulad_final_result_1401,train,DDD,2013J,469389,F,East Anglian Region,No Formal quals,70-80%,0-35,0,70,N,Withdrawn
oulad_final_result_0629,train,GGG,2014J,581957,F,North Western Region,Lower Than A Level,20-30%,0-35,0,30,N,Fail
oulad_final_result_0708,train,EEE,2014J,563534,M,Ireland,A Level or Equivalent,0-10%,35-55,0,60,N,Withdrawn
oulad_final_result_0360,test,DDD,2013B,246652,M,Wales,HE Qualification,10-20,35-55,0,120,N,Pass
oulad_final_result_0979,train,FFF,2013B,556251,M,North Western Region,A Level or Equivalent,60-70%,0-35,0,60,N,Pass
oulad_final_result_0433,valid,DDD,2013J,589723,F,South Region,A Level or Equivalent,60-70%,0-35,0,60,N,Pass
oulad_final_result_0351,train,BBB,2014J,646202,F,Scotland,HE Qualification,90-100%,0-35,0,60,N,Pass
oulad_final_result_1772,train,BBB,2014J,690003,M,Ireland,Lower Than A Level,60-70%,0-35,0,60,N,Pass
oulad_final_result_0741,valid,AAA,2014J,400682,F,London Region,A Level or Equivalent,20-30%,0-35,0,60,N,Pass
oulad_final_result_0001,train,DDD,2014B,2588543,F,North Western Region,A Level or Equivalent,30-40%,35-55,2,60,Y,Fail
oulad_final_result_0997,valid,FFF,2014B,341044,M,South West Region,No Formal quals,20-30%,0-35,1,90,N,Fail
oulad_final_result_1618,test,CCC,2014B,589525,F,East Midlands Region,A Level or Equivalent,60-70%,0-35,0,60,Y,Distinction
oulad_final_result_1714,train,DDD,2014J,445429,M,London Region,Lower Than A Level,70-80%,35-55,0,60,N,Pass
oulad_final_result_0817,train,BBB,2014B,617717,F,North Western Region,A Level or Equivalent,0-10%,35-55,0,60,N,Fail
oulad_final_result_1998,test,EEE,2014B,544052,M,Scotland,A Level or Equivalent,40-50%,0-35,0,30,N,Pass
oulad_final_result_0335,train,FFF,2013B,466329,F,South East Region,Lower Than A Level,60-70%,0-35,0,120,N,Fail
oulad_final_result_0390,train,FFF,2013J,515833,M,South Region,A Level or Equivalent,50-60%,0-35,0,60,N,Pass
oulad_final_result_1122,train,GGG,2013J,551389,F,South Region,Lower Than A Level,70-80%,0-35,0,30,N,Pass
oulad_final_result_1588,valid,BBB,2014B,574569,F,London Region,A Level or Equivalent,30-40%,0-35,0,120,N,Pass
oulad_final_result_0342,train,BBB,2013J,600856,F,East Midlands Region,A Level or Equivalent,20-30%,0-35,0,60,Y,Distinction
oulad_final_result_1089,train,DDD,2013J,562437,M,South East Region,A Level or Equivalent,50-60%,0-35,0,90,N,Pass
oulad_final_result_0478,train,DDD,2014J,2098108,M,South Region,Lower Than A Level,80-90%,35-55,0,120,Y,Fail
oulad_final_result_1168,train,DDD,2013B,467294,M,South East Region,A Level or Equivalent,40-50%,0-35,0,60,N,Pass
oulad_final_result_1547,train,CCC,2014B,592051,M,Scotland,HE Qualification,50-60%,35-55,0,120,Y,Withdrawn
oulad_final_result_1562,train,CCC,2014B,513934,M,London Region,Lower Than A Level,50-60%,0-35,0,60,N,Withdrawn
oulad_final_result_1716,train,BBB,2014J,73584,F,South West Region,Lower Than A Level,30-40%,0-35,1,60,N,Withdrawn
oulad_final_result_0877,train,BBB,2013B,2444703,F,West Midlands Region,Lower Than A Level,0-10%,0-35,2,120,N,Fail
oulad_final_result_0936,valid,EEE,2014J,2550960,F,Wales,A Level or Equivalent,90-100%,35-55,0,30,N,Pass
oulad_final_result_0208,train,BBB,2013B,548520,M,Wales,Lower Than A Level,10-20,35-55,0,60,N,Fail
oulad_final_result_0213,train,GGG,2014J,692018,F,South Region,A Level or Equivalent,90-100%,0-35,0,30,Y,Pass
oulad_final_result_1404,train,GGG,2014J,654062,F,North Western Region,Lower Than A Level,60-70%,0-35,0,30,N,Pass
oulad_final_result_1728,valid,GGG,2013J,2271264,F,East Midlands Region,A Level or Equivalent,90-100%,35-55,0,30,N,Pass
oulad_final_result_0981,train,BBB,2014B,551718,F,South East Region,A Level or Equivalent,60-70%,0-35,0,60,N,Fail
oulad_final_result_1050,train,GGG,2014J,636018,F,North Western Region,Lower Than A Level,0-10%,0-35,0,30,N,Pass
oulad_final_result_1148,train,FFF,2014J,682596,F,London Region,A Level or Equivalent,0-10%,35-55,0,60,N,Withdrawn
oulad_final_result_1183,train,EEE,2014J,697460,M,Scotland,HE Qualification,60-70%,0-35,0,60,N,Fail
oulad_final_result_0869,train,DDD,2013B,535747,F,Scotland,HE Qualification,40-50%,35-55,0,60,N,Withdrawn
oulad_final_result_1234,train,FFF,2013B,2000491,M,London Region,Lower Than A Level,20-30%,35-55,0,90,N,Pass
oulad_final_result_0948,train,CCC,2014J,615241,M,Yorkshire Region,A Level or Equivalent,90-100%,0-35,0,60,N,Distinction
oulad_final_result_1127,test,DDD,2014B,469425,M,East Anglian Region,HE Qualification,50-60%,0-35,0,120,N,Fail
oulad_final_result_0829,test,CCC,2014J,572746,M,West Midlands Region,Lower Than A Level,0-10%,0-35,0,30,N,Withdrawn
oulad_final_result_0731,train,CCC,2014B,1753458,M,North Region,HE Qualification,,35-55,0,60,N,Distinction
oulad_final_result_1426,test,BBB,2014B,610589,F,East Midlands Region,A Level or Equivalent,80-90%,0-35,0,180,Y,Withdrawn
oulad_final_result_0197,train,FFF,2013B,414258,F,Scotland,A Level or Equivalent,10-20,0-35,0,60,N,Fail
oulad_final_result_0495,train,FFF,2013J,594395,M,South East Region,A Level or Equivalent,30-40%,0-35,0,60,N,Withdrawn
oulad_final_result_0241,train,DDD,2014B,2544678,M,London Region,Lower Than A Level,70-80%,0-35,0,60,Y,Withdrawn
oulad_final_result_0374,train,BBB,2013J,305173,M,Wales,Lower Than A Level,10-20,0-35,2,60,N,Fail
oulad_final_result_1187,train,AAA,2014J,2474849,F,Scotland,A Level or Equivalent,0-10%,35-55,1,60,N,Withdrawn
oulad_final_result_1316,train,FFF,2013J,485671,M,East Anglian Region,Lower Than A Level,50-60%,0-35,1,150,Y,Pass
oulad_final_result_1636,valid,AAA,2013J,470588,M,South East Region,HE Qualification,90-100%,35-55,0,60,N,Withdrawn
oulad_final_result_1834,test,FFF,2014B,547884,M,South East Region,Lower Than A Level,50-60%,0-35,1,60,N,Fail
oulad_final_result_1155,test,BBB,2013B,554139,F,Scotland,HE Qualification,40-50%,0-35,0,60,N,Fail
oulad_final_result_1161,valid,BBB,2013J,2487785,F,Ireland,Lower Than A Level,80-90%,0-35,0,120,N,Withdrawn
oulad_final_result_0897,train,CCC,2014J,2533650,F,South West Region,Lower Than A Level,60-70%,0-35,0,60,N,Fail
oulad_final_result_0377,train,DDD,2013J,593973,M,South Region,Lower Than A Level,90-100%,0-35,0,90,N,Pass
oulad_final_result_1128,train,BBB,2013J,520286,F,Wales,Lower Than A Level,60-70%,35-55,0,60,N,Distinction
oulad_final_result_0970,train,FFF,2014B,613447,M,East Midlands Region,Lower Than A Level,10-20,0-35,0,120,Y,Fail
oulad_final_result_1626,test,AAA,2014J,369834,M,West Midlands Region,A Level or Equivalent,60-70%,0-35,0,60,N,Withdrawn
oulad_final_result_1875,test,DDD,2013J,2678587,M,East Midlands Region,Lower Than A Level,20-30%,0-35,0,60,N,Withdrawn
oulad_final_result_1883,train,BBB,2014J,685740,F,Yorkshire Region,Lower Than A Level,0-10%,0-35,0,60,N,Withdrawn
oulad_final_result_0104,train,FFF,2013B,382086,F,South East Region,Lower Than A Level,90-100%,0-35,0,180,N,Withdrawn
oulad_final_result_0737,train,AAA,2014J,2207874,F,West Midlands Region,Lower Than A Level,50-60%,0-35,0,120,N,Fail
oulad_final_result_1776,test,FFF,2014J,685952,M,London Region,A Level or Equivalent,70-80%,0-35,0,120,N,Fail
oulad_final_result_1100,train,BBB,2013B,25107,F,East Anglian Region,Lower Than A Level,20-30%,0-35,0,120,N,Pass
oulad_final_result_0787,train,DDD,2013J,508025,F,West Midlands Region,A Level or Equivalent,70-80%,0-35,0,120,N,Pass
oulad_final_result_0551,train,CCC,2014B,1568828,M,Wales,HE Qualification,80-90%,35-55,0,30,N,Distinction
oulad_final_result_1270,train,EEE,2014B,632700,M,London Region,A Level or Equivalent,0-10%,0-35,0,30,N,Pass
oulad_final_result_1882,train,DDD,2013J,555644,M,North Region,Lower Than A Level,20-30%,0-35,0,60,N,Fail
oulad_final_result_0092,train,GGG,2014J,688379,F,Scotland,Lower Than A Level,60-70%,0-35,0,30,N,Pass
oulad_final_result_0203,train,BBB,2014B,569864,F,London Region,Lower Than A Level,10-20,0-35,0,120,N,Pass
oulad_final_result_0358,train,BBB,2014J,598282,F,Ireland,Lower Than A Level,90-100%,0-35,1,60,N,Pass
oulad_final_result_0847,train,CCC,2014J,264723,M,East Midlands Region,Lower Than A Level,0-10%,0-35,0,90,N,Withdrawn
oulad_final_result_1353,train,BBB,2014B,613718,F,Ireland,A Level or Equivalent,90-100%,0-35,0,120,N,Pass
oulad_final_result_1722,test,DDD,2014B,586946,F,West Midlands Region,A Level or Equivalent,80-90%,0-35,0,120,N,Withdrawn
oulad_final_result_0612,train,EEE,2014B,624384,M,Yorkshire Region,Lower Than A Level,50-60%,0-35,0,30,N,Withdrawn
oulad_final_result_0416,train,GGG,2014B,628245,M,London Region,Lower Than A Level,80-90%,35-55,0,30,N,Fail
oulad_final_result_0538,train,DDD,2013B,1638119,M,Wales,A Level or Equivalent,80-90%,35-55,0,60,N,Fail
oulad_final_result_1504,train,DDD,2014J,633618,M,West Midlands Region,A Level or Equivalent,40-50%,0-35,1,90,N,Pass
oulad_final_result_0210,train,DDD,2014J,686871,M,Ireland,A Level or Equivalent,40-50%,0-35,0,60,N,Pass
oulad_final_result_0117,train,CCC,2014B,1644328,M,East Midlands Region,HE Qualification,60-70%,35-55,0,60,N,Withdrawn
oulad_final_result_1915,test,DDD,2013J,610603,F,North Region,A Level or Equivalent,20-30%,0-35,0,60,Y,Pass
oulad_final_result_0468,train,DDD,2014J,416276,M,West Midlands Region,Lower Than A Level,10-20,0-35,1,120,Y,Withdrawn
oulad_final_result_0295,train,FFF,2014J,697027,M,South West Region,Lower Than A Level,30-40%,0-35,0,120,N,Fail
oulad_final_result_1082,valid,GGG,2014B,618621,F,North Region,Lower Than A Level,70-80%,35-55,0,30,N,Pass
oulad_final_result_0802,train,FFF,2013B,537728,M,North Region,A Level or Equivalent,,0-35,0,90,N,Withdrawn
oulad_final_result_1902,train,FFF,2014B,557650,M,London Region,Lower Than A Level,30-40%,35-55,0,60,N,Pass
oulad_final_result_1694,train,EEE,2014B,618701,M,North Western Region,Lower Than A Level,0-10%,0-35,0,90,N,Withdrawn
oulad_final_result_0388,train,CCC,2014B,105523,M,Scotland,HE Qualification,60-70%,35-55,0,90,N,Pass
oulad_final_result_0935,train,BBB,2013B,545381,F,West Midlands Region,Lower Than A Level,20-30%,0-35,0,60,N,Fail
oulad_final_result_1198,test,BBB,2014B,506650,F,South West Region,A Level or Equivalent,80-90%,35-55,1,120,N,Pass
oulad_final_result_1105,valid,FFF,2013J,510534,M,South West Region,A Level or Equivalent,70-80%,0-35,0,60,N,Pass
oulad_final_result_0356,train,DDD,2014B,564081,M,East Anglian Region,Lower Than A Level,90-100%,0-35,0,60,N,Fail
oulad_final_result_0633,train,EEE,2014J,2151019,M,South West Region,Lower Than A Level,30-40%,35-55,0,60,N,Fail
oulad_final_result_1473,train,GGG,2013J,589126,F,South Region,A Level or Equivalent,70-80%,35-55,0,30,N,Distinction
oulad_final_result_0841,test,FFF,2013J,502696,M,South Region,A Level or Equivalent,80-90%,0-35,1,90,N,Withdrawn
oulad_final_result_1673,train,DDD,2013J,489209,F,East Midlands Region,A Level or Equivalent,90-100%,35-55,0,60,N,Pass
oulad_final_result_1502,test,EEE,2013J,581439,M,West Midlands Region,HE Qualification,70-80%,0-35,0,60,N,Fail
oulad_final_result_1843,test,DDD,2013B,511109,M,Yorkshire Region,HE Qualification,0-10%,0-35,1,120,N,Fail
oulad_final_result_0476,train,DDD,2014J,685639,M,West Midlands Region,HE Qualification,0-10%,0-35,0,60,N,Withdrawn
oulad_final_result_1016,train,GGG,2013J,598667,F,South East Region,A Level or Equivalent,80-90%,0-35,0,30,N,Pass
oulad_final_result_0911,train,BBB,2014J,577354,F,Wales,HE Qualification,70-80%,0-35,1,60,N,Withdrawn
oulad_final_result_1519,train,EEE,2013J,445972,M,East Anglian Region,Post Graduate Qualification,90-100%,0-35,0,60,N,Distinction
oulad_final_result_1819,valid,EEE,2014B,519589,M,Wales,A Level or Equivalent,20-30%,0-35,0,60,N,Fail
oulad_final_result_0401,train,EEE,2013J,609583,M,Wales,A Level or Equivalent,40-50%,0-35,0,90,N,Withdrawn
oulad_final_result_1162,valid,CCC,2014B,572854,F,South East Region,A Level or Equivalent,40-50%,0-35,0,90,N,Distinction
oulad_final_result_0878,train,BBB,2014J,656755,F,London Region,A Level or Equivalent,10-20,0-35,0,60,N,Fail
oulad_final_result_0116,train,FFF,2013B,552721,M,South West Region,Lower Than A Level,90-100%,0-35,0,60,N,Pass
oulad_final_result_0303,test,DDD,2014B,622630,M,London Region,A Level or Equivalent,0-10%,0-35,0,60,N,Withdrawn
oulad_final_result_0813,valid,GGG,2014J,571583,M,London Region,Lower Than A Level,80-90%,35-55,0,30,N,Distinction
oulad_final_result_1987,train,BBB,2013B,550278,F,North Region,Lower Than A Level,10-20,35-55,0,60,N,Withdrawn
oulad_final_result_1371,train,GGG,2014B,624679,F,East Anglian Region,Lower Than A Level,50-60%,35-55,0,30,Y,Fail
oulad_final_result_1258,train,DDD,2014B,579711,M,East Anglian Region,HE Qualification,80-90%,35-55,0,120,N,Pass
oulad_final_result_1774,test,BBB,2014J,2692969,F,Scotland,HE Qualification,80-90%,35-55,0,75,N,Pass
oulad_final_result_1249,train,BBB,2013B,552718,F,East Midlands Region,Lower Than A Level,70-80%,0-35,0,60,N,Fail
oulad_final_result_1836,train,DDD,2013J,477412,M,West Midlands Region,HE Qualification,10-20,0-35,0,60,N,Pass
oulad_final_result_0087,valid,BBB,2013J,579575,F,Ireland,Lower Than A Level,30-40%,0-35,0,75,N,Pass
oulad_final_result_1095,train,BBB,2014J,2487573,F,South East Region,Lower Than A Level,90-100%,35-55,0,150,N,Pass
oulad_final_result_1319,train,EEE,2014J,687023,F,London Region,A Level or Equivalent,0-10%,0-35,0,120,N,Pass
oulad_final_result_0266,test,BBB,2013J,2296908,F,South Region,Lower Than A Level,90-100%,0-35,0,60,N,Withdrawn
oulad_final_result_0497,train,FFF,2013B,484790,M,East Anglian Region,A Level or Equivalent,20-30%,0-35,1,180,N,Pass
oulad_final_result_0972,train,AAA,2014J,350939,M,East Anglian Region,Lower Than A Level,80-90%,0-35,0,60,N,Pass
oulad_final_result_0507,train,DDD,2013B,1584449,M,South Region,Lower Than A Level,90-100%,35-55,1,270,Y,Fail
oulad_final_result_1859,train,AAA,2014J,447481,M,Ireland,A Level or Equivalent,70-80%,0-35,0,60,N,Pass
oulad_final_result_1486,train,DDD,2014B,2465186,M,North Western Region,HE Qualification,40-50%,35-55,0,60,N,Fail
oulad_final_result_1731,train,CCC,2014J,627947,F,South Region,A Level or Equivalent,20-30%,35-55,1,60,N,Withdrawn
oulad_final_result_0588,train,BBB,2013B,510141,F,East Anglian Region,Lower Than A Level,60-70%,0-35,0,60,Y,Withdrawn
oulad_final_result_1329,train,BBB,2014B,468349,F,East Anglian Region,A Level or Equivalent,30-40%,0-35,1,60,N,Fail
oulad_final_result_0929,valid,EEE,2014B,2567038,M,Scotland,A Level or Equivalent,90-100%,0-35,0,60,N,Distinction
oulad_final_result_0091,train,CCC,2014B,2634238,M,Yorkshire Region,Lower Than A Level,30-40%,0-35,0,60,N,Fail
oulad_final_result_1726,test,DDD,2014J,442191,F,South East Region,Lower Than A Level,40-50%,0-35,0,120,Y,Withdrawn
oulad_final_result_0218,valid,EEE,2013J,601054,M,London Region,A Level or Equivalent,10-20,0-35,0,120,N,Withdrawn
oulad_final_result_1779,train,EEE,2014J,628717,M,London Region,A Level or Equivalent,30-40%,0-35,0,180,N,Withdrawn
oulad_final_result_1656,train,EEE,2014J,643077,M,Yorkshire Region,A Level or Equivalent,60-70%,35-55,0,60,N,Pass
oulad_final_result_0297,train,FFF,2014B,634007,M,North Western Region,A Level or Equivalent,30-40%,0-35,0,60,N,Withdrawn
oulad_final_result_0855,test,FFF,2013J,353790,M,London Region,Lower Than A Level,30-40%,0-35,0,60,N,Fail
oulad_final_result_1509,test,AAA,2013J,118983,M,East Midlands Region,HE Qualification,30-40%,0-35,0,120,N,Pass
oulad_final_result_0379,test,DDD,2013B,556093,F,West Midlands Region,A Level or Equivalent,60-70%,0-35,0,60,N,Withdrawn
oulad_final_result_0922,train,BBB,2014B,624738,M,Yorkshire Region,Lower Than A Level,10-20,0-35,0,60,N,Pass
oulad_final_result_0264,train,FFF,2013J,601021,M,Ireland,HE Qualification,20-30%,0-35,0,90,N,Pass
oulad_final_result_1965,train,BBB,2014J,637003,F,South East Region,Lower Than A Level,20-30%,0-35,0,60,N,Pass
oulad_final_result_1948,train,GGG,2014J,651943,F,London Region,Lower Than A Level,40-50%,35-55,0,30,N,Distinction
oulad_final_result_0064,valid,BBB,2014J,601874,F,Wales,Lower Than A Level,10-20,35-55,0,60,N,Fail
oulad_final_result_0072,train,BBB,2013J,477319,F,South Region,HE Qualification,60-70%,35-55,0,60,N,Withdrawn
oulad_final_result_1945,train,CCC,2014J,402378,M,Yorkshire Region,HE Qualification,70-80%,0-35,0,40,N,Pass
oulad_final_result_1907,train,FFF,2013B,49095,F,South West Region,HE Qualification,40-50%,0-35,2,150,N,Withdrawn
oulad_final_result_1960,train,FFF,2013J,608966,M,Wales,A Level or Equivalent,80-90%,0-35,0,60,N,Distinction
oulad_final_result_0803,train,CCC,2014J,634817,M,North Region,Lower Than A Level,80-90%,0-35,1,60,N,Withdrawn
oulad_final_result_0063,test,FFF,2014J,642740,M,West Midlands Region,A Level or Equivalent,90-100%,0-35,0,60,N,Distinction
oulad_final_result_1349,train,DDD,2014J,587375,M,East Anglian Region,A Level or Equivalent,50-60%,0-35,0,60,N,Pass
oulad_final_result_1059,train,FFF,2014J,383629,M,West Midlands Region,Lower Than A Level,70-80%,0-35,2,60,N,Pass
oulad_final_result_1900,train,GGG,2014J,693421,M,North Region,Lower Than A Level,10-20,0-35,0,30,Y,Distinction
oulad_final_result_1412,train,BBB,2014J,650090,F,East Anglian Region,A Level or Equivalent,80-90%,0-35,0,120,N,Withdrawn
oulad_final_result_0367,train,FFF,2013B,548741,M,Yorkshire Region,A Level or Equivalent,30-40%,0-35,0,60,N,Fail
oulad_final_result_1195,test,DDD,2014B,152320,M,South Region,A Level or Equivalent,80-90%,0-35,0,60,Y,Withdrawn
oulad_final_result_1135,train,EEE,2014J,195252,F,East Anglian Region,A Level or Equivalent,0-10%,0-35,0,50,N,Fail
oulad_final_result_1063,train,DDD,2014J,565006,F,North Western Region,A Level or Equivalent,50-60%,0-35,0,60,N,Fail
oulad_final_result_1029,test,DDD,2013J,2457907,M,North Western Region,A Level or Equivalent,60-70%,0-35,0,90,N,Pass
oulad_final_result_1017,train,EEE,2014J,1953275,M,West Midlands Region,Lower Than A Level,0-10%,35-55,0,60,N,Withdrawn
oulad_final_result_0500,valid,FFF,2014J,231980,M,South East Region,A Level or Equivalent,40-50%,0-35,0,120,N,Withdrawn
oulad_final_result_0273,train,EEE,2014J,2286544,M,South West Region,A Level or Equivalent,30-40%,0-35,0,30,N,Pass
oulad_final_result_1795,train,GGG,2014J,643659,F,Wales,Lower Than A Level,50-60%,35-55,0,30,Y,Fail
oulad_final_result_0287,valid,DDD,2013J,294364,M,West Midlands Region,Lower Than A Level,10-20,0-35,0,60,N,Fail
oulad_final_result_0207,valid,CCC,2014B,525332,M,London Region,Lower Than A Level,80-90%,0-35,0,60,Y,Fail
oulad_final_result_1969,train,GGG,2014J,140938,F,South West Region,A Level or Equivalent,30-40%,0-35,0,90,N,Withdrawn
oulad_final_result_1946,train,BBB,2014J,322574,F,South West Region,A Level or Equivalent,30-40%,0-35,0,60,Y,Fail
oulad_final_result_0716,train,GGG,2013J,593438,M,London Region,Lower Than A Level,40-50%,0-35,0,30,N,Fail
oulad_final_result_0562,train,FFF,2013J,234004,M,Yorkshire Region,A Level or Equivalent,50-60%,0-35,0,60,N,Fail
oulad_final_result_0369,test,DDD,2014B,620608,F,North Western Region,A Level or Equivalent,10-20,0-35,0,60,N,Fail
oulad_final_result_1750,train,DDD,2014J,577652,F,London Region,Lower Than A Level,70-80%,0-35,1,120,N,Pass
oulad_final_result_1302,train,AAA,2014J,2578676,M,North Region,Lower Than A Level,20-30%,35-55,0,120,N,Pass
oulad_final_result_0212,train,DDD,2013J,607073,F,North Region,Post Graduate Qualification,,35-55,0,60,N,Pass
oulad_final_result_1983,train,EEE,2013J,564444,M,London Region,Lower Than A Level,50-60%,0-35,0,60,N,Withdrawn
oulad_final_result_1603,train,FFF,2014J,595721,M,London Region,Lower Than A Level,50-60%,0-35,0,120,N,Pass
oulad_final_result_1662,train,BBB,2013B,471219,F,North Western Region,HE Qualification,50-60%,35-55,1,120,N,Fail
oulad_final_result_0135,train,FFF,2013B,408762,M,South Region,Lower Than A Level,80-90%,0-35,0,60,N,Withdrawn
oulad_final_result_1966,train,FFF,2013B,2533504,M,South East Region,HE Qualification,90-100%,35-55,1,120,N,Distinction
oulad_final_result_0962,valid,DDD,2014B,2043916,M,South East Region,Lower Than A Level,90-100%,35-55,1,120,N,Withdrawn
oulad_final_result_0957,test,CCC,2014B,553021,M,Ireland,A Level or Equivalent,10-20,0-35,0,60,N,Distinction
oulad_final_result_0512,train,BBB,2013J,597078,M,North Western Region,A Level or Equivalent,10-20,35-55,0,60,N,Fail
oulad_final_result_1986,train,BBB,2014J,142324,F,East Anglian Region,Lower Than A Level,30-40%,35-55,1,120,N,Pass
oulad_final_result_0672,train,FFF,2013J,602312,M,Yorkshire Region,A Level or Equivalent,40-50%,0-35,0,120,Y,Pass
oulad_final_result_0413,train,BBB,2014B,633603,F,London Region,Lower Than A Level,20-30%,35-55,0,60,N,Fail
oulad_final_result_0124,train,DDD,2013J,420650,F,London Region,A Level or Equivalent,10-20,0-35,0,180,N,Withdrawn
oulad_final_result_1005,train,AAA,2013J,189879,M,Scotland,A Level or Equivalent,90-100%,0-35,0,120,N,Pass
oulad_final_result_0482,train,BBB,2014B,52426,F,Scotland,Lower Than A Level,70-80%,35-55,1,60,N,Fail
oulad_final_result_0284,test,FFF,2013J,170943,M,London Region,A Level or Equivalent,60-70%,0-35,1,150,N,Pass
oulad_final_result_1532,train,BBB,2013B,483952,F,East Anglian Region,Lower Than A Level,50-60%,0-35,0,120,N,Fail
oulad_final_result_0635,test,FFF,2014B,581598,M,South West Region,A Level or Equivalent,30-40%,0-35,0,60,N,Pass
oulad_final_result_0926,train,FFF,2014J,691288,F,Scotland,Lower Than A Level,20-30%,35-55,0,120,N,Fail
oulad_final_result_0044,train,DDD,2014J,678262,F,South West Region,A Level or Equivalent,60-70%,0-35,0,120,N,Withdrawn
oulad_final_result_0554,train,GGG,2014B,630770,F,Yorkshire Region,Lower Than A Level,80-90%,35-55,0,30,N,Distinction
oulad_final_result_0673,test,BBB,2014B,628525,F,London Region,Lower Than A Level,20-30%,0-35,0,60,N,Fail
oulad_final_result_1967,train,DDD,2013J,383978,M,Scotland,A Level or Equivalent,30-40%,0-35,0,60,N,Pass
oulad_final_result_1644,train,AAA,2013J,53025,M,North Region,Post Graduate Qualification,,55<=,0,60,N,Pass
oulad_final_result_0171,train,BBB,2013J,594208,F,Scotland,HE Qualification,10-20,0-35,0,60,N,Withdrawn
oulad_final_result_0896,train,AAA,2014J,623710,F,South East Region,A Level or Equivalent,20-30%,35-55,0,120,N,Withdrawn
oulad_final_result_1355,train,CCC,2014J,650511,M,South Region,A Level or Equivalent,70-80%,35-55,0,60,N,Distinction
oulad_final_result_0644,train,DDD,2014J,684632,F,South West Region,A Level or Equivalent,70-80%,0-35,0,60,N,Distinction
oulad_final_result_0938,train,CCC,2014J,2039190,F,North Region,Lower Than A Level,,35-55,0,120,N,Withdrawn
oulad_final_result_0994,valid,DDD,2013B,553964,M,North Western Region,Lower Than A Level,0-10%,0-35,0,60,N,Pass
oulad_final_result_1317,train,BBB,2014J,695148,F,Ireland,Lower Than A Level,70-80%,0-35,0,60,N,Pass
oulad_final_result_0244,valid,GGG,2014J,648110,F,London Region,Lower Than A Level,10-20,0-35,0,60,N,Withdrawn
oulad_final_result_1814,train,FFF,2013J,605905,M,South East Region,A Level or Equivalent,90-100%,0-35,0,120,N,Fail
oulad_final_result_1379,train,FFF,2013B,146679,M,West Midlands Region,Lower Than A Level,20-30%,0-35,1,210,N,Withdrawn
oulad_final_result_0763,train,CCC,2014J,205218,M,Scotland,Lower Than A Level,20-30%,35-55,0,50,N,Withdrawn
oulad_final_result_1150,train,BBB,2013B,502131,F,Scotland,Lower Than A Level,60-70%,0-35,1,120,N,Withdrawn
oulad_final_result_1810,train,EEE,2014J,646197,M,Scotland,Post Graduate Qualification,90-100%,0-35,0,60,N,Distinction
oulad_final_result_1631,train,FFF,2014B,559876,M,West Midlands Region,Lower Than A Level,20-30%,0-35,1,120,N,Distinction
oulad_final_result_1702,train,FFF,2013J,583149,M,London Region,A Level or Equivalent,10-20,0-35,0,60,N,Fail
oulad_final_result_1826,train,DDD,2013J,418397,M,South Region,Lower Than A Level,20-30%,0-35,0,60,Y,Pass
oulad_final_result_1360,train,CCC,2014J,2326041,M,Yorkshire Region,Lower Than A Level,70-80%,0-35,0,60,N,Withdrawn
oulad_final_result_0816,test,EEE,2014B,510266,M,Scotland,A Level or Equivalent,20-30%,35-55,0,60,N,Distinction
oulad_final_result_0062,train,EEE,2013J,397797,M,South Region,A Level or Equivalent,40-50%,0-35,0,60,N,Fail
oulad_final_result_0041,train,BBB,2014B,631444,F,Wales,A Level or Equivalent,20-30%,0-35,0,60,N,Withdrawn
oulad_final_result_1385,train,BBB,2014B,618951,F,South West Region,A Level or Equivalent,0-10%,0-35,0,60,N,Pass
oulad_final_result_0447,train,FFF,2014B,620004,M,Yorkshire Region,A Level or Equivalent,0-10%,0-35,0,60,Y,Withdrawn
oulad_final_result_1823,train,DDD,2014J,682385,F,East Anglian Region,Lower Than A Level,50-60%,35-55,0,60,Y,Fail
oulad_final_result_1729,train,CCC,2014J,46705,M,Ireland,HE Qualification,,35-55,0,60,N,Fail
oulad_final_result_0535,train,FFF,2014B,626530,M,Wales,HE Qualification,30-40%,35-55,0,60,N,Fail
oulad_final_result_1558,train,CCC,2014J,482751,F,Yorkshire Region,A Level or Equivalent,50-60%,0-35,0,90,N,Withdrawn
oulad_final_result_0795,train,FFF,2014B,613281,M,East Anglian Region,Lower Than A Level,60-70%,35-55,0,60,Y,Fail
oulad_final_result_0566,valid,BBB,2014J,2296716,F,Wales,A Level or Equivalent,10-20,35-55,0,60,N,Fail
oulad_final_result_1129,valid,CCC,2014B,634139,M,West Midlands Region,A Level or Equivalent,90-100%,0-35,0,120,N,Withdrawn
oulad_final_result_1226,train,CCC,2014J,612283,F,Scotland,Lower Than A Level,10-20,0-35,0,30,N,Withdrawn
oulad_final_result_1243,train,BBB,2013J,575794,F,Wales,HE Qualification,70-80%,0-35,0,60,N,Withdrawn
oulad_final_result_0024,train,FFF,2013J,588796,M,London Region,Lower Than A Level,30-40%,35-55,0,150,N,Withdrawn
oulad_final_result_0989,train,FFF,2014J,2613827,M,South East Region,Lower Than A Level,90-100%,35-55,1,120,N,Withdrawn
oulad_final_result_1707,test,FFF,2013J,2423002,M,East Anglian Region,Lower Than A Level,30-40%,0-35,0,90,N,Pass
oulad_final_result_1041,train,AAA,2014J,199636,M,East Anglian Region,A Level or Equivalent,30-40%,35-55,0,60,N,Pass
oulad_final_result_1552,train,GGG,2014J,679921,F,Wales,A Level or Equivalent,90-100%,0-35,0,30,N,Pass
oulad_final_result_1078,train,DDD,2014J,376758,M,Scotland,A Level or Equivalent,20-30%,0-35,0,60,N,Withdrawn
oulad_final_result_0865,test,GGG,2013J,601464,F,London Region,Lower Than A Level,20-30%,35-55,0,30,N,Pass
oulad_final_result_0322,test,BBB,2013B,443108,F,East Midlands Region,A Level or Equivalent,20-30%,0-35,0,60,N,Withdrawn
oulad_final_result_1303,train,EEE,2014J,597166,M,North Western Region,HE Qualification,10-20,0-35,0,60,N,Withdrawn
oulad_final_result_0149,test,CCC,2014B,492900,M,South West Region,A Level or Equivalent,70-80%,0-35,0,60,Y,Pass
oulad_final_result_1083,valid,BBB,2013J,611046,F,North Western Region,Lower Than A Level,30-40%,0-35,0,120,Y,Withdrawn
oulad_final_result_1230,test,FFF,2013J,579064,M,West Midlands Region,Lower Than A Level,10-20,0-35,0,60,N,Withdrawn
oulad_final_result_1375,train,DDD,2013J,529226,M,East Anglian Region,A Level or Equivalent,60-70%,0-35,1,60,N,Fail
oulad_final_result_1325,train,CCC,2014J,275882,M,South East Region,A Level or Equivalent,80-90%,35-55,0,60,N,Fail
oulad_final_result_1658,train,FFF,2013J,604799,M,West Midlands Region,Lower Than A Level,60-70%,0-35,0,120,N,Pass
oulad_final_result_1030,train,GGG,2013J,578555,M,London Region,Lower Than A Level,20-30%,0-35,0,30,N,Fail
oulad_final_result_1944,valid,GGG,2014B,617886,F,London Region,Lower Than A Level,20-30%,0-35,0,30,N,Pass
oulad_final_result_1803,valid,FFF,2014J,1318759,M,Scotland,HE Qualification,50-60%,35-55,0,60,N,Pass
oulad_final_result_0438,train,FFF,2014B,513701,M,North Western Region,A Level or Equivalent,0-10%,0-35,1,90,N,Pass
oulad_final_result_0134,train,FFF,2014J,693806,F,London Region,Lower Than A Level,30-40%,0-35,0,180,N,Distinction
oulad_final_result_1018,train,BBB,2013B,2575914,F,North Region,Lower Than A Level,0-10%,0-35,3,60,Y,Withdrawn
oulad_final_result_0786,train,FFF,2013J,564981,F,West Midlands Region,A Level or Equivalent,10-20,0-35,0,60,N,Distinction
oulad_final_result_1759,test,FFF,2014B,631083,M,North Western Region,A Level or Equivalent,0-10%,0-35,0,60,N,Fail
oulad_final_result_0760,train,FFF,2013B,537980,M,Scotland,HE Qualification,10-20,0-35,0,60,N,Pass
oulad_final_result_0768,valid,BBB,2013J,514864,F,West Midlands Region,Lower Than A Level,10-20,0-35,0,60,N,Pass
oulad_final_result_1169,train,CCC,2014B,586436,F,East Anglian Region,Lower Than A Level,50-60%,0-35,0,60,Y,Fail
oulad_final_result_0026,valid,DDD,2013B,546826,F,London Region,Lower Than A Level,50-60%,35-55,0,60,N,Pass
oulad_final_result_1788,train,FFF,2014J,681938,M,South West Region,A Level or Equivalent,90-100%,0-35,0,120,N,Distinction
oulad_final_result_0663,train,FFF,2013J,608747,M,East Midlands Region,A Level or Equivalent,10-20,0-35,0,60,N,Pass
oulad_final_result_1544,train,CCC,2014J,596620,F,East Midlands Region,Lower Than A Level,20-30%,0-35,0,120,Y,Withdrawn
oulad_final_result_0589,test,DDD,2013J,2589096,M,South Region,Lower Than A Level,30-40%,0-35,0,60,N,Withdrawn
oulad_final_result_0757,train,BBB,2014B,631081,F,West Midlands Region,A Level or Equivalent,80-90%,0-35,0,60,N,Pass
oulad_final_result_0941,test,FFF,2013B,520153,F,West Midlands Region,Lower Than A Level,40-50%,0-35,0,400,N,Withdrawn
oulad_final_result_0903,train,CCC,2014J,625218,F,South Region,A Level or Equivalent,90-100%,0-35,0,90,Y,Withdrawn
oulad_final_result_0623,train,AAA,2013J,415969,M,West Midlands Region,HE Qualification,0-10%,35-55,0,90,N,Withdrawn
oulad_final_result_1235,test,BBB,2014J,647764,F,South East Region,Lower Than A Level,60-70%,35-55,0,60,N,Pass
oulad_final_result_1373,train,FFF,2013J,502249,M,East Anglian Region,A Level or Equivalent,40-50%,0-35,1,60,Y,Pass
oulad_final_result_0467,train,BBB,2014J,652933,F,Yorkshire Region,Lower Than A Level,0-10%,0-35,0,240,N,Withdrawn
oulad_final_result_0641,train,DDD,2013J,607151,F,Scotland,A Level or Equivalent,50-60%,0-35,0,60,N,Distinction
oulad_final_result_0596,train,BBB,2013B,546837,F,London Region,A Level or Equivalent,10-20,0-35,0,60,N,Pass
oulad_final_result_1657,train,FFF,2013J,569507,F,South Region,A Level or Equivalent,80-90%,35-55,0,60,N,Pass
oulad_final_result_0105,train,BBB,2014J,632605,F,South Region,A Level or Equivalent,20-30%,0-35,1,60,N,Fail
oulad_final_result_1306,train,BBB,2014J,2363168,F,East Anglian Region,A Level or Equivalent,50-60%,35-55,0,60,N,Pass
oulad_final_result_1850,train,BBB,2014J,678213,F,South West Region,A Level or Equivalent,20-30%,0-35,0,60,Y,Withdrawn
oulad_final_result_1747,valid,GGG,2014J,649113,F,East Midlands Region,A Level or Equivalent,50-60%,0-35,0,30,N,Withdrawn
oulad_final_result_0436,train,DDD,2014J,689759,M,Scotland,Lower Than A Level,80-90%,0-35,0,120,N,Pass
oulad_final_result_0060,train,FFF,2013J,602469,F,Wales,A Level or Equivalent,80-90%,0-35,0,60,N,Pass
oulad_final_result_0754,train,FFF,2014B,609868,F,Wales,Lower Than A Level,10-20,0-35,0,90,N,Fail
oulad_final_result_1686,train,DDD,2014B,588749,M,Yorkshire Region,Lower Than A Level,50-60%,0-35,0,60,N,Withdrawn
oulad_final_result_1247,train,BBB,2013J,567958,M,West Midlands Region,Lower Than A Level,0-10%,35-55,0,60,Y,Pass
oulad_final_result_0037,train,GGG,2013J,2280643,F,West Midlands Region,A Level or Equivalent,60-70%,0-35,0,30,N,Pass
oulad_final_result_0128,valid,DDD,2013J,600842,M,North Western Region,A Level or Equivalent,30-40%,0-35,0,60,N,Withdrawn
oulad_final_result_0275,train,EEE,2013J,411381,M,East Anglian Region,A Level or Equivalent,80-90%,0-35,0,90,N,Withdrawn
oulad_final_result_1111,train,FFF,2014J,683243,M,West Midlands Region,A Level or Equivalent,40-50%,0-35,0,90,N,Fail
oulad_final_result_0930,train,EEE,2014J,652606,M,North Region,Lower Than A Level,30-40%,0-35,0,90,N,Withdrawn
oulad_final_result_1634,train,BBB,2014J,593476,F,London Region,A Level or Equivalent,0-10%,0-35,0,60,N,Pass
oulad_final_result_1266,train,DDD,2014J,653793,M,East Midlands Region,A Level or Equivalent,90-100%,0-35,0,120,N,Pass
oulad_final_result_1582,train,DDD,2013J,563971,M,North Western Region,Lower Than A Level,30-40%,35-55,0,60,N,Pass
oulad_final_result_1185,train,DDD,2014B,603302,M,South West Region,A Level or Equivalent,20-30%,0-35,1,120,Y,Distinction
oulad_final_result_0425,train,DDD,2013B,2547402,M,South East Region,Lower Than A Level,50-60%,0-35,2,180,Y,Pass
oulad_final_result_1985,test,FFF,2013J,601952,F,East Midlands Region,Lower Than A Level,0-10%,0-35,0,60,N,Pass
oulad_final_result_1920,test,GGG,2014B,626145,F,East Anglian Region,Lower Than A Level,50-60%,35-55,0,30,N,Distinction
oulad_final_result_1614,train,CCC,2014B,633178,F,Scotland,A Level or Equivalent,20-30%,0-35,0,60,N,Pass
oulad_final_result_1403,test,CCC,2014B,2641486,M,North Region,Lower Than A Level,20-30%,35-55,0,30,N,Pass
oulad_final_result_0214,train,DDD,2014B,618295,M,South Region,HE Qualification,80-90%,0-35,0,60,N,Pass
oulad_final_result_0144,train,EEE,2013J,575763,M,North Western Region,A Level or Equivalent,20-30%,0-35,0,30,N,Pass
oulad_final_result_0068,test,FFF,2014J,43958,M,Wales,A Level or Equivalent,90-100%,35-55,1,60,N,Fail
oulad_final_result_0952,train,AAA,2013J,195262,M,London Region,A Level or Equivalent,90-100%,0-35,0,60,N,Withdrawn
oulad_final_result_1533,test,EEE,2013J,43564,M,Scotland,HE Qualification,80-90%,35-55,0,60,N,Pass
oulad_final_result_0010,test,FFF,2014J,656565,F,London Region,No Formal quals,20-30%,0-35,0,60,N,Withdrawn
oulad_final_result_0448,test,CCC,2014B,596035,M,Scotland,A Level or Equivalent,50-60%,35-55,0,105,N,Withdrawn
oulad_final_result_0269,train,CCC,2014J,684514,M,Wales,A Level or Equivalent,10-20,0-35,0,150,N,Pass
oulad_final_result_0917,train,CCC,2014B,612805,M,South East Region,HE Qualification,30-40%,0-35,0,90,N,Withdrawn
oulad_final_result_0723,train,CCC,2014B,627160,F,London Region,Lower Than A Level,10-20,0-35,0,120,N,Withdrawn
oulad_final_result_0139,train,BBB,2013J,238825,F,East Anglian Region,A Level or Equivalent,60-70%,0-35,0,60,N,Withdrawn
oulad_final_result_0642,train,DDD,2014J,683648,F,Scotland,Lower Than A Level,70-80%,0-35,0,60,N,Pass
oulad_final_result_0179,train,BBB,2013B,542115,F,London Region,Lower Than A Level,30-40%,35-55,0,60,N,Fail
oulad_final_result_0235,valid,FFF,2013B,340496,M,South Region,A Level or Equivalent,90-100%,35-55,2,60,Y,Pass
oulad_final_result_1751,train,FFF,2013B,519600,F,London Region,A Level or Equivalent,30-40%,0-35,0,90,N,Withdrawn
oulad_final_result_0963,train,BBB,2014J,648082,F,East Anglian Region,Lower Than A Level,40-50%,0-35,0,120,N,Fail
oulad_final_result_0607,train,FFF,2014J,644818,M,Scotland,Lower Than A Level,20-30%,35-55,0,60,N,Pass
oulad_final_result_1483,valid,DDD,2013B,506785,M,East Midlands Region,A Level or Equivalent,70-80%,0-35,0,120,N,Pass
oulad_final_result_1081,train,EEE,2013J,577735,M,South East Region,A Level or Equivalent,50-60%,0-35,0,60,N,Pass
oulad_final_result_1831,train,FFF,2014J,677828,M,East Midlands Region,A Level or Equivalent,60-70%,0-35,0,120,N,Withdrawn
oulad_final_result_1007,train,AAA,2014J,1398979,F,South Region,A Level or Equivalent,90-100%,55<=,0,60,N,Withdrawn
oulad_final_result_1956,valid,CCC,2014J,586261,M,London Region,Lower Than A Level,70-80%,35-55,0,60,N,Pass
oulad_final_result_1092,train,FFF,2014J,653255,M,London Region,A Level or Equivalent,10-20,0-35,0,120,N,Withdrawn
oulad_final_result_0222,valid,FFF,2014B,618744,M,South East Region,Lower Than A Level,40-50%,0-35,0,90,Y,Withdrawn
oulad_final_result_0372,train,BBB,2013B,505595,F,London Region,Lower Than A Level,10-20,0-35,1,210,Y,Withdrawn
oulad_final_result_0696,valid,CCC,2014J,691069,F,North Region,Post Graduate Qualification,,35-55,0,90,N,Pass
oulad_final_result_0735,train,BBB,2014J,679967,F,Ireland,A Level or Equivalent,90-100%,0-35,0,60,N,Pass
oulad_final_result_1405,train,DDD,2013J,485980,M,East Midlands Region,Lower Than A Level,0-10%,35-55,0,210,N,Withdrawn
oulad_final_result_1551,train,BBB,2013J,601896,F,Scotland,Lower Than A Level,20-30%,0-35,0,60,N,Fail
oulad_final_result_0167,test,CCC,2014B,2188680,M,South West Region,Lower Than A Level,50-60%,0-35,0,60,N,Withdrawn
oulad_final_result_1479,train,GGG,2013J,528515,F,South West Region,Lower Than A Level,80-90%,35-55,0,30,N,Withdrawn
oulad_final_result_1597,train,BBB,2013J,119898,F,West Midlands Region,Lower Than A Level,30-40%,0-35,2,60,N,Pass
oulad_final_result_0366,valid,GGG,2013J,602026,F,London Region,Lower Than A Level,0-10%,0-35,0,30,N,Fail
oulad_final_result_0470,train,CCC,2014B,627374,M,West Midlands Region,Lower Than A Level,,0-35,0,60,N,Pass
oulad_final_result_0290,valid,CCC,2014B,624126,M,South Region,Lower Than A Level,90-100%,0-35,0,60,N,Withdrawn
oulad_final_result_1528,train,BBB,2014B,614742,F,South Region,A Level or Equivalent,40-50%,0-35,0,60,N,Pass
oulad_final_result_1606,test,DDD,2013B,2586026,M,South West Region,Lower Than A Level,50-60%,35-55,1,60,N,Fail
oulad_final_result_0745,test,BBB,2013B,537434,F,Ireland,A Level or Equivalent,20-30%,0-35,0,180,N,Pass
oulad_final_result_0950,train,BBB,2013J,280140,F,Scotland,Lower Than A Level,40-50%,0-35,2,60,Y,Fail
oulad_final_result_1165,train,BBB,2014J,586652,F,South East Region,HE Qualification,60-70%,0-35,0,90,N,Pass
oulad_final_result_1785,test,CCC,2014J,677641,M,North Western Region,HE Qualification,50-60%,35-55,0,60,N,Distinction
oulad_final_result_0373,train,FFF,2014B,629918,M,London Region,A Level or Equivalent,50-60%,0-35,0,60,N,Fail
oulad_final_result_1681,train,FFF,2014J,2693932,M,West Midlands Region,A Level or Equivalent,90-100%,0-35,1,120,N,Pass
oulad_final_result_0646,train,BBB,2013J,604147,F,Scotland,A Level or Equivalent,50-60%,35-55,0,60,N,Fail
oulad_final_result_0147,train,DDD,2013J,476906,F,East Midlands Region,A Level or Equivalent,30-40%,0-35,0,60,N,Withdrawn
oulad_final_result_1192,test,BBB,2013J,582123,F,South West Region,A Level or Equivalent,80-90%,0-35,0,60,N,Pass
oulad_final_result_1308,train,DDD,2014J,610828,M,East Anglian Region,A Level or Equivalent,80-90%,0-35,0,90,N,Fail
oulad_final_result_1438,train,EEE,2014J,196132,M,West Midlands Region,Lower Than A Level,70-80%,35-55,0,60,N,Pass
oulad_final_result_0797,train,FFF,2013B,497211,M,East Anglian Region,A Level or Equivalent,70-80%,0-35,0,60,N,Pass
oulad_final_result_1061,train,BBB,2014J,610470,F,London Region,Post Graduate Qualification,10-20,35-55,0,60,N,Pass
oulad_final_result_0953,valid,CCC,2014J,682738,F,Yorkshire Region,A Level or Equivalent,70-80%,0-35,0,90,N,Fail
oulad_final_result_1877,test,FFF,2013J,2452606,M,Ireland,HE Qualification,50-60%,0-35,1,90,N,Pass
oulad_final_result_0532,train,BBB,2014J,642595,F,South Region,A Level or Equivalent,70-80%,35-55,0,60,N,Pass
oulad_final_result_1952,valid,BBB,2013B,476457,F,North Region,Lower Than A Level,20-30%,0-35,1,120,N,Withdrawn
oulad_final_result_0340,train,EEE,2014J,560759,M,West Midlands Region,A Level or Equivalent,80-90%,0-35,0,60,N,Pass
oulad_final_result_1231,train,BBB,2014B,618957,F,London Region,Lower Than A Level,10-20,0-35,0,60,N,Withdrawn
oulad_final_result_0419,train,CCC,2014J,415631,M,East Anglian Region,A Level or Equivalent,80-90%,0-35,0,60,N,Pass
oulad_final_result_1298,train,DDD,2014J,656073,M,East Anglian Region,A Level or Equivalent,70-80%,35-55,0,60,N,Withdrawn
oulad_final_result_0313,train,EEE,2014B,627401,M,London Region,HE Qualification,40-50%,0-35,0,30,N,Distinction
oulad_final_result_1824,train,DDD,2013J,592577,M,South Region,A Level or Equivalent,,0-35,0,120,N,Pass
oulad_final_result_1190,train,CCC,2014J,364103,M,Scotland,A Level or Equivalent,50-60%,0-35,0,90,N,Pass
oulad_final_result_1380,train,DDD,2014B,567595,M,North Western Region,Lower Than A Level,10-20,0-35,0,60,N,Distinction
oulad_final_result_1615,test,CCC,2014J,695673,M,North Region,A Level or Equivalent,,0-35,0,150,N,Distinction
oulad_final_result_0840,train,BBB,2014J,635425,F,West Midlands Region,Lower Than A Level,50-60%,0-35,0,60,N,Withdrawn
oulad_final_result_1640,train,DDD,2014B,624156,M,West Midlands Region,A Level or Equivalent,0-10%,0-35,0,60,N,Pass
oulad_final_result_1841,valid,BBB,2013B,263499,F,Ireland,Lower Than A Level,40-50%,35-55,0,325,N,Pass
oulad_final_result_0205,train,GGG,2013J,597289,F,East Anglian Region,Lower Than A Level,0-10%,35-55,0,30,N,Fail
oulad_final_result_1778,train,EEE,2014J,674430,M,Wales,A Level or Equivalent,80-90%,0-35,0,60,Y,Pass
oulad_final_result_0520,train,EEE,2014J,284095,F,South West Region,HE Qualification,90-100%,0-35,0,120,N,Distinction
oulad_final_result_0895,train,DDD,2014B,616684,M,East Midlands Region,Lower Than A Level,90-100%,0-35,0,60,N,Withdrawn
oulad_final_result_0343,train,DDD,2014B,629921,F,Yorkshire Region,A Level or Equivalent,70-80%,0-35,0,60,N,Pass
oulad_final_result_1507,test,BBB,2014J,637238,F,South East Region,HE Qualification,20-30%,35-55,0,120,N,Pass
oulad_final_result_1799,valid,DDD,2014B,626885,M,North Region,A Level or Equivalent,50-60%,0-35,0,60,N,Pass
oulad_final_result_1142,train,BBB,2014B,611979,M,West Midlands Region,A Level or Equivalent,0-10%,0-35,0,60,N,Withdrawn
oulad_final_result_1488,train,FFF,2013J,155298,M,South Region,A Level or Equivalent,90-100%,0-35,0,60,N,Pass
oulad_final_result_1053,test,CCC,2014B,596157,M,London Region,Lower Than A Level,40-50%,0-35,0,240,N,Pass
oulad_final_result_0842,train,DDD,2013J,599585,M,Wales,HE Qualification,30-40%,35-55,0,60,N,Pass
oulad_final_result_1112,train,BBB,2013B,309709,M,South East Region,Lower Than A Level,90-100%,35-55,3,195,N,Pass
